,neighbor_num,isite,atom,x,y,z,front_index
0,0,28,Si1,0.0,0.0,0.0,
1,1,84,O1,5.551115123125783e-17,-3.0814879110195774e-33,1.6106690038366946,0.0
2,1,90,O1,-0.7592580600479386,-1.303677423604276,-0.5658220389039799,0.0
3,1,95,O1,1.5212114173274993,-6.162975822039155e-33,-0.521480485471563,0.0
4,1,92,O1,-0.7506326319251836,1.3231155762429117,-0.5214804854715627,0.0
5,2,22,Si1,0.5133165846143659,0.8813857603054623,2.8547683534947703,1.0
6,2,30,Si1,-1.102823634987985,-1.89359369469224,-2.0224816325672204,2.0
7,2,31,Si1,2.8830278522808377,-0.2715990122242051,-1.3342392050333218,3.0
8,2,31,Si1,-1.6588434976845425,2.373574071028317,-1.3342392050333216,4.0
