,neighbor_num,isite,atom,x,y,z,front_index
0,0,17,Si1,0.0,0.0,0.0,
1,1,33,O1,1.5165522804852507,0.0,-0.5355474547917564,0.0
2,1,71,O1,-0.7632326595539796,-1.313164118049502,-0.5350995035141486,0.0
3,1,68,O1,0.0,0.0,1.6100390926343726,0.0
4,1,67,O1,-0.7580053036993397,1.315241197169135,-0.5364647543349765,0.0
5,2,2,Si1,3.0119143348535142,-0.08609462211602126,-1.1163652174917114,1.0
6,2,19,Si1,-0.6006240196668434,-2.652862908756896,-1.413404592722191,2.0
7,2,23,Si1,-0.5050170461904028,-0.6915297836513713,2.9734042645926353,3.0
8,2,23,Si1,-2.020421491810834,1.9379008384380632,-1.317886912875076,4.0
