,neighbor_num,isite,atom,x,y,z,front_index
0,0,12,Si1,0.0,0.0,0.0,
1,1,63,O1,-8.326672684688674e-17,2.7755575615628914e-17,1.6081125809268442,0.0
2,1,52,O1,1.52362969311497,0.0,-0.5223094850552423,0.0
3,1,58,O1,-0.7814584764854986,1.3036774236042765,-0.5347429578649724,0.0
4,1,60,O1,-0.7367160432493772,-1.323115576242911,-0.5409627680881254,0.0
5,2,15,Si1,-0.327226560098126,0.27159901222420413,3.15989978189837,1.0
6,2,6,Si1,2.8669577301917215,-0.8813857603054625,-0.44017001425510005,2.0
7,2,14,Si1,-2.270813125070369,1.8935936946922403,-0.3873753670124441,3.0
8,2,15,Si1,-1.8000695094171526,-2.3735740710283166,-1.1365323432814978,4.0
