,neighbor_num,isite,atom,x,y,z,front_index
0,0,30,Si1,0.0,0.0,0.0,
1,1,90,O1,-0.7653173135418823,1.295020903326768,-0.5701806314924482,0.0
2,1,82,O1,0.0,2.240714720984708e-33,1.6096666864822768,0.0
3,1,93,O1,1.525692227105253,-4.023758127428156e-33,-0.5110283627398614,0.0
4,1,94,O1,-0.735858259690723,-1.336506413562736,-0.511028362739861,0.0
5,2,28,Si1,-1.1105965000069125,1.8792802112555238,-2.031558605037992,1.0
6,2,20,Si1,0.5808669509343036,-0.9829058224624118,2.7479958868407692,2.0
7,2,29,Si1,2.8923673542143007,0.27114471341581103,-1.3139640441725196,3.0
8,2,29,Si1,-1.6325435837528377,-2.4029377466937043,-1.3139640441725193,4.0
