,neighbor_num,isite,atom,x,y,z,front_index
0,0,1,Si1,0.0,0.0,0.0,
1,1,36,O1,1.5181590015152262,1.1102230246251565e-16,-0.5361148439739427,0.0
2,1,35,O1,-0.7582528253497076,-1.3152411971691331,-0.5361148439739427,0.0
3,1,65,O1,5.551115123125783e-17,0.0,1.6083351316746557,0.0
4,1,39,O1,-0.7587061033159239,1.313164118049503,-0.5414984949767597,0.0
5,2,7,Si1,2.63555918233605,0.6915297836513715,-1.4662888303621102,1.0
6,2,7,Si1,-1.9154440700928461,-1.9379008384380592,-1.4662888303621107,2.0
7,2,18,Si1,-0.049742842013628,0.08609462211601948,3.211763520091384,3.0
8,2,3,Si1,-1.5327431297193104,2.652862908756898,-0.09570921599924387,4.0
