,neighbor_num,isite,atom,x,y,z,front_index
0,0,20,Si1,0.0,0.0,0.0,
1,1,82,O1,-0.736946665950874,-1.3363568839871196,-0.5199649306166276,0.0
2,1,81,O1,5.551115123125783e-17,0.0,1.6081471461048533,0.0
3,1,78,O1,1.5150708300372722,5.551115123125783e-17,-0.5391638187929128,0.0
4,1,76,O1,-0.7832671883849949,1.2908190879010266,-0.5526471427038578,0.0
5,2,30,Si1,-0.48442407913534824,-2.916076511967946,-0.3417934354470993,1.0
6,2,27,Si1,-0.0001253151482062398,0.05790706263446277,3.2162058740305457,2.0
7,2,27,Si1,3.0300163449263384,0.057907062634463324,-1.0784160557649862,3.0
8,2,24,Si1,-0.9545524843568093,2.8857285594528785,-0.6735003212995125,4.0
