,neighbor_num,isite,atom,x,y,z,front_index
0,0,0,Si1,0.0,0.0,0.0,
1,1,38,O1,1.5188561767887656,4.303270415112699e-17,-0.5350995107774569,0.0
2,1,37,O1,-0.7562224631665639,1.3162670803667536,-0.5364647569897634,0.0
3,1,64,O1,-0.7620749398657388,-1.3111722292872101,-0.5355474460340329,0.0
4,1,34,O1,-1.1102230246251565e-16,-1.4296321056798328e-17,1.6100390914965417,0.0
5,2,2,Si1,2.5954137634545567,-0.8137924531166384,-1.4134045962991426,1.0
6,2,6,Si1,-0.6601877237215645,2.7206092681592366,-1.3178869214658713,2.0
7,2,19,Si1,-1.4390664900173145,-2.6472868951103736,-1.1163651946250082,3.0
8,2,6,Si1,0.8516524665354601,0.08912770005297266,2.9734042590345364,4.0
