,neighbor_num,isite,atom,x,y,z,front_index
0,0,31,Si1,0.0,0.0,0.0,
1,1,91,O1,-0.7653173191649042,1.295020894192744,-0.5701806446906449,0.0
2,1,92,O1,1.5256922327922526,6.52450617323024e-50,-0.5110283485005958,0.0
3,1,95,O1,-0.7358582455738208,-1.336506427827276,-0.5110283485005955,0.0
4,1,83,O1,0.0,-2.073077511045288e-50,1.6096666872167635,0.0
5,2,29,Si1,-1.1105964993858612,1.8792801831420571,-2.031558616761896,1.0
6,2,28,Si1,2.892367358369448,0.2711447217341738,-1.3139640333094438,2.0
7,2,28,Si1,-1.6325435627311389,-2.4029377669158376,-1.313964033309442,3.0
8,2,21,Si1,0.5808669482730248,-0.9829058038048368,2.7479959042868143,4.0
