,neighbor_num,isite,atom,x,y,z,front_index
0,0,27,Si1,0.0,0.0,0.0,
1,1,89,O1,-1.1102230246251565e-16,0.0,1.6099630022599587,0.0
2,1,81,O1,-0.7683264032605787,1.3140000000000003,-0.5218090207321989,0.0
3,1,78,O1,-0.7683264032605781,-1.3140000000000003,-0.5218090207321985,0.0
4,1,87,O1,1.516654579617416,0.0,-0.5355999741682123,0.0
5,2,25,Si1,0.8582431185710229,-1.1833635110003787e-16,2.971210021166632,1.0
6,2,20,Si1,-1.5662686702508346,2.6280000000000006,-0.9938570925168788,2.0
7,2,20,Si1,-1.5662686702508342,-2.628000000000001,-0.9938570925168784,3.0
8,2,23,Si1,2.85832337453322,-4.312798826790176e-16,-1.4215940763714827,4.0
