,neighbor_num,isite,atom,x,y,z,front_index
0,0,21,Si1,0.0,0.0,0.0,
1,1,83,O1,-0.7369466589436442,1.336356889130554,-0.5199649256725605,0.0
2,1,79,O1,8.326672684688674e-17,1.1102230246251565e-16,1.6081471461048535,0.0
3,1,80,O1,1.5150708300372733,0.0,-0.5391638187929113,0.0
4,1,77,O1,-0.7832671883849928,-1.290819087901027,-0.5526471427038568,0.0
5,2,31,Si1,-0.4844240833379949,2.916076520543788,-0.3417934384123459,1.0
6,2,26,Si1,-0.00012530814097766463,-0.05790705749102654,3.2162058789746113,2.0
7,2,26,Si1,3.0300163519335683,-0.05790705749102676,-1.0784160508209168,3.0
8,2,25,Si1,-0.9545524843568076,-2.8857285594528794,-0.6735003212995123,4.0
