,neighbor_num,isite,atom,x,y,z,front_index
0,0,17,Si1,0.0,0.0,0.0,
1,1,33,O1,0.0,0.0,1.608335131674659,0.0
2,1,71,O1,-0.7587061033159241,1.313164118049502,-0.5414984949767593,0.0
3,1,68,O1,1.518159001515227,0.0,-0.5361148439739406,0.0
4,1,67,O1,-0.7582528253497063,-1.315241197169135,-0.5361148439739406,0.0
5,2,2,Si1,-0.04974284201362955,0.08609462211602126,3.2117635200913854,1.0
6,2,19,Si1,-1.5327431297193113,2.652862908756896,-0.0957092159992432,2.0
7,2,23,Si1,2.6355591823360514,0.6915297836513713,-1.4662888303621064,3.0
8,2,23,Si1,-1.915444070092844,-1.9379008384380632,-1.4662888303621064,4.0
