,neighbor_num,isite,atom,x,y,z,front_index
0,0,8,Si1,0.0,0.0,0.0,
1,1,56,O1,0.0,3.4211388289180104e-49,1.6092155533230532,0.0
2,1,43,O1,-0.7663034101040962,-1.3059952559549228,-0.5453958392609354,0.0
3,1,44,O1,-0.7527481407935963,1.3144422644372133,-0.5415645260092187,0.0
4,1,40,O1,1.5142141608484354,1.1102230246251565e-16,-0.5453958392609357,0.0
5,2,10,Si1,0.426705506266089,-0.7451094483115022,2.9710948393830803,1.0
6,2,2,Si1,-1.4459665867960774,-2.7632809348626353,-0.6136090593084069,2.0
7,2,4,Si1,-1.5409549314805486,2.69080211529393,-0.2779286284278133,3.0
8,2,2,Si1,3.1150685551089863,-0.15129042295279005,-0.6136090593084074,4.0
