,neighbor_num,isite,atom,x,y,z,front_index
0,0,22,Si1,0.0,0.0,0.0,
1,1,69,O1,-0.7683234645100507,-1.3134744000000003,-0.5258177489934013,0.0
2,1,86,O1,1.5097752563644766,0.0,-0.5528466393125873,0.0
3,1,66,O1,-0.7683234645100504,1.3134744000000003,-0.5258177489934017,0.0
4,1,84,O1,0.0,0.0,1.6087628682714699,0.0
5,2,16,Si1,-0.7420896133550388,-2.628,-1.455097097814424,1.0
6,2,26,Si1,3.1090496211332397,-2.220446049250313e-16,-0.7243981534410027,2.0
7,2,16,Si1,-0.742089613355039,2.628000000000001,-1.4550970978144258,3.0
8,2,28,Si1,1.0211765308213625,0.0,2.8543362835384856,4.0
