,neighbor_num,isite,atom,x,y,z,front_index
0,0,1,Si1,0.0,0.0,0.0,
1,1,36,O1,1.5185546066933364,-4.679407662748605e-33,-0.5349932581830903,0.0
2,1,35,O1,-0.7572641823563944,1.3162670897768647,-0.5349932581830908,0.0
3,1,65,O1,-0.7583437040843826,-1.311172226151591,-0.5408180060086679,0.0
4,1,39,O1,-1.1102230246251565e-16,1.5552098880904018e-33,1.610358833367166,0.0
5,2,7,Si1,3.0874437091550693,0.08912769356589229,-0.1847597801359192,1.0
6,2,7,Si1,-1.462373941883976,2.7206092804848545,-0.18475978013591982,2.0
7,2,18,Si1,-1.5311133880728227,-2.647286894738383,-0.986344479930447,3.0
8,2,3,Si1,-0.4706737787657165,-0.813792457129381,2.91759342594008,4.0
