,neighbor_num,isite,atom,x,y,z,front_index
0,0,1,Si1,0.0,0.0,0.0,
1,1,11,O1,1.51349528072108,0.0,-0.5473490155257243,0.0
2,1,24,O1,1.1102230246251565e-16,-6.162975822039155e-33,1.614558072119451,0.0
3,1,20,O1,-0.7728656467813515,-1.3012865390797788,-0.5473490155257241,0.0
4,1,22,O1,-0.7607995584765127,1.3367251039051578,-0.48915730327626894,0.0
5,2,6,Si1,2.5885818354502157,-0.7972510632358853,-1.4422868120860077,1.0
6,2,0,Si1,-0.5899432754906966,1.0365305518941046,2.701984474907867,2.0
7,2,9,Si1,-0.6363904201847931,-2.6327499709905204,-1.442286812086007,3.0
8,2,2,Si1,-1.452438297644272,2.5519346228620456,0.31812172958439205,4.0
