,neighbor_num,isite,atom,x,y,z,front_index
0,0,3,Si1,0.0,0.0,0.0,
1,1,27,O1,-0.7187398576486573,1.3367251015043378,-0.5490936548440877,0.0
2,1,13,O1,-0.7775665029754164,-1.301286538716683,-0.5406501522863933,0.0
3,1,16,O1,1.1102230246251565e-16,-1.1675833872531677e-16,1.609428131219894,0.0
4,1,26,O1,1.5183194419979889,1.6920033433920173e-17,-0.5490936529941978,0.0
5,2,4,Si1,-0.1947989517929788,2.5519346206965783,-1.474052853880335,1.0
6,2,7,Si1,-1.5727461875503022,-2.6327499659174,-0.10795116045959724,2.0
7,2,8,Si1,-0.4759681728270829,-0.7972510586749217,2.9247908394334825,3.0
8,2,5,Si1,2.340294560768801,1.036530543694052,-1.4736942023617587,4.0
