,neighbor_num,isite,atom,x,y,z,front_index
0,0,27,Si1,0.0,0.0,0.0,
1,1,86,O1,-0.7484972293781831,-1.3291276729175778,-0.514647445072607,0.0
2,1,64,O1,-0.7541767229406193,1.307726150544488,-0.5607343833874693,0.0
3,1,78,O1,5.551115123125783e-17,0.0,1.6108761360321542,0.0
4,1,35,O1,1.5215571377828125,0.0,-0.5229680100263676,0.0
5,2,18,Si1,-1.5223815211374387,-2.074009523225343,-1.713523316109125,1.0
6,2,8,Si1,-0.38222793863487836,2.512709925034173,-1.5629030939425266,2.0
7,2,18,Si1,0.37374148508100036,-1.0825251484963392,2.744914568392282,3.0
8,2,3,Si1,3.06548908056546,0.43318575226213085,-0.6683633490403444,4.0
