,neighbor_num,isite,atom,x,y,z,front_index
0,0,27,Si1,0.0,0.0,0.0,
1,1,86,O1,-0.7709317676229113,-1.3058091243462284,-0.5405711853824835,0.0
2,1,64,O1,1.5203396140628729,0.0,-0.5309620710252623,0.0
3,1,78,O1,-0.7769888842191288,1.3103625748761794,-0.5236030192824197,0.0
4,1,35,O1,-1.6653345369377348e-16,0.0,1.6089225161730953,0.0
5,2,18,Si1,-0.7050831673969389,-2.8773142761331747,-0.8827476630348522,1.0
6,2,8,Si1,2.9785338352307487,-0.09663615590613972,0.14653699618428528,2.0
7,2,18,Si1,-2.317078416862709,1.7852108268848825,-0.5387664579869027,3.0
8,2,3,Si1,0.18677894346087304,0.534330762368868,3.1162777520682186,4.0
