,neighbor_num,isite,atom,x,y,z,front_index
0,0,23,Si1,0.0,0.0,0.0,
1,1,94,O1,-0.7883033581315635,1.2900893047154267,-0.5475171876478246,0.0
2,1,75,O1,1.514654189774633,0.0,-0.5406326891797607,0.0
3,1,83,O1,-0.7448114321457987,-1.330010939095645,-0.5233673597944745,0.0
4,1,91,O1,-1.1102230246251565e-16,-9.244463733058732e-33,1.6096736383823933,0.0
5,2,18,Si1,-0.9890758015558843,2.848588021463837,-0.8885448187972735,1.0
6,2,22,Si1,2.8255865749681073,0.586729036670393,-1.264280627192691,2.0
7,2,30,Si1,-0.4897603178396319,-2.374242350066251,-1.7231388443161761,3.0
8,2,30,Si1,-0.24931656786188716,-0.8275075774939172,2.9678941374920167,4.0
