,neighbor_num,isite,atom,x,y,z,front_index
0,0,17,Si1,0.0,0.0,0.0,
1,1,93,O1,-5.551115123125783e-17,1.1102230246251565e-16,1.6079576080706905,0.0
2,1,77,O1,-0.7543420114964311,-1.3244836128842619,-0.5237345222151779,0.0
3,1,85,O1,-0.7799812370206421,1.2970209070013505,-0.5481015041033509,0.0
4,1,72,O1,1.5081673182217457,0.0,-0.558473239698571,0.0
5,2,20,Si1,0.46308508325752035,0.4743179171309674,3.072915760546498,1.0
6,2,24,Si1,-0.2733740151933848,-2.7584736251525626,-1.078048834573134,2.0
7,2,24,Si1,-1.8890966311167139,1.8913156968941833,-1.5522763949003806,3.0
8,2,16,Si1,3.111717142705835,0.09769615419879174,-0.4840122360563997,4.0
