,neighbor_num,isite,atom,x,y,z,front_index
0,0,2,Si1,0.0,0.0,0.0,
1,1,50,O1,1.519072712145241,5.551115123125783e-17,-0.5343397005050956,0.0
2,1,34,O1,0.0,-1.1102230246251565e-16,1.6101290459197655,0.0
3,1,45,O1,-0.7771643570899585,1.327447699454897,-0.4840338874641431,0.0
4,1,41,O1,-0.7693594477559001,-1.310155967383982,-0.5248865918445013,0.0
5,2,10,Si1,2.929121319735698,-0.45516789421461606,0.09802728559795437,1.0
6,2,26,Si1,0.426097532371533,-0.3719632255933345,3.116354764317197,2.0
7,2,3,Si1,-1.9825340524479307,2.18641127684276,0.1560099447586759,3.0
8,2,3,Si1,-1.3571888529363116,-2.421706417684148,-1.526305954481353,4.0
