,neighbor_num,isite,atom,x,y,z,front_index
0,0,31,Si1,0.0,0.0,0.0,
1,1,39,O1,1.518954977071084,-2.465190328815662e-32,-0.5304785016188142,0.0
2,1,90,O1,-0.7645278185071726,-1.3058091243462282,-0.5495909492747091,0.0
3,1,68,O1,0.0,6.162975822039155e-33,1.6103891650642324,0.0
4,1,82,O1,-0.7505055707068037,1.3103625748761787,-0.5609039457338557,0.0
5,2,7,Si1,3.003605062968159,0.5343307623688685,-0.8511345530923582,1.0
6,2,22,Si1,-1.065859543379985,-2.8773142761331734,-0.3746053167345609,2.0
7,2,12,Si1,1.1203965681958135,-0.09663615590613879,2.7636657592480565,3.0
8,2,22,Si1,-1.2726046524719696,1.7852108268848812,-2.009875390328828,4.0
