,neighbor_num,isite,atom,x,y,z,front_index
0,0,30,Si1,0.0,0.0,0.0,
1,1,91,O1,1.5131557271137697,9.325542161182242e-33,-0.5495909492747098,0.0
2,1,38,O1,-0.7674579121118146,1.310813707399336,-0.5304785016188142,0.0
3,1,83,O1,-0.7516087071186617,-1.3097301404035444,-0.5609039457338547,0.0
4,1,69,O1,0.0,-2.783655080526285e-32,1.6103891650642337,0.0
5,2,23,Si1,3.021567724323164,0.5339686293992394,-0.37460531673456,1.0
6,2,6,Si1,-1.9786949602862494,2.322050600663014,-0.8511345530923596,2.0
7,2,23,Si1,-0.8975962642273116,-2.0002053005542924,-2.009875390328828,3.0
8,2,13,Si1,-0.4826905499111067,1.0156952543355642,2.763665759248059,4.0
