,neighbor_num,isite,atom,x,y,z,front_index
0,0,6,Si1,0.0,0.0,0.0,
1,1,38,O1,0.0,-5.551115123125783e-17,1.610129045919766,0.0
2,1,43,O1,-0.7419285608499195,-1.325882585042238,-0.5248865918445017,0.0
3,1,54,O1,-0.7674935260804179,1.3109292857392991,-0.5343397005050959,0.0
4,1,47,O1,1.5382138449250637,5.551115123125783e-17,-0.4840338874641454,0.0
5,2,30,Si1,-0.5362775439971543,0.179783603510682,3.1163547643171956,1.0
6,2,7,Si1,-1.4041804510434002,-2.394765294740744,-1.5263059544813538,2.0
7,2,14,Si1,-1.8727046768143853,2.297804759132398,0.09802728559795593,3.0
8,2,7,Si1,2.88848097190496,-0.6062286825644144,0.1560099447586742,4.0
