,neighbor_num,isite,atom,x,y,z,front_index
0,0,6,Si1,0.0,0.0,0.0,
1,1,38,O1,1.5358828948749645,6.162975822039155e-33,-0.48330040114300965,0.0
2,1,43,O1,-0.7233822110053713,1.325882585042238,-0.5501655210061329,0.0
3,1,54,O1,-0.7400730631544028,-1.3109292857392991,-0.5717141674862429,0.0
4,1,47,O1,5.551115123125783e-17,-3.0814879110195774e-33,1.6125726764809083,0.0
5,2,30,Si1,2.8116832226655344,-0.17978360351068212,-1.446961670763693,1.0
6,2,7,Si1,-1.8774073983451367,2.394765294740744,-0.8812911360138758,2.0
7,2,14,Si1,-0.4686087070212743,-2.297804759132398,-1.8157747754025066,3.0
8,2,7,Si1,1.0158297697601797,0.6062286825644145,2.7084592126870968,4.0
