,neighbor_num,isite,atom,x,y,z,front_index
0,0,3,Si1,0.0,0.0,0.0,
1,1,41,O1,1.510379572331838,0.0,-0.550165521006133,0.0
2,1,45,O1,1.1102230246251565e-16,0.0,1.6125726764809079,0.0
3,1,51,O1,-0.7963446033611941,-1.277528474717173,-0.5717141674862455,0.0
4,1,35,O1,-0.7355967895041695,1.3482706071262778,-0.48330040114300793,0.0
5,2,2,Si1,3.0014049430860936,-0.5011264549733275,-0.8812911360138762,1.0
6,2,2,Si1,0.0456539992821835,1.1820909647926172,2.7084592126870968,2.0
7,2,11,Si1,-1.7926858658444051,-1.5118790354354854,-1.8157747754025086,3.0
8,2,27,Si1,-1.5044520045522811,2.382122762308603,-1.4469616707636908,4.0
