,neighbor_num,isite,atom,x,y,z,front_index
0,0,18,Si1,0.0,0.0,0.0,
1,1,73,O1,-1.1102230246251565e-16,-3.0814879110195774e-33,1.608247810261711,0.0
2,1,78,O1,-0.7530923462805554,1.3244836128842628,-0.5255298640820425,0.0
3,1,94,O1,1.5078951751742735,0.0,-0.5583724653298741,0.0
4,1,86,O1,-0.7848463500749114,-1.2970209070013516,-0.5411119992004386,0.0
5,2,19,Si1,0.6266691682973975,-0.09769615419879085,3.086152487218855,1.0
6,2,27,Si1,-1.1058930597115317,2.758473625152564,0.11799653549705497,2.0
7,2,23,Si1,3.04249862315149,-0.4743179171309677,-0.6328200327675843,3.0
8,2,27,Si1,-2.1116785744397073,-1.8913156968941844,-1.232502205317993,4.0
