,neighbor_num,isite,atom,x,y,z,front_index
0,0,15,Si1,0.0,0.0,0.0,
1,1,55,O1,1.5222565052071586,0.0,-0.5272931112380457,0.0
2,1,63,O1,1.3877787807814457e-17,2.220446049250313e-16,1.6103661080864846,0.0
3,1,71,O1,-0.7797123787852791,-1.3082708174461823,-0.5245474181932621,0.0
4,1,60,O1,-0.7428354922704239,1.3196734868292859,-0.547276346720659,0.0
5,2,7,Si1,2.8223037321133546,0.8904546839063784,-0.19552740468765756,1.0
6,2,12,Si1,-0.7497645133213474,-0.4689179014878999,2.956034438814717,2.0
7,2,28,Si1,-2.265955703555325,-1.9068750443811266,-0.36297074280855157,3.0
8,2,12,Si1,-0.7366069784505201,2.927442621663878,-0.6384827980409231,4.0
