,neighbor_num,isite,atom,x,y,z,front_index
0,0,10,Si1,0.0,0.0,0.0,
1,1,36,O1,1.5184285616662645,-2.5905131980045006e-49,-0.5345626210621508,0.0
2,1,46,O1,-0.7596322548398753,-1.3125201421046062,-0.5375261369350899,0.0
3,1,38,O1,0.0,6.162975822039155e-33,1.6104601674716483,0.0
4,1,24,O1,-0.7537209594100901,1.3176718378631789,-0.5360262063311608,0.0
5,2,16,Si1,2.810764096047086,-0.8201566583078241,-1.034378919991737,1.0
6,2,2,Si1,-1.297886934366994,-2.1027339004782264,-1.831561969998834,2.0
7,2,0,Si1,-0.8871772389181926,0.24094170161169998,2.932748182309096,3.0
8,2,7,Si1,-2.1594472320042644,2.048488012548349,-0.8215429592242147,4.0
