,neighbor_num,isite,atom,x,y,z,front_index
0,0,17,Si1,0.0,0.0,0.0,
1,1,37,O1,-0.7579090701735007,-1.3162255490131545,-0.5345358370802238,0.0
2,1,34,O1,1.518840299217215,4.680288020807204e-33,-0.5345358370802227,0.0
3,1,51,O1,-0.7600040814179104,1.3146218096130449,-0.531743993310757,0.0
4,1,58,O1,0.0,2.309788256745136e-32,1.61043668310714,0.0
5,2,11,Si1,-1.3162901421079782,-2.1879089514528673,-1.7673217508426744,1.0
6,2,8,Si1,2.552875309207162,0.04891803040454606,-1.7673217508426737,2.0
7,2,13,Si1,-1.2655845122462437,2.1891527195530025,-1.7840109361097976,3.0
8,2,19,Si1,0.4014368302535811,-0.6943878659818622,2.9827811339138197,4.0
