,neighbor_num,isite,atom,x,y,z,front_index
0,0,16,Si1,0.0,0.0,0.0,
1,1,36,O1,-0.7557359045044441,-1.3149180000000005,-0.5407941439998611,0.0
2,1,33,O1,-0.7557359045044427,1.3149180000000007,-0.5407941439998601,0.0
3,1,52,O1,-1.1102230246251565e-16,-7.6803784048090315e-19,1.6089090675179816,0.0
4,1,57,O1,1.51993994658202,2.3260748091383647e-18,-0.5322488698185783,0.0
5,2,10,Si1,-2.0762940862171586,-2.2346049000000012,-0.5818378694730874,1.0
6,2,7,Si1,-2.076294086217156,2.2346049000000017,-0.5818378694730854,2.0
7,2,14,Si1,-0.8480407746928766,4.415124286847922e-16,2.9761746702045517,3.0
8,2,19,Si1,2.5500810802404708,-2.1773634981460066e-16,-1.742812617819602,4.0
