,neighbor_num,isite,atom,x,y,z,front_index
0,0,18,Si1,0.0,0.0,0.0,
1,1,55,O1,0.0,0.0,1.589545644726876,0.0
2,1,53,O1,1.3765869065539331,0.0,-0.7947728178125367,0.0
3,1,54,O1,-1.3765869007457532,0.0,-0.794772818774004,0.0
4,2,14,Si1,0.8126175884908986,0.0,2.979926513194789,1.0
5,2,12,Si1,2.174383267142122,0.0,-2.1937107248231182,2.0
6,2,13,Si1,-2.9870008498248426,0.0,-0.7862157802313363,3.0
