,neighbor_num,isite,atom,x,y,z,front_index
0,0,0,Si1,0.0,0.0,0.0,
1,1,10,O1,-0.7663237779563441,1.3180049942035483,-0.5219273431947983,0.0
2,1,12,O1,-5.551115123125783e-17,-5.551115123125783e-17,1.6114581747538965,0.0
3,1,21,O1,-0.7502605720722636,-1.3180049942035483,-0.5447654157795496,0.0
4,1,23,O1,1.516584350028608,1.1102230246251565e-16,-0.544765415779549,0.0
5,2,2,Si1,-1.4729268161481737,2.533295919587421,0.269893969124344,1.0
6,2,4,Si1,-0.6054063091575931,1.0412420466972672,2.6850032732788662,2.0
7,2,8,Si1,-0.2439297685965407,-2.5332959195874203,-1.4774486212016058,3.0
8,2,6,Si1,2.322262893902309,-1.0412420466972678,-1.4774486212016051,4.0
