,neighbor_num,isite,atom,x,y,z,front_index
0,0,3,Si1,0.0,0.0,0.0,
1,1,23,O1,1.5064672733920266,-1.232595164407831e-32,-0.5597358954138911,0.0
2,1,35,O1,-0.7374120243438618,-1.32786960413024,-0.534118327549323,0.0
3,1,27,O1,1.1102230246251565e-16,6.162975822039155e-33,1.612570555112551,0.0
4,1,29,O1,-0.7944214262232364,1.3011917213651374,-0.5255268756441184,0.0
5,2,17,Si1,3.012934546784053,-9.992007221626409e-16,-1.1194717908277827,1.0
6,2,9,Si1,-2.112506937476507,-2.1650068788152326,-0.5326549842180696,2.0
7,2,6,Si1,-0.9578772394756274,0.3650065920389784,2.857409973302158,3.0
8,2,4,Si1,-2.0807936014367425,2.204243835318814,-0.16479525582646704,4.0
9,3,59,O1,3.750346571127914,1.3278696041302387,-0.5853534632784597,5.0
10,3,50,O1,3.0129345467840523,-9.43689570931383e-16,-2.732042345940334,5.0
11,3,44,O1,3.8073559730072892,-1.3011917213651387,-0.5939449151836643,5.0
12,3,33,O1,-3.209420896764134,-1.3843625871754086,0.34998947082263243,6.0
13,3,36,O1,-2.648808127510634,-2.3233018012950706,-2.042294255451128,6.0
14,3,38,O1,-1.8543867012873974,-3.624493522660208,0.09580317530554172,6.0
15,3,31,O1,-2.4720088724202727,-0.05649298304516794,2.4966783534845063,7.0
16,3,22,O1,-0.4658955959760549,-0.39651795250277433,4.1843547155337015,7.0
17,3,38,O1,-0.8958031249778922,1.950218973290226,3.132264621582068,7.0
18,3,40,O1,-2.560888808590076,3.0348948148103525,-1.4540878761241813,8.0
19,3,25,O1,-3.266430298643509,1.2446987383199692,0.35858092272783726,8.0
20,3,36,O1,-1.690224551201129,3.2514106946553634,0.9941671908253992,8.0
21,4,18,Si1,5.12544148426056,2.1650068788152312,-0.586816806609713,9.0
22,4,12,Si1,3.9708117862596803,-0.3650065920389793,-3.9768817641299408,10.0
23,4,10,Si1,5.093728148220795,-2.204243835318815,-0.9546765350013158,11.0
24,4,1,Si1,-3.494189756374648,-0.07985295071785291,1.249688238205086,12.0
25,4,4,Si1,-3.039377177746248,-3.37046866063162,-3.2012567021029943,13.0
26,4,6,Si1,-1.9164608157851328,-5.2097059039114555,-0.17905147297436907,14.0
27,4,1,Si1,-3.494189756374648,-0.07985295071785402,1.2496882382050856,15.0
28,4,2,Si1,0.02608604752351562,-1.1580424970445262,5.511299457765244,16.0
29,4,9,Si1,-1.153923361167001,3.4097056171352023,2.503806462058458,17.0
30,4,0,Si1,-3.0409840157434096,3.86554579430189,-2.7433804964218957,18.0
31,4,1,Si1,-3.494189756374648,-0.07985295071785402,1.2496882382050856,19.0
32,4,9,Si1,-1.153923361167001,3.4097056171352023,2.503806462058458,20.0
