,neighbor_num,isite,atom,x,y,z,front_index
0,0,0,Si1,0.0,0.0,0.0,
1,1,28,O1,-0.7569144568679579,1.3159200383562162,-0.534266411476449,0.0
2,1,56,O1,-0.7496957642583949,-1.3172979312771316,-0.5404343477033123,0.0
3,1,20,O1,5.551115123125783e-17,1.1207516451421657e-16,1.611833823262013,0.0
4,1,32,O1,1.5292576024771674,-3.322256942121725e-18,-0.5111894692099296,0.0
5,2,7,Si1,-1.9901648387542812,2.2614427235277894,-0.11583363527668622,1.0
6,2,13,Si1,-2.1232139067346667,-1.9257407212496607,-1.1171770515934178,2.0
7,2,8,Si1,1.2128373392027865,-0.11572040105559855,2.6660692124159966,3.0
8,2,5,Si1,2.9278325842152277,-0.04779291037316414,0.28983946056713294,4.0
9,3,27,O1,-2.0719343682458415,2.3543581965951996,1.4912409531363173,5.0
10,3,34,O1,-1.7679008447631928,3.746591655943985,-0.7030941002183568,5.0
11,3,58,O1,-3.3636829812305504,1.6529999335552588,-0.6925763391667927,5.0
12,3,51,O1,-3.3564642886209892,-0.9802180360780882,-0.6987442753936566,6.0
13,3,55,O1,-2.3454779007257547,-3.4108896536658557,-0.5299165866517488,6.0
14,3,43,O1,-2.0414443772431063,-2.018656194317072,-2.7242516400064223,6.0
15,3,26,O1,1.0405384432451557,-1.4597762128278549,3.537622391299884,7.0
16,3,25,O1,2.6103603141549345,-0.16389804863212531,1.8658277944148396,7.0
17,3,23,O1,1.2004505994110555,1.1607926572375886,3.6489928406872463,7.0
18,3,30,O1,3.784570796102145,-1.3272056629881601,-0.1782505794187551,8.0
19,3,39,O1,3.7598186570606815,1.2996000199224895,0.0039752815380267315,8.0
20,3,25,O1,2.6103603141549345,-0.16389804863212531,1.8658277944148396,8.0
21,4,9,Si1,-2.0843211080375728,3.6308712548883864,2.4741645814075692,9.0
22,4,2,Si1,-1.676319471511207,5.183947677987013,0.021863833826965995,10.0
23,4,14,Si1,-4.113378745488946,0.33570200227812863,-1.233010686870104,11.0
24,4,14,Si1,-4.113378745488946,0.33570200227812863,-1.233010686870104,12.0
25,4,16,Si1,-2.437059273977739,-4.8482456757088865,-1.2548745206970693,13.0
26,4,18,Si1,-2.0290576374513742,-3.2951692526102585,-3.7071752682776737,14.0
27,4,6,Si1,0.8048357026764202,-1.6687968241542261,5.118369959996601,15.0
28,4,5,Si1,2.9278325842152277,-0.04779291037316414,0.28983946056713294,16.0
29,4,3,Si1,1.1186810699194938,1.2537081303049986,5.256067429100251,17.0
30,4,2,Si1,4.917997422969508,-2.3092356339009528,0.40567309584381905,18.0
31,4,16,Si1,5.21562710812401,1.938137808913542,-0.24558054130428242,19.0
32,4,8,Si1,1.2128373392027865,-0.11572040105559855,2.6660692124159966,20.0
