,neighbor_num,isite,atom,x,y,z,front_index
0,0,14,Si1,0.0,0.0,0.0,
1,1,53,O1,0.0,-7.703719777548943e-34,1.6124340259884564,0.0
2,1,44,O1,1.5286883608414508,3.0814879110195774e-33,-0.5109991871219769,0.0
3,1,58,O1,-0.7502321925535438,-1.31729793127713,-0.5396894295618405,0.0
4,1,51,O1,-0.7466709654704483,1.3159200383562164,-0.5484911692735465,0.0
5,2,11,Si1,1.2030981435296075,-0.04779291037316671,2.684914414116375,1.0
6,2,19,Si1,2.913047114968384,-0.11572040105559939,0.30505075435297013,2.0
7,2,7,Si1,-1.7326700159111463,-1.9257407212496582,-1.6595109141915616,3.0
8,2,13,Si1,-0.7407997819943385,2.261442723527789,-1.8507806999945724,4.0
9,3,37,O1,1.195744385238031,1.299600019922486,3.564610427805064,5.0
10,3,49,O1,1.030765697037368,-1.327205662988164,3.6458567522028895,5.0
11,3,41,O1,2.5971419453235973,-0.16389804863212803,1.8841836545216972,5.0
12,3,41,O1,2.5971419453235978,-0.16389804863212692,1.8841836545216983,6.0
13,3,47,O1,3.8413402644082804,1.1607926572375862,-0.01831300218067078,6.0
14,3,42,O1,3.685017889300209,-1.4597762128278562,-0.13466844780717213,6.0
15,3,27,O1,-3.230921275040436,-2.0186561943170687,-1.0724690475469445,7.0
16,3,28,O1,-1.7267988324350345,-0.980218036078085,-2.961800444912588,7.0
17,3,34,O1,-1.246167309511946,-3.4108896536658535,-2.056488562648791,7.0
18,3,56,O1,-1.7232376053519398,1.6529999335552619,-2.970602184624295,8.0
19,3,55,O1,-1.2273024883935366,3.746591655943986,-1.453803051537344,8.0
20,3,43,O1,0.7574514771349526,2.3543581965952,-2.4378225666391895,8.0
21,4,2,Si1,1.4205962577505105,1.9381378089135377,5.024438496561636,9.0
22,4,16,Si1,1.943897925523946,-2.3092356339009563,4.535695114110948,10.0
23,4,19,Si1,2.9130471149683834,-0.11572040105560061,0.3050507543529688,11.0
24,4,11,Si1,1.2030981435296075,-0.04779291037316671,2.684914414116375,12.0
25,4,17,Si1,5.33959152353757,1.2537081303049957,-0.6053548688252883,13.0
26,4,12,Si1,5.109498792806358,-1.6687968241542284,-0.8593565278792098,14.0
27,4,9,Si1,-4.159214424480332,-3.2951692526102545,-0.749105291013304,15.0
28,4,0,Si1,-2.473469797905485,0.3357020022781308,-3.5102916141861344,16.0
29,4,2,Si1,-1.9627627466423578,-4.848245675708882,-1.9135125732454834,17.0
30,4,0,Si1,-2.473469797905485,0.33570200227813124,-3.5102916141861344,18.0
31,4,16,Si1,-0.5107070512631264,5.183947677987013,-1.596779040940651,19.0
32,4,18,Si1,1.6857446265748477,3.6308712548883864,-2.76118632317283,20.0
