,neighbor_num,isite,atom,x,y,z,front_index
0,0,13,Si1,0.0,0.0,0.0,
1,1,34,O1,-5.551115123125783e-17,5.551115123125783e-17,1.605798160103567,0.0
2,1,28,O1,-0.759002361809265,1.3146306537184207,-0.5364097842511204,0.0
3,1,30,O1,-0.7590023618092643,-1.314630653718422,-0.5364097842511208,0.0
4,1,40,O1,1.5180047236185283,-1.1102230246251565e-16,-0.5364097842511214,0.0
5,2,10,Si1,-1.1102230246251565e-16,2.220446049250313e-16,3.211596320207134,1.0
6,2,4,Si1,-1.2648691463715405,2.190817626441781,-1.7887951014259111,2.0
7,2,6,Si1,-1.2648691463715396,-2.1908176264417825,-1.7887951014259111,3.0
8,2,9,Si1,2.529738292743079,5.551115123125783e-17,-1.7887951014259125,4.0
