,neighbor_num,isite,atom,x,y,z,front_index
0,0,11,Si1,0.0,0.0,0.0,
1,1,25,O1,-0.7590023618092643,1.314630653718422,-0.5364097842511213,0.0
2,1,35,O1,0.0,0.0,1.6057981601035667,0.0
3,1,39,O1,-0.759002361809264,-1.314630653718422,-0.5364097842511211,0.0
4,1,27,O1,1.5180047236185295,-5.551115123125783e-17,-0.5364097842511202,0.0
5,2,2,Si1,-1.2648691463715391,2.190817626441782,-1.7887951014259118,1.0
6,2,12,Si1,1.1102230246251565e-16,0.0,3.2115963202071334,2.0
7,2,9,Si1,-1.2648691463715396,-2.1908176264417825,-1.7887951014259116,3.0
8,2,6,Si1,2.5297382927430796,3.3306690738754696e-16,-1.7887951014259094,4.0
