,neighbor_num,isite,atom,x,y,z,front_index
0,0,2,Si1,0.0,0.0,0.0,
1,1,25,O1,1.1102230246251565e-16,0.0,1.6099918625783494,0.0
2,1,26,O1,-0.7586428899563196,-1.3146306537184225,-0.5369180639456066,0.0
3,1,21,O1,-0.7586428899563203,1.3146306537184214,-0.5369180639456071,0.0
4,1,18,O1,1.5140506289959792,0.0,-0.5350125454873742,0.0
5,2,11,Si1,-0.8437452842479801,1.664591192943589e-16,2.981183932595454,1.0
6,2,7,Si1,-2.1080153747026253,-2.1908176264417834,-0.5966180120859175,2.0
7,2,8,Si1,-2.1080153747026262,2.1908176264417816,-0.5966180120859185,3.0
8,2,5,Si1,3.0281012579919584,2.220446049250313e-16,-1.0700250909747484,4.0
