,neighbor_num,isite,atom,x,y,z,front_index
0,0,13,Si1,0.0,0.0,0.0,
1,1,34,O1,-0.7567563651118496,-1.3113615485539536,-0.5350125454873741,0.0
2,1,28,O1,5.551115123125783e-17,-5.551115123125783e-17,1.6099918625783478,0.0
3,1,30,O1,-0.7594516537256737,1.3141636031448833,-0.5369180639456063,0.0
4,1,40,O1,1.5178250196176761,-1.6653345369377348e-16,-0.5369180639456079,0.0
5,2,10,Si1,-1.5135127302236993,-2.622723097107907,-1.0700250909747482,1.0
6,2,4,Si1,0.42172276287166516,0.7307913628160883,2.981183932595454,2.0
7,2,6,Si1,-0.8438951235715466,2.9208306545780474,-0.5966180120859164,3.0
8,2,9,Si1,2.951161580859995,0.7307913628160883,-0.596618012085919,4.0
