,neighbor_num,isite,atom,x,y,z,front_index
0,0,3,Si1,0.0,0.0,0.0,
1,1,19,O1,-0.7567563651118494,-1.3113615485539534,-0.5350125454873752,0.0
2,1,43,O1,1.5178250196176772,-5.551115123125783e-17,-0.5369180639456068,0.0
3,1,41,O1,-1.6653345369377348e-16,-5.551115123125783e-17,1.6099918625783487,0.0
4,1,23,O1,-0.7594516537256738,1.3141636031448825,-0.5369180639456065,0.0
5,2,4,Si1,-1.5135127302236988,-2.6227230971079067,-1.0700250909747504,1.0
6,2,14,Si1,2.951161580859994,0.7307913628160883,-0.5966180120859172,2.0
7,2,10,Si1,0.4217227628716653,0.7307913628160879,2.9811839325954543,3.0
8,2,1,Si1,-0.8438951235715465,2.9208306545780447,-0.5966180120859159,4.0
