,neighbor_num,isite,atom,x,y,z,front_index
0,0,5,Si1,0.0,0.0,0.0,
1,1,18,O1,-0.7567563651118492,1.3113615485539531,-0.535012545487374,0.0
2,1,46,O1,1.5178250196176764,5.551115123125783e-17,-0.5369180639456077,0.0
3,1,44,O1,5.551115123125783e-17,0.0,1.609991862578348,0.0
4,1,24,O1,-0.7594516537256734,-1.3141636031448822,-0.5369180639456064,0.0
5,2,2,Si1,-1.5135127302236984,2.6227230971079063,-1.070025090974748,1.0
6,2,14,Si1,2.951161580859993,-0.730791362816088,-0.5966180120859186,2.0
7,2,12,Si1,0.4217227628716656,-0.730791362816088,2.9811839325954526,3.0
8,2,1,Si1,-0.8438951235715458,-2.920830654578045,-0.5966180120859166,4.0
