,neighbor_num,isite,atom,x,y,z,front_index
0,0,10,Si1,0.0,0.0,0.0,
1,1,42,O1,1.5178250196176766,-5.551115123125783e-17,-0.5369180639456074,0.0
2,1,41,O1,-0.7594516537256749,1.3141636031448816,-0.5369180639456069,0.0
3,1,37,O1,-5.551115123125783e-17,2.7755575615628914e-16,1.6099918625783485,0.0
4,1,34,O1,-0.7567563651118479,-1.3113615485539538,-0.535012545487373,0.0
5,2,15,Si1,2.951161580859993,0.7307913628160889,-0.5966180120859192,1.0
6,2,3,Si1,-0.8438951235715492,2.920830654578044,-0.5966180120859184,2.0
7,2,0,Si1,0.4217227628716641,0.7307913628160897,2.981183932595453,3.0
8,2,13,Si1,-1.5135127302236961,-2.622723097107908,-1.0700250909747457,4.0
