,neighbor_num,isite,atom,x,y,z,front_index
0,0,5,Si1,0.0,0.0,0.0,
1,1,18,O1,-0.7567563651118485,1.3113615485539536,-0.5350125454873746,0.0
2,1,46,O1,1.1102230246251565e-16,-1.9259299443872359e-32,1.6099918625783485,0.0
3,1,44,O1,-0.759451653725673,-1.3141636031448822,-0.5369180639456077,0.0
4,1,24,O1,1.5178250196176764,3.0814879110195774e-33,-0.5369180639456066,0.0
5,2,2,Si1,-1.513512730223697,2.622723097107907,-1.0700250909747493,1.0
6,2,14,Si1,0.4217227628716642,-0.7307913628160886,2.981183932595454,2.0
7,2,12,Si1,-0.8438951235715463,-2.9208306545780447,-0.5966180120859172,3.0
8,2,1,Si1,2.9511615808599925,-0.7307913628160886,-0.5966180120859161,4.0
