,neighbor_num,isite,atom,x,y,z,front_index
0,0,12,Si1,0.0,0.0,0.0,
1,1,17,O1,2.7755575615628914e-17,0.0,1.6083553262376216,0.0
2,1,44,O1,-0.7510079484746169,-1.3257208290270492,-0.5194758476648125,0.0
3,1,41,O1,-0.7409049204478602,1.321914172465425,-0.5421731417494415,0.0
4,1,46,O1,1.5151396448095973,-1.1102230246251565e-16,-0.5468340185919804,0.0
5,2,1,Si1,0.32694676590915933,0.4972166176495755,3.1043560821070417,1.0
6,2,10,Si1,-0.5836411495155276,-2.6700839147630004,-1.3900562376026853,2.0
7,2,7,Si1,-0.8692783426540756,2.9138509376479815,-0.3324393693801294,3.0
8,2,13,Si1,2.889671495484816,0.8370769325620326,-0.4787164402293077,4.0
9,3,25,O1,-0.5406034862189049,1.8170576352285746,3.421056096002735,5.0
10,3,28,O1,-0.057801129327712086,-0.6753029179878619,4.134522226016323,5.0
11,3,21,O1,1.9009982301893116,0.8158211627145036,3.219375482260799,5.0
12,3,37,O1,0.05434431916572108,-2.2861227612056223,-2.818222720484031,6.0
13,3,25,O1,0.38811379911082255,-3.7118520515731728,-0.6407114366263271,6.0
14,3,31,O1,-2.0343291585727954,-3.3291688937422537,-1.6222899381743126,6.0
15,3,37,O1,-0.8743729661640062,3.2427869255961244,1.2435448121450308,7.0
16,3,20,O1,0.37553411352081834,3.6714419450740436,-1.0165129974484004,7.0
17,3,33,O1,-2.2537368362264036,3.412978288516742,-0.9897466270983131,7.0
18,3,40,O1,3.406012563988844,0.8520531170614969,1.045592095305317,8.0
19,3,16,O1,2.63650315115283,2.344257707880416,-0.9798339326767711,8.0
20,3,45,O1,3.979475509647718,0.14585150784380607,-1.4409733884675777,8.0
21,4,10,Si1,-1.5123584348452548,2.858825772038746,2.671711295026377,9.0
22,4,0,Si1,-0.5177751218117483,-1.39998076301411,5.493691532583172,10.0
23,4,6,Si1,3.1556550895886994,1.514805727460467,2.4922471183466604,11.0
24,4,7,Si1,0.05943894267565264,-2.615058749153767,-4.394206902009191,12.0
25,4,1,Si1,1.2556640512388872,-5.031693069152172,-0.9574114505220208,13.0
26,4,5,Si1,-3.418787639794018,-2.8300415375697177,-2.279597200287972,14.0
27,4,10,Si1,-1.5123584348452548,2.858825772038746,2.671711295026377,15.0
28,4,0,Si1,1.9793045309315225,3.8131213801613146,-1.0314701583387726,16.0
29,4,8,Si1,-3.704424854770231,2.7538933102139644,-1.221980330759851,17.0
30,4,6,Si1,3.1556550895886994,1.514805727460467,2.4922471183466604,18.0
31,4,0,Si1,1.9793045309315225,3.8131213801613146,-1.0314701583387726,19.0
32,4,11,Si1,4.243219262187583,-1.0763052883373885,-2.4558654827806388,20.0
