,neighbor_num,isite,atom,x,y,z,front_index
0,0,4,Si1,0.0,0.0,0.0,
1,1,22,O1,-0.7332344239210058,-1.3333245428893743,-0.5261674573287805,0.0
2,1,33,O1,1.5197666060436317,1.475918108844553e-17,-0.5324284996004468,0.0
3,1,26,O1,-0.7780863361655718,1.2898976797368544,-0.5673372441059708,0.0
4,1,37,O1,0.0,7.487667201357098e-17,1.6099589550598123,0.0
5,2,1,Si1,-2.1396868662220787,-1.8228627008415015,-1.1408729228063124,1.0
6,2,8,Si1,2.3045455997015165,-0.5932814319274466,-1.8069352115618376,2.0
7,2,1,Si1,-0.6710441855922635,2.886090270821253,-0.7515727978371545,3.0
8,2,13,Si1,-0.7971846285406605,-0.22158794033631357,2.989771859026145,4.0
