,neighbor_num,isite,atom,x,y,z,front_index
0,0,3,Si1,0.0,0.0,0.0,
1,1,28,O1,1.528071573940674,-4.996699173127141e-50,-0.5081621926168757,0.0
2,1,32,O1,-0.7507308753060633,-1.3201352223139886,-0.5348430915872325,0.0
3,1,24,O1,5.551115123125783e-17,1.2378190867942352e-49,1.611092452292469,0.0
4,1,20,O1,-0.7747590881776804,1.3076788195306617,-0.5290991480182391,0.0
5,2,6,Si1,3.0569015341826797,0.0035788459835324193,-0.004384400534201305,1.0
6,2,9,Si1,-0.6641957610529754,-2.6735974311928636,-1.4030303727709221,2.0
7,2,6,Si1,-0.9663318585285336,-0.3254879111039115,2.8570858748929906,3.0
8,2,16,Si1,-2.141709607256754,2.133978639975197,-0.7397846797969094,4.0
