,neighbor_num,isite,atom,x,y,z,front_index
0,0,10,Si1,0.0,0.0,0.0,
1,1,43,O1,-0.7668268212233856,1.3124789093835272,-0.5345447610441113,0.0
2,1,35,O1,-0.7435850816904456,-1.3251621231878763,-0.5322169282790722,0.0
3,1,29,O1,1.1102230246251565e-16,0.0,1.610309731719708,0.0
4,1,47,O1,1.5191587367945012,0.0,-0.529248902046941,0.0
5,2,14,Si1,-0.8238722592895291,2.8387274826910294,-0.019193246190787938,1.0
6,2,6,Si1,-1.9062406159419514,-2.3009003762572107,0.00568419107624929,2.0
7,2,0,Si1,0.7872709527164757,-0.359969566623168,2.9678948462021917,3.0
8,2,14,Si1,2.785384019407561,-0.20406283419617355,-1.5015562928642807,4.0
