,neighbor_num,isite,atom,x,y,z,front_index
0,0,14,Si1,0.0,0.0,0.0,
1,1,47,O1,5.551115123125783e-17,-2.465190328815662e-32,1.6094563581740018,0.0
2,1,43,O1,-0.7895271084114043,1.293337639110828,-0.5497279051782946,0.0
3,1,49,O1,-0.7490368484372354,-1.3247234376348722,-0.5261842721593839,0.0
4,1,38,O1,1.5200658139838974,1.232595164407831e-32,-0.5271509446007571,0.0
5,2,10,Si1,0.21450224139171814,0.4969592995057248,3.1243715079331107,1.0
6,2,10,Si1,-2.31787960784701,1.5401062996985895,-0.996501033851562,2.0
7,2,12,Si1,-0.9429755955213414,-2.8781046977120206,-0.14907328315956758,3.0
8,2,5,Si1,2.6378110228469325,-0.60047715344632,-1.5181305978883595,4.0
