,neighbor_num,isite,atom,x,y,z,front_index
0,0,9,Si1,0.0,0.0,0.0,
1,1,34,O1,-0.7591937800557422,-1.3093874862105694,-0.548960381513121,0.0
2,1,32,O1,-0.7567022940543322,1.3172396459691516,-0.5342085597696626,0.0
3,1,46,O1,1.5127162091905433,-2.465190328815662e-32,-0.5473913941131637,0.0
4,1,42,O1,-1.1102230246251565e-16,6.162975822039155e-33,1.611323171459978,0.0
5,2,5,Si1,-2.2669436515240626,-1.6882483422938765,-0.968871587421282,1.0
6,2,3,Si1,-0.8456977019793832,2.4722436982057276,-1.6524466567936116,2.0
7,2,13,Si1,2.963030139691705,-0.5364655503369669,-0.9936469096674749,3.0
8,2,13,Si1,0.16022398347635902,1.1679031759852878,2.7106895890075577,4.0
