,neighbor_num,isite,atom,x,y,z,front_index
0,0,15,Si1,0.0,0.0,0.0,
1,1,44,O1,-0.7895271084114042,-1.293337639110828,-0.549727905178294,0.0
2,1,39,O1,1.5200658139838974,1.232595164407831e-32,-0.5271509446007578,0.0
3,1,48,O1,1.1102230246251565e-16,3.0814879110195774e-33,1.6094563581740016,0.0
4,1,50,O1,-0.7490368484372356,1.324723437634872,-0.5261842721593837,0.0
5,2,11,Si1,-2.3178796078470096,-1.5401062996985901,-0.9965010338515605,1.0
6,2,6,Si1,2.637811022846932,0.6004771534463197,-1.5181305978883612,2.0
7,2,11,Si1,0.21450224139171936,-0.4969592995057247,3.1243715079331107,3.0
8,2,13,Si1,-0.9429755955213419,2.8781046977120193,-0.14907328315956714,4.0
