,neighbor_num,isite,atom,x,y,z,front_index
0,0,13,Si1,0.0,0.0,0.0,
1,1,42,O1,1.5093435603614282,2.220446049250313e-16,-0.5658251409971506,0.0
2,1,37,O1,5.551115123125783e-17,-5.551115123125783e-17,1.608877931117212,0.0
3,1,50,O1,-0.7523461444443275,1.3191908463863729,-0.53528409704941,0.0
4,1,46,O1,-0.7838808853118922,-1.302993690850931,-0.5273404669774848,0.0
5,2,9,Si1,2.196543002936769,0.6635919876201672,-1.8634248338817843,1.0
6,2,4,Si1,-0.2206808788045181,0.7980130285471652,2.9896179475490983,2.0
7,2,15,Si1,-2.234332616246203,1.8691106790320917,-0.8420780830774524,3.0
8,2,9,Si1,-1.132108125519199,-2.845856067766027,-0.8210429405361284,4.0
