,neighbor_num,isite,atom,x,y,z,front_index
0,0,6,Si1,0.0,0.0,0.0,
1,1,35,O1,1.5247033664346592,3.202999419969521e-20,-0.5181218856745758,0.0
2,1,39,O1,-0.7409917618249775,1.3289378615191372,-0.526139911150771,0.0
3,1,28,O1,-0.7570270308976534,-1.3186290724077916,-0.5284442857663326,0.0
4,1,24,O1,0.0,-1.1103260621083518e-16,1.6100432448371569,0.0
5,2,10,Si1,2.9390464446931266,-0.537485270890806,0.03230660718257983,1.0
6,2,15,Si1,-1.9849329166247813,2.3447895240874885,-0.43051564493947925,2.0
7,2,3,Si1,-1.031291828616653,-2.213546922056094,-1.8388382769780336,3.0
8,2,3,Si1,-0.763555463349239,-0.676814789365004,2.856848636676675,4.0
