,neighbor_num,isite,atom,x,y,z,front_index
0,0,14,Si1,0.0,0.0,0.0,
1,1,47,O1,0.0,0.0,1.6094563581740013,0.0
2,1,43,O1,-0.7372270132091442,-1.3238472852455332,-0.5497279051782945,0.0
3,1,49,O1,1.5218240327107266,0.0,-0.5261842721593839,0.0
4,1,38,O1,-0.748171458887787,1.3231929364035502,-0.5271509446007573,0.0
5,2,10,Si1,-0.5381724147316689,-0.0578809895317679,3.124371507933111,1.0
6,2,10,Si1,-0.19978503992975782,-2.7757123821939036,-0.9965010338515614,2.0
7,2,12,Si1,2.9694735528648746,0.5957486412715404,-0.14907328315956758,3.0
8,2,5,Si1,-0.7756162808712986,2.5917251376083748,-1.51813059788836,4.0
