,neighbor_num,isite,atom,x,y,z,front_index
0,0,12,Si1,0.0,0.0,0.0,
1,1,40,O1,1.5064979799346956,1.0208040077640385e-33,-0.5647583852309621,0.0
2,1,49,O1,-0.7653148699181939,1.319190846386373,-0.5165722945497028,0.0
3,1,41,O1,-1.1102230246251565e-16,0.0,1.6119168940702115,0.0
4,1,45,O1,-0.7689462496278292,-1.3029936908509312,-0.5488887643709639,0.0
5,2,7,Si1,2.721910679049023,0.7980130285471653,-1.2560723617118998,1.0
6,2,14,Si1,-1.572802362803488,1.869110679032092,-1.796560732505517,2.0
7,2,8,Si1,-0.9738026970673718,0.6635919876201675,2.7108783783973314,3.0
8,2,8,Si1,-1.166196050019472,-2.8458560677660265,-0.7718595021050051,4.0
