,neighbor_num,isite,atom,x,y,z,front_index
0,0,10,Si1,0.0,0.0,0.0,
1,1,45,O1,1.1102230246251565e-16,3.0814879110195774e-33,1.6101645922324086,0.0
2,1,43,O1,-0.7580618636727892,-1.3115543635380318,-0.5410581185612195,0.0
3,1,70,O1,1.5150914643384776,0.0,-0.5448364840732108,0.0
4,1,66,O1,-0.7640570969105617,1.3205855897120977,-0.5158184957033382,0.0
5,2,13,Si1,0.6729096388250849,0.5126082833552383,2.9800992925747787,1.0
6,2,15,Si1,-1.481479999149001,-2.7260984512218647,-0.7905093017642002,2.0
7,2,18,Si1,2.9899692258827506,0.6204009060379744,-0.36814559646091183,3.0
8,2,22,Si1,-0.7482378033038084,2.530264669827633,-1.578821577015146,4.0
9,3,41,O1,1.0210349730956982,2.0790635962426993,2.8727625705074895,5.0
10,3,34,O1,2.0336255446833578,-0.31504220831685975,3.2272300845522395,5.0
11,3,49,O1,-0.34934995545567604,0.2691702360047769,4.198267948769342,5.0
12,3,32,O1,-1.9882620596994758,-2.7978220952936512,-2.3187940930087674,6.0
13,3,51,O1,-2.730452309516421,-2.8777676014356643,0.21212536387460157,6.0
14,3,47,O1,-0.4444377963035252,-3.930861975692616,-0.5348062767283779,6.0
15,3,30,O1,3.4242342491551394,0.5179492274800076,1.1789724309527196,7.0
16,3,59,O1,4.051736226918224,-0.2078208252739096,-1.2512164123945455,7.0
17,3,61,O1,2.9843980347209076,2.150171541290882,-0.8670350184383225,7.0
18,3,24,O1,-1.225159018548475,3.8927761546117647,-0.8675469492406247,8.0
19,3,53,O1,0.7462297072931,2.6988096146692926,-2.151382492597726,8.0
20,3,38,O1,-1.737900809409508,2.1698642372666526,-2.795914346237832,8.0
21,4,8,Si1,1.0618136672287763,3.680960233207463,2.7319052387228004,9.0
22,4,2,Si1,3.36540362163323,-0.5776886268182917,2.35945238759666,10.0
23,4,6,Si1,-1.6789311594629417,-0.4894379386720879,4.695768617855051,11.0
24,4,0,Si1,-1.2495234604226142,-2.820417669872626,-3.750369742661054,12.0
25,4,4,Si1,-3.52847545038265,-3.8515401394555533,1.214974089913082,13.0
26,4,8,Si1,1.0362396036748778,-4.530211382980654,-0.7373025464610174,14.0
27,4,2,Si1,3.36540362163323,-0.5776886268182917,2.35945238759666,15.0
28,4,7,Si1,4.090478543661398,-1.6893263259562843,-1.883754984633645,16.0
29,4,5,Si1,2.266508316295588,3.159743089448368,-1.8953417273917958,17.0
30,4,0,Si1,-1.2239493968687145,5.390753946315492,-0.28116195747723616,18.0
31,4,5,Si1,2.266508316295588,3.159743089448368,-1.8953417273917958,19.0
32,4,2,Si1,-3.0389103921141887,2.014653100206096,-3.7290784190632413,20.0
