,neighbor_num,isite,atom,x,y,z,front_index
0,0,19,Si1,0.0,0.0,0.0,
1,1,59,O1,1.5169310550335022,-3.0814879110195774e-33,-0.5404705152502204,0.0
2,1,71,O1,0.0,-3.0814879110195774e-33,1.6106581343600783,0.0
3,1,51,O1,-0.7597658128696163,1.3135374546007417,-0.5370618883052837,0.0
4,1,27,O1,-0.7599695970427448,-1.3145307313628112,-0.5340822729036904,0.0
5,2,15,Si1,2.4002471025281404,-0.06700308534489995,-1.8850214968841938,1.0
6,2,21,Si1,-0.8321871662033257,-0.45514378558122426,2.912398615651785,2.0
7,2,3,Si1,-1.8498782550620092,2.43438942447137,-0.1548583874376589,3.0
8,2,11,Si1,-1.626282561280506,-1.98971523357813,-1.7106026159865697,4.0
