,neighbor_num,isite,atom,x,y,z,front_index
0,0,21,Si1,0.0,0.0,0.0,
1,1,29,O1,5.551115123125783e-17,5.551115123125783e-17,1.6095927144332298,0.0
2,1,71,O1,-0.762376961672313,-1.3142980553252515,-0.5344357920834346,0.0
3,1,61,O1,1.5182038672692086,0.0,-0.5368847371538092,0.0
4,1,53,O1,-0.757421047600039,1.3153976599639654,-0.5358195216005532,0.0
5,2,13,Si1,0.03094169455703355,0.8745753206742573,2.9604194989365133,1.0
6,2,19,Si1,-1.9396265508673254,-2.361970767129332,-0.2017423604356945,2.0
7,2,9,Si1,2.909065205963036,0.806868119273117,-0.45308396121679684,3.0
8,2,5,Si1,-2.1692243119476227,1.880448566351721,-1.0633257367571942,4.0
