,neighbor_num,isite,atom,x,y,z,front_index
0,0,4,Si1,0.0,0.0,0.0,
1,1,44,O1,-0.7646373371889025,1.3067500068331166,-0.5458311728711887,0.0
2,1,36,O1,0.0,3.0814879110195774e-33,1.6098378488652487,0.0
3,1,52,O1,1.5167833645314392,0.0,-0.5386111919944553,0.0
4,1,66,O1,-0.754192572207059,-1.3215323410683117,-0.5294048375642686,0.0
5,2,12,Si1,-1.3669304465611474,2.7813429712686806,-0.31433043434359337,1.0
6,2,9,Si1,-0.23122277956344384,-0.9639012176816933,2.879307787509463,2.0
7,2,20,Si1,2.5272386063777326,-0.6920767592901262,-1.5831542358132775,3.0
8,2,2,Si1,-1.6141936348489172,-1.9648954996852668,-1.730240240476562,4.0
