,neighbor_num,isite,atom,x,y,z,front_index
0,0,1,Si1,0.0,0.0,0.0,
1,1,65,O1,1.519587549157301,3.054385533143513e-17,-0.5351423426943054,0.0
2,1,49,O1,-0.7546052815033719,1.3160179398313714,-0.5379604467153797,0.0
3,1,41,O1,0.0,-1.0135253607884473e-17,1.609409055231025,0.0
4,1,33,O1,-0.7531195825902408,-1.3138867333656437,-0.545976598256691,0.0
5,2,7,Si1,3.027636666047952,0.48495533445660305,-0.24166349997195058,1.0
6,2,17,Si1,-0.5325252799790727,2.7543332645285665,-1.2257029178327514,2.0
7,2,9,Si1,-0.5693648798828952,-0.5410932660928149,3.0143345704253064,3.0
8,2,12,Si1,-0.6309044771123417,-2.4808797489785355,-1.6492962372835667,4.0
