,neighbor_num,isite,atom,x,y,z,front_index
0,0,2,Si1,0.0,0.0,0.0,
1,1,34,O1,-0.7651379866338361,1.3138867333656452,-0.5290022806517635,0.0
2,1,66,O1,0.0,6.221613190276752e-33,1.6110628934024394,0.0
3,1,42,O1,1.5180276150889946,1.1706539009249805e-32,-0.5345929918048326,0.0
4,1,50,O1,-0.7580704886956413,-1.31601793983137,-0.5330663253965182,0.0
5,2,15,Si1,-1.7652158327228793,2.4808797489785364,-0.04723982919744829,1.0
6,2,4,Si1,0.7777398000935353,-0.4849553344566051,2.9360016744149022,2.0
7,2,10,Si1,2.654057792563302,0.5410932660928149,-1.5382998740945162,3.0
8,2,18,Si1,-1.3329955817186803,-2.754333264528565,-0.09515038475481163,4.0
