,neighbor_num,isite,atom,x,y,z,front_index
0,0,5,Si1,0.0,0.0,0.0,
1,1,45,O1,1.734723475976807e-17,0.0,1.609911044474397,0.0
2,1,62,O1,1.5170138711211862,-5.551115123125783e-17,-0.5397592187570962,0.0
3,1,97,O1,-0.7572633068576549,-1.3174885904327194,-0.532366009572047,0.0
4,1,51,O1,-0.7639341849944196,1.3081334914070095,-0.5417840447991982,0.0
5,2,29,Si1,-0.6996325531993879,-0.8323425998235907,2.797517025323188,1.0
6,2,4,Si1,3.054500274612722,0.4084824610902412,-0.29086418572573863,2.0
7,2,32,Si1,-0.7465091870238243,-2.925062733746698,-0.6337206812974734,3.0
8,2,3,Si1,-1.4681811009371173,2.733042513438284,-0.2927676158997462,4.0
9,3,92,O1,-0.3099366699737529,-2.38924034758878,2.660077698977651,5.0
10,3,105,O1,-0.19528120806016414,-0.27708161930694397,4.220920327281096,5.0
11,3,72,O1,-2.2975859045168137,-0.667314386318576,2.6925176096395296,5.0
12,3,50,O1,3.3371671504147136,1.8565793306796214,-0.9323106099519085,6.0
13,3,44,O1,3.3530604518305074,0.4484093181892874,1.2906165248055408,6.0
14,3,96,O1,4.016418647558577,-0.6790976335193991,-0.9869389314098022,6.0
15,3,40,O1,0.353421525754318,-3.516747299297466,0.3825222427623114,7.0
16,3,74,O1,-2.1981347887166303,-3.4979152733348267,-0.23832571176625933,7.0
17,3,108,O1,-0.3879888111929657,-3.364930709680387,-2.139290772563512,7.0
18,3,61,O1,-3.0476713658320698,2.6108101823175596,-0.5807621640047895,8.0
19,3,43,O1,-1.2316633245078648,3.195779195538177,1.230960599889667,8.0
20,3,55,O1,-0.8261086450998416,3.8251652433671666,-1.2865726139797657,8.0
21,4,0,Si1,0.6519817029721023,-3.47682044219842,1.9640029532935876,9.0
22,4,36,Si1,0.3565223327758838,0.7126007086065608,5.363962402734892,10.0
23,4,28,Si1,-3.749211506209619,-1.240166925906705,3.087912579170743,11.0
24,4,2,Si1,3.6795212952684273,3.4214517308932666,-0.7829565604794284,12.0
25,4,28,Si1,4.452991164608649,-0.1432752473614809,2.3068594488653225,13.0
26,4,33,Si1,4.406114530784214,-2.2359953812845883,-1.124378257755339,14.0
27,4,0,Si1,0.6519817029721023,-3.47682044219842,1.9640029532935876,15.0
28,4,33,Si1,-3.7960881400340547,-3.332887059829812,-0.343325127449918,16.0
29,4,39,Si1,0.1806285328047632,-4.204777634304614,-3.3890247056170293,17.0
30,4,2,Si1,-4.522681375549841,2.3245600523480423,-0.0019034301740074033,18.0
31,4,15,Si1,-0.3833704236235812,4.3189692618231375,2.0129651446547987,19.0
32,4,10,Si1,-0.8865091849860394,5.33560833784414,-1.842986560564431,20.0
