,neighbor_num,isite,atom,x,y,z,front_index
0,0,20,Si1,0.0,0.0,0.0,
1,1,88,O1,1.5183446614015557,-2.339380359435004e-33,-0.5319474699029547,0.0
2,1,100,O1,-0.758098279766341,1.3159557822388146,-0.5349939035305954,0.0
3,1,52,O1,0.0,7.74139791281589e-34,1.6101669074915974,0.0
4,1,80,O1,-0.7609404493846303,-1.3150892364313294,-0.5322814141348718,0.0
5,2,26,Si1,2.6901770158308236,-0.6117240554095545,-1.4489759507522713,1.0
6,2,21,Si1,-1.6678040206326026,1.998893666226164,-1.6746001561710462,2.0
7,2,9,Si1,-0.8834509041965121,0.09135126393672319,2.9539870194400564,3.0
8,2,12,Si1,-1.3334897324733397,-2.6875520664678825,0.08514953530633512,4.0
9,3,103,O1,3.810979766446661,-1.2873705460047231,-0.5109065965114634,5.0
10,3,98,O1,3.358913383959584,0.5688462010584197,-2.3159724959969155,5.0
11,3,86,O1,2.0780219684280725,-1.7206628516291684,-2.442623028591767,5.0
12,3,89,O1,-0.7209195983092423,2.6837992296269655,-2.7803365088007075,6.0
13,3,81,O1,-2.591762908124178,0.8791850137116776,-2.370564292337674,6.0
14,3,53,O1,-2.606503598303369,3.123942303285788,-1.0069579337853864,6.0
15,3,85,O1,-2.4385893444463207,-0.10346046413951857,2.584824858612928,7.0
16,3,65,O1,-0.6641603732022261,1.5286529764865489,3.6430715178655486,7.0
17,3,112,O1,-0.4301163978390181,-1.0681214095592262,3.974685332505638,7.0
18,3,57,O1,-2.4238486542671303,-2.348217753713627,1.2212185000606415,8.0
19,3,114,O1,-0.12170733530988495,-3.523752500122547,0.7363533115651208,8.0
20,3,68,O1,-2.0239214637107787,-3.5601824211041952,-1.0769960169032449,8.0
21,4,27,Si1,4.357981036463427,-2.6106177216357187,0.22562420541877404,9.0
22,4,35,Si1,4.530584805170427,0.9863121420885222,-3.3394915801488683,10.0
23,4,30,Si1,1.787528916861506,-1.871793112869682,-4.019157617446108,11.0
24,4,27,Si1,-0.1205474829581703,2.7569807376182127,-4.27115387237673,12.0
25,4,13,Si1,-4.146901348373987,0.6843732856354372,-2.739726453164801,13.0
26,4,8,Si1,-3.696862520097159,3.4632766160400434,0.12911103096892051,14.0
27,4,25,Si1,-3.362548231937896,-1.223169116654005,1.8888607224462994,15.0
28,4,16,Si1,-0.9360610609991113,2.8787433172259616,4.4760358219860334,16.0
29,4,8,Si1,0.7816659993244366,-1.9043218432138886,4.625889108764424,17.0
30,4,25,Si1,-3.362548231937896,-1.223169116654005,1.8888607224462994,18.0
31,4,13,Si1,0.33162717104760886,-4.683225173618494,1.7570516246307033,19.0
32,4,19,Si1,-2.363787771666883,-4.177058812309522,-2.524220206450596,20.0
