,neighbor_num,isite,atom,x,y,z,front_index
0,0,8,Si1,0.0,0.0,0.0,
1,1,46,O1,1.5051579069366237,1.232595164407831e-32,-0.5725281249832515,0.0
2,1,48,O1,1.1102230246251565e-16,0.0,1.6105930332182634,0.0
3,1,34,O1,-0.7762395867650986,1.31402849961613,-0.509089752914273,0.0
4,1,44,O1,-0.7573069871414218,-1.322434750544272,-0.5228358352813578,0.0
5,2,19,Si1,2.4966159081310755,0.6387148716043157,-1.669418574214386,1.0
6,2,17,Si1,0.7334927536612212,0.6865199208565728,2.868637552943064,2.0
7,2,4,Si1,-1.1200183711563505,2.872529625702145,-0.7107972824089549,3.0
8,2,10,Si1,-0.5311718798556527,-2.9159322909880347,-0.443117020726252,4.0
