,neighbor_num,isite,atom,x,y,z,front_index
0,0,4,Si1,0.0,0.0,0.0,
1,1,32,O1,-0.7502705480117113,1.305023676816087,-0.5725852394573697,0.0
2,1,36,O1,1.5147521369357129,5.396230855958215e-18,-0.5441265199022419,0.0
3,1,38,O1,-0.7972051529846174,-1.305558963876427,-0.5003782524357999,0.0
4,1,34,O1,1.1102230246251565e-16,-1.8233237955185867e-18,1.6086626557683725,0.0
5,2,2,Si1,-1.4969180381364906,1.8042232051836737,-1.909207416446657,1.0
6,2,15,Si1,2.6257405162138188,0.7742447320428762,-1.4151923013507397,2.0
7,2,6,Si1,-1.1131989112086944,-2.4987194763142826,-1.5322021763129048,3.0
8,2,8,Si1,0.3430408714071814,0.46085100675177837,3.1114369170954217,4.0
