,neighbor_num,isite,atom,x,y,z,front_index
0,0,3,Si1,0.0,0.0,0.0,
1,1,21,O1,0.0,0.0,1.6091904156661654,0.0
2,1,29,O1,-0.7592746711363307,-1.3181435373406687,-0.5266323395848531,0.0
3,1,31,O1,-0.7813532206352815,1.287442649098961,-0.5684604788933492,0.0
4,1,33,O1,1.5260492152266119,-1.1102230246251565e-16,-0.5142132381765465,0.0
5,2,1,Si1,-0.03556726364766849,-0.8425983009320878,2.9795412437084465,1.0
6,2,17,Si1,-0.850061327116521,-2.310321161351251,-1.7914261980519919,2.0
7,2,13,Si1,-1.5906365120350903,1.9332280692155854,-1.8015957549688653,3.0
8,2,5,Si1,2.416082341741221,0.5947830905531357,-1.7175089794569425,4.0
