,neighbor_num,isite,atom,x,y,z,front_index
0,0,14,Si1,0.0,0.0,0.0,
1,1,56,O1,0.0,1.0061396160665481e-16,1.6101211914998452,0.0
2,1,37,O1,1.5082058041739967,1.1102230246251565e-16,-0.5637560735654108,0.0
3,1,58,O1,-0.7521240838071673,1.3150170004958173,-0.545973022858124,0.0
4,1,22,O1,-0.7777904046296191,-1.3167245718758482,-0.5020694582805876,0.0
5,2,17,Si1,0.19379499110924886,0.86214141427048,2.955359033664821,1.0
6,2,5,Si1,3.0745067940763957,-0.06650886476749807,-0.1993037221215635,2.0
7,2,19,Si1,-0.6600388614004811,2.882140829181509,-0.9041666667899521,3.0
8,2,0,Si1,-0.955796731316475,-2.8765684975696555,-0.8532472916821455,4.0
