,neighbor_num,isite,atom,x,y,z,front_index
0,0,5,Si1,0.0,0.0,0.0,
1,1,35,O1,2.2551405187698492e-17,5.551115123125783e-17,1.6086626455650292,0.0
2,1,33,O1,1.5053214463494222,0.0,-0.572585255874907,0.0
3,1,37,O1,-0.7549709226331439,1.3131995151134843,-0.5441265257447162,0.0
4,1,39,O1,-0.7345047976581767,-1.3418356742139153,-0.500378261300354,0.0
5,2,9,Si1,0.22855451695140938,0.5270896721138282,3.111436906413702,1.0
6,2,3,Si1,2.3102357781757896,-0.39849159657478356,-1.9092074266806882,2.0
7,2,14,Si1,-0.6374771852038628,2.662252999322411,-1.4151922963009211,3.0
8,2,7,Si1,-1.6114084722615742,-2.210469094011969,-1.5322021727276673,4.0
