,neighbor_num,isite,atom,x,y,z,front_index
0,0,1,Si1,0.0,0.0,0.0,
1,1,37,O1,1.5172038504763365,-2.465190328815662e-32,-0.5377851140929569,0.0
2,1,25,O1,-1.1102230246251565e-16,4.930380657631324e-32,1.6098605844313352,0.0
3,1,33,O1,-0.7601832655229258,-1.3141386360513712,-0.5363262043614734,0.0
4,1,45,O1,-0.7582016937116149,1.3153603982384465,-0.5362717496412758,0.0
5,2,15,Si1,2.766872544653527,-0.9088431385991627,-0.9883611028928746,1.0
6,2,3,Si1,-1.3373327477856556,-2.0762507892048996,-1.8319219324218887,3.0
7,2,19,Si1,-1.2665731734375458,2.8027094999444593,-0.1847544228966269,4.0
