,neighbor_num,isite,atom,x,y,z,front_index
0,0,0,Si1,0.0,0.0,0.0,
1,1,44,O1,1.1102230246251565e-16,0.0,1.6101646422228009,0.0
2,1,32,O1,-0.7584616469527006,1.3148786717969199,-0.5369494929546013,0.0
3,1,36,O1,-0.759432056685984,-1.3144655336398372,-0.5353164157681284,0.0
4,1,24,O1,1.5179500372398376,0.0,-0.5361704819823391,0.0
5,2,18,Si1,0.8451771791482385,-0.30233683933336825,2.9475057782741296,1.0
6,2,2,Si1,-2.104000869240338,2.1955017437601096,-0.4562528025606629,2.0
7,2,14,Si1,-1.6543819022950612,-1.9432728084161008,-1.716143499849902,3.0
