,neighbor_num,isite,atom,x,y,z,front_index
0,0,14,Si1,0.0,0.0,0.0,
1,1,70,O1,1.5173763808755165,4.9312110108835875e-17,-0.5380446026736403,0.0
2,1,58,O1,-0.7587971513008096,-1.3154824395629037,-0.5343048067196937,0.0
3,1,62,O1,0.0,-1.2750084997257017e-16,1.609789797897055,0.0
4,1,36,O1,-0.7580596650345884,1.31397107767645,-0.5380631642714082,0.0
5,2,22,Si1,2.837976638049872,0.9000426538330238,-0.7364197306333603,1.0
6,2,21,Si1,-0.8758794434282571,-2.9151584363581042,-0.4068295031388711,2.0
7,2,12,Si1,0.5441518157714091,0.7250366266919823,2.9400694244272185,3.0
8,2,0,Si1,-1.9063639001476953,2.4015271684317065,-0.23849766905767877,4.0
