,neighbor_num,isite,atom,x,y,z,front_index
0,0,12,Si1,0.0,0.0,0.0,
1,1,62,O1,1.5172300520424815,-2.465190328815662e-32,-0.5379927161148256,0.0
2,1,68,O1,0.0,1.232595164407831e-32,1.6099450536291968,0.0
3,1,56,O1,-0.7571737948064263,-1.3154824395629034,-0.5366028212415843,0.0
4,1,38,O1,-0.7604695858415365,1.3139710776764502,-0.5346516936362542,0.0
5,2,14,Si1,2.952877080838523,0.7250366266919827,-0.4697088082181021,1.0
6,2,20,Si1,0.25437644969290296,0.9000426538330235,2.920910481275419,2.0
7,2,23,Si1,-0.676157042615648,-2.9151584363581042,-0.6895554348750161,3.0
8,2,2,Si1,-0.8618924813616138,2.4015271684317065,-1.717045662906086,4.0
