,neighbor_num,isite,atom,x,y,z,front_index
0,0,5,Si1,0.0,0.0,0.0,
1,1,41,O1,0.0,0.0,1.6096957330005568,0.0
2,1,29,O1,-0.7592505147812598,1.3137418649301194,-0.5378401894986328,0.0
3,1,49,O1,-0.7591809294547986,-1.3151212295407682,-0.5354723550546818,0.0
4,1,35,O1,1.5178174965026066,0.0,-0.5373218744285388,0.0
5,2,11,Si1,0.7904779129966415,0.4485444401283134,2.9380928768407473,1.0
6,2,23,Si1,-2.1277390352181578,-1.9195473051910266,-1.132072030691163,3.0
7,2,7,Si1,2.8851785147986098,-0.8428858355952398,-0.6484617107891892,4.0
