,neighbor_num,isite,atom,x,y,z,front_index
0,0,23,Si1,0.0,0.0,0.0,
1,1,49,O1,0.0,6.162975822039155e-33,1.6106561839033553,0.0
2,1,56,O1,-0.7599805052764481,1.3119743383869253,-0.538585627258567,0.0
3,1,75,O1,-0.7558223948176332,-1.3153627678541933,-0.5409032828500624,0.0
4,1,71,O1,1.5189622374102676,-1.232595164407831e-32,-0.5349469419319969,0.0
5,2,5,Si1,-0.8026913853956129,-0.40115689598562954,2.9475891888364103,1.0
6,2,12,Si1,-1.4413675775906027,2.709058557402385,-0.11951983914711739,2.0
7,2,21,Si1,-1.1785320224333729,-2.098414484783396,-1.8833524045295664,3.0
8,2,15,Si1,2.8333844403861868,-0.9048667790615434,-0.7480982031992871,4.0
