,neighbor_num,isite,atom,x,y,z,front_index
0,0,3,Si1,0.0,0.0,0.0,
1,1,27,O1,-0.7584129051884134,1.3148793349260006,-0.5362399659982733,0.0
2,1,39,O1,-0.7578396649912513,-1.3146241081506873,-0.5371804624845886,0.0
3,1,33,O1,-1.1102230246251565e-16,1.129853849394883e-16,1.6101194829666663,0.0
4,1,47,O1,1.5179918458414998,-5.886747330359738e-18,-0.5369645528553986,0.0
5,2,13,Si1,-1.9035902211507616,-2.4040390816257378,-0.2353243774095014,2.0
6,2,1,Si1,0.5546700463462734,-0.7255196339436767,2.9361840175490888,3.0
7,2,17,Si1,2.5506100894213737,0.5810434947344236,-1.6279738850789807,4.0
