,neighbor_num,isite,atom,x,y,z,front_index
0,0,6,Si1,0.0,0.0,0.0,
1,1,42,O1,0.0,-5.551115123125783e-17,1.6096957330005564,0.0
2,1,30,O1,-0.7592505147812589,1.3137418649301191,-0.5378401894986323,0.0
3,1,34,O1,1.517817496502607,1.1102230246251565e-16,-0.5373218744285394,0.0
4,1,50,O1,-0.7591809294547993,-1.3151212295407688,-0.5354723550546812,0.0
5,2,8,Si1,0.7904779129966424,0.44854444012831185,2.938092876840745,1.0
6,2,4,Si1,2.8851785147986098,-0.8428858355952403,-0.6484617107891897,3.0
7,2,20,Si1,-2.1277390352181587,-1.9195473051910266,-1.132072030691162,4.0
