,neighbor_num,isite,atom,x,y,z,front_index
0,0,15,Si1,0.0,0.0,0.0,
1,1,63,O1,0.0,0.0,1.6097897978970535,0.0
2,1,71,O1,-0.7581658234646886,-1.3143879432530532,-0.5380446026736405,0.0
3,1,59,O1,1.5186399065020626,0.0,-0.5343048067196933,0.0
4,1,37,O1,-0.759424508400442,1.3131827232960809,-0.5380631642714085,0.0
5,2,13,Si1,-0.8999327571232104,-0.10908868552158418,2.9400694244272163,1.0
6,2,23,Si1,-2.1976499366941242,-2.0086121906888743,-0.7364197306333611,2.0
7,2,20,Si1,2.9628185976574213,-0.6978677997051643,-0.4068295031388703,3.0
8,2,1,Si1,-1.1277349647521815,2.8512751375090644,-0.23849766905767844,4.0
