,neighbor_num,isite,atom,x,y,z,front_index
0,0,21,Si1,0.0,0.0,0.0,
1,1,75,O1,-0.7638759403577743,1.313333544459222,-0.5344825663233391,0.0
2,1,58,O1,-1.1102230246251565e-16,0.0,1.6090125887871598,0.0
3,1,51,O1,1.5177437017080817,1.1102230246251565e-16,-0.5391357887133521,0.0
4,1,69,O1,-0.7589409125876381,-1.3143689186889116,-0.5383841993836572,0.0
5,2,23,Si1,-2.1847685620850306,2.0716055904587343,-0.5239598889246977,1.0
6,2,14,Si1,0.9138733794501868,-0.11066810419446882,2.9297460248561698,2.0
7,2,7,Si1,2.7960376195096015,0.8956512797922807,-0.9346147638594021,3.0
8,2,13,Si1,-1.4424212440685986,-1.9981906852882445,-1.82569360419229,4.0
