,neighbor_num,isite,atom,x,y,z,front_index
0,0,13,Si1,0.0,0.0,0.0,
1,1,39,O1,1.5170548373591528,6.131580324233959e-34,-0.5378020434263142,0.0
2,1,69,O1,-0.7576230060745219,1.3152826714233432,-0.5366208630170785,0.0
3,1,63,O1,-0.76035534814422,-1.3144722044365935,-0.5342712435884249,0.0
4,1,57,O1,0.0,-1.3888256563059912e-32,1.6098909255301619,0.0
5,2,3,Si1,2.768159822523695,-0.908942202837618,-0.9846585537708846,1.0
6,2,21,Si1,-1.0256386612593495,2.238418535358283,-1.828674381511472,2.0
7,2,15,Si1,-1.3335658443168097,-2.0875492155222997,-1.8246994110668788,3.0
8,2,22,Si1,-0.9042895142643308,-0.16955245330842658,2.9299037856357875,4.0
