,neighbor_num,isite,atom,x,y,z,front_index
0,0,13,Si1,0.0,0.0,0.0,
1,1,43,O1,-0.7586827500878077,1.3327640280799216,-0.5448025026727963,0.0
2,1,57,O1,-0.7628449468934615,-1.3265818502559314,-0.5515386649118564,0.0
3,1,56,O1,1.5418207533274213,0.0,-0.5197537325096114,0.0
4,1,23,O1,-5.551115123125783e-17,-1.232595164407831e-32,1.6284736334157457,0.0
5,2,7,Si1,-1.2121457397185869,2.150820902180906,-1.8766521580447544,1.0
6,2,14,Si1,-1.2359414138712537,-2.2629357525942986,-1.7952332738724532,2.0
7,2,12,Si1,2.614501119570052,-0.04622401654740171,-1.7417058140144026,3.0
8,2,17,Si1,1.1632203704672692,0.26213100187035876,2.737037048801347,4.0
