,neighbor_num,isite,atom,x,y,z,front_index
0,0,7,Si1,0.0,0.0,0.0,
1,1,50,O1,-0.7732351116070177,-1.323038699049589,-0.5468374903424824,0.0
2,1,29,O1,-0.7755285442932831,1.3212113734358093,-0.5521615329054402,0.0
3,1,51,O1,0.0,-2.220446049250313e-16,1.626636627314808,0.0
4,1,43,O1,1.5330112256941286,1.1102230246251565e-16,-0.5463934650404818,0.0
5,2,6,Si1,-0.9282191774179005,-2.941470689681114,-0.5978722664005677,1.0
6,2,19,Si1,-1.9218701534655618,1.5402890651908203,-1.6873324532511678,2.0
7,2,4,Si1,0.363625154259277,-0.7313918402401935,3.033831674587498,3.0
8,2,13,Si1,2.9409051761605616,-0.8163916966342157,-0.5493018408570715,4.0
