,neighbor_num,isite,atom,x,y,z,front_index
0,0,8,Si1,0.0,0.0,0.0,
1,1,38,O1,0.0,0.0,1.627473267597094,0.0
2,1,55,O1,-0.7451038433871905,-1.339928009442241,-0.54476450869215,0.0
3,1,24,O1,1.5345199943504824,1.1102230246251565e-16,-0.5451373787118945,0.0
4,1,52,O1,-0.7793137643897468,1.3192338023215249,-0.5461125788398077,0.0
5,2,2,Si1,-0.9419240143196561,-0.010619926272463831,2.9546264634102486,1.0
6,2,11,Si1,-2.087647540936793,-2.2492792379789135,-0.6736190027960605,2.0
7,2,18,Si1,2.462746731463542,-1.1405831879238193,-1.2438306263370156,3.0
8,2,9,Si1,-2.145309604271457,2.1936086827186894,-0.6760322147887812,4.0
