,neighbor_num,isite,atom,x,y,z,front_index
0,0,5,Si1,0.0,0.0,0.0,
1,1,31,O1,-0.7804819791419075,-1.321211373435809,-0.5451373787118938,0.0
2,1,49,O1,1.5322231458097157,-1.0144404725243945e-32,-0.5461125788398097,0.0
3,1,41,O1,0.0,4.757937039347911e-33,1.6274732675970924,0.0
4,1,48,O1,-0.7746969786538346,1.3230386990495888,-0.5447645086921516,0.0
5,2,19,Si1,-2.23462772460256,-1.5402890651908219,-1.2438306263370142,1.0
6,2,6,Si1,2.9798218616400933,0.7313918402401931,-0.6760322147887814,2.0
7,2,15,Si1,0.46993428184459596,0.8163916966342155,2.954626463410247,3.0
8,2,4,Si1,-0.8748025647706781,2.9414706896811134,-0.6736190027960607,4.0
