,neighbor_num,isite,atom,x,y,z,front_index
0,0,8,Si1,0.0,0.0,0.0,
1,1,38,O1,0.0,5.3926038442842604e-33,1.627473267597094,0.0
2,1,55,O1,1.533162355368214,-1.5407439555097887e-33,-0.54476450869215,0.0
3,1,24,O1,-0.7457636443665705,1.3411145364220374,-0.5451373787118945,0.0
4,1,52,O1,-0.7742224021650863,-1.3222282104617,-0.5461125788398077,0.0
5,2,2,Si1,0.4670484749457463,-0.8180460583835981,2.9546264634102486,1.0
6,2,11,Si1,2.98036697967141,-0.7313973011071074,-0.6736190027960605,2.0
7,2,18,Si1,-0.20004580286672735,2.7066645800069558,-1.2438306263370156,3.0
8,2,9,Si1,-0.8745318326123006,-2.9409975220706923,-0.6760322147887812,4.0
