,neighbor_num,isite,atom,x,y,z,front_index
0,0,11,Si1,0.0,0.0,0.0,
1,1,37,O1,-0.7586827500878066,-1.3327640280799231,-0.5448025026727961,0.0
2,1,54,O1,1.541820753327421,-2.465190328815662e-32,-0.5197537325096115,0.0
3,1,25,O1,5.551115123125783e-17,-6.162975822039155e-33,1.6284736334157461,0.0
4,1,55,O1,-0.7628449468934632,1.3265818502559295,-0.5515386649118577,0.0
5,2,1,Si1,-1.212145739718585,-2.1508209021809086,-1.8766521580447533,1.0
6,2,10,Si1,2.6145011195700527,0.046224016547402526,-1.7417058140144022,2.0
7,2,19,Si1,1.1632203704672694,-0.2621310018703576,2.737037048801348,3.0
8,2,8,Si1,-1.2359414138712563,2.2629357525942964,-1.7952332738724548,4.0
