,neighbor_num,isite,atom,x,y,z,front_index
0,0,11,Si1,0.0,0.0,0.0,
1,1,37,O1,0.0,0.0,1.627473267597094,0.0
2,1,54,O1,-0.7451038433871897,-1.3399280094422417,-0.5447645086921499,0.0
3,1,25,O1,1.5345199943504828,-7.52441051276938e-34,-0.5451373787118942,0.0
4,1,55,O1,-0.7793137643897463,1.3192338023215244,-0.5461125788398078,0.0
5,2,1,Si1,-0.9419240143196568,-0.010619926272463887,2.954626463410249,1.0
6,2,10,Si1,-2.087647540936792,-2.2492792379789144,-0.6736190027960602,2.0
7,2,19,Si1,2.4627467314635436,-1.140583187923819,-1.243830626337015,3.0
8,2,8,Si1,-2.145309604271457,2.193608682718689,-0.6760322147887816,4.0
