,neighbor_num,isite,atom,x,y,z,front_index
0,0,3,Si1,0.0,0.0,0.0,
1,1,29,O1,-0.7457228035842074,1.3227329959859602,-0.5305675302495017,0.0
2,1,15,O1,1.5507880158586747,2.4227139427722604e-33,-0.44108542465406647,0.0
3,1,23,O1,-1.1102230246251565e-16,-3.9249331276208096e-33,1.6134859479538883,0.0
4,1,12,O1,-0.8447555345891289,-1.2494910035540783,-0.5690007507161317,0.0
5,2,2,Si1,-1.471029072125758,2.6365691011506116,-1.1093528861377189,1.0
6,2,0,Si1,2.9824115537789577,-0.6818223552664223,-0.15095811289486338,2.0
7,2,9,Si1,-0.5171237160606742,1.1116234708114454,2.6550988813698853,3.0
8,2,0,Si1,-1.5923052318106952,-1.8226355552014228,-1.8775016468083148,4.0
