,neighbor_num,isite,atom,x,y,z,front_index
0,0,2,Si1,0.0,0.0,0.0,
1,1,22,O1,-0.7374488756345345,1.365526464974893,-0.44141084436519407,0.0
2,1,13,O1,-0.7295319245175127,-1.2786379228038787,-0.6568635847530441,0.0
3,1,14,O1,1.1102230246251565e-16,0.0,1.6122964435776512,0.0
4,1,29,O1,1.5032970090861397,0.0,-0.5721233128296819,0.0
5,2,8,Si1,-0.168192123727179,2.650807471463191,-1.2237666882106137,1.0
6,2,1,Si1,-0.5386004079583989,-2.8383439961146575,-1.0179202878275764,2.0
7,2,1,Si1,-0.9186392546126868,0.2661665001249514,2.909932312992852,3.0
8,2,3,Si1,3.01814975028462,-0.040120786431410045,-1.111417738528776,4.0
