,neighbor_num,isite,atom,x,y,z,front_index
0,0,22,Si1,0.0,0.0,0.0,
1,1,69,O1,-0.7564662105995793,1.3124824234959047,-0.5409733435777746,0.0
2,1,61,O1,-0.7387728165383856,-1.3229310431076833,-0.5418432670873634,0.0
3,1,50,O1,5.551115123125783e-17,0.0,1.6117405132221636,0.0
4,1,70,O1,1.525184197440269,1.0073913855877272e-33,-0.5070369691410773,0.0
5,2,23,Si1,-1.2813766031139253,2.3985588965286233,-1.6051210522784396,1.0
6,2,17,Si1,-1.3184668040946708,-2.419867468428834,-1.5674644432038178,2.0
7,2,14,Si1,0.9295222734251491,-0.6055764096425651,2.780656526267467,3.0
8,2,20,Si1,3.050368402714965,-3.63510588297089e-09,-1.0140739332415463,4.0
