,neighbor_num,isite,atom,x,y,z,front_index
0,0,16,Si1,0.0,0.0,0.0,
1,1,64,O1,-0.7215954490417441,1.3319908954139215,-0.5374683663705472,0.0
2,1,54,O1,-1.1102230246251565e-16,-5.551115123125783e-17,1.608321869153103,0.0
3,1,66,O1,1.5210197415838662,0.0,-0.5296597669008951,0.0
4,1,60,O1,-0.7801589647384993,-1.2938889075824915,-0.5553529808370378,0.0
5,2,18,Si1,-1.4431908935687892,2.6639817984013883,-1.0749367374590246,1.0
6,2,12,Si1,-0.4164741226552997,-0.4759780502319099,3.0889887432717433,2.0
7,2,17,Si1,2.3643073271055024,-0.11769727752611137,-1.8967932427038563,3.0
8,2,23,Si1,-1.601742679367577,-2.677535029929527,-0.5623918665492087,4.0
