,neighbor_num,isite,atom,x,y,z,front_index
0,0,13,Si1,0.0,0.0,0.0,
1,1,58,O1,0.0,-5.551115123125783e-17,1.6089315858707707,0.0
2,1,49,O1,1.5136833762037658,0.0,-0.5530476714236654,0.0
3,1,53,O1,-0.773507402334136,-1.3011307517305708,-0.543589091364963,0.0
4,1,55,O1,-0.7510749281043838,1.3236932286867273,-0.5254549266666348,0.0
5,2,12,Si1,-0.2364608277672573,-0.608899337725366,3.0793018526613727,1.0
6,2,21,Si1,2.774195508578568,1.003458622971347,-0.5096030160329222,2.0
7,2,2,Si1,-1.1142133245577557,-2.8691591829990997,-0.6529067391212101,3.0
8,2,17,Si1,-1.2135241618655934,2.8640672117790347,-0.516076927973725,4.0
