,neighbor_num,isite,atom,x,y,z,front_index
0,0,8,Si1,0.0,0.0,0.0,
1,1,24,O1,1.5294392823528773,-8.326672684688674e-17,-0.5084515351118091,0.0
2,1,46,O1,-1.8735013540549517e-16,1.1102230246251565e-16,1.6072564645953777,0.0
3,1,44,O1,-0.7519897082489715,1.3124824180578465,-0.5471789034258258,0.0
4,1,39,O1,-0.7472335199454877,-1.3229310485035708,-0.5301145588614699,0.0
5,2,0,Si1,2.9319002175030833,-0.6055764110622572,0.004851159948963735,1.0
6,2,10,Si1,1.4016565685892601e-15,6.661338147750939e-16,3.2145129291907546,2.0
7,2,9,Si1,-1.9273903317100531,2.398558889839501,-0.7095816225756153,3.0
8,2,7,Si1,-1.9033573553336958,-2.419867471571252,-0.7566572915769172,4.0
