,neighbor_num,isite,atom,x,y,z,front_index
0,0,9,Si1,0.0,0.0,0.0,
1,1,25,O1,1.5178607379613307,-5.551115123125783e-17,-0.5420389857908058,0.0
2,1,44,O1,6.938893903907228e-18,0.0,1.608571850501645,0.0
3,1,38,O1,-0.7716830720357144,1.3006860858531522,-0.5497698498130625,0.0
4,1,47,O1,-0.7336389693333693,-1.3214128441521433,-0.5467314534417274,0.0
5,2,1,Si1,2.2861391743294597,-0.5029343863933887,-1.8663895199990335,1.0
6,2,8,Si1,-0.5975566298187761,-0.08756124837760826,3.0994650302163462,2.0
7,2,6,Si1,-1.95983144123876,2.3506946916708324,-0.8272564580893962,3.0
8,2,11,Si1,-1.4672779362946027,-2.64282569327678,-1.0934629152289492,4.0
