,neighbor_num,isite,atom,x,y,z,front_index
0,0,22,Si1,0.0,0.0,0.0,
1,1,69,O1,0.0,0.0,1.608571850501645,0.0
2,1,61,O1,1.51237530315675,-1.1102230246251565e-16,-0.5497698498130625,0.0
3,1,50,O1,-0.7744819918359884,1.3054037169267896,-0.5420389857908059,0.0
4,1,70,O1,-0.7621167338756669,-1.3051958190101094,-0.5467314534417269,0.0
5,2,23,Si1,0.2295955492425712,-0.5585935748160913,3.0994650302163467,1.0
6,2,17,Si1,3.021660440536023,-0.48607920508603963,-0.8272564580893962,2.0
7,2,14,Si1,-1.5990307793171323,1.7095250475547643,-1.866389519999034,3.0
8,2,20,Si1,-1.5242334732381924,-2.610391638517309,-1.0934629152289483,4.0
