,neighbor_num,isite,atom,x,y,z,front_index
0,0,12,Si1,0.0,0.0,0.0,
1,1,58,O1,1.5208399319964279,0.0,-0.5250778506638172,0.0
2,1,54,O1,0.0,1.8488927466117464e-32,1.6100870135667633,0.0
3,1,52,O1,-0.7585663471803888,-1.314863651989964,-0.5314646821912686,0.0
4,1,48,O1,-0.7665536261862635,1.3165189480491093,-0.5256163226369994,0.0
5,2,13,Si1,2.7759563787995116,-0.5061530825323568,-1.3952230167252213,1.0
6,2,16,Si1,0.5205686506188463,0.35796299276592863,3.0891306270545686,2.0
7,2,3,Si1,-1.2521001920105201,-2.38501452502157,-1.6259716432347002,3.0
8,2,20,Si1,-0.6436746624744751,2.9080511789500103,-0.3028307749855419,4.0
