,neighbor_num,isite,atom,x,y,z,front_index
0,0,9,Si1,0.0,0.0,0.0,
1,1,25,O1,0.0,7.864983237645302e-34,1.6117405132221627,0.0
2,1,44,O1,1.5148766417647908,-2.5878060207524574e-33,-0.5409733435777743,0.0
3,1,38,O1,-0.7772692746674394,-1.3006860858531522,-0.5418432670873631,0.0
4,1,47,O1,-0.7616133739839799,1.3214128441521433,-0.5070369691410779,0.0
5,2,1,Si1,-0.9888333771127178,0.5029343863933886,2.7806565262674683,1.0
6,2,8,Si1,2.7179668516939173,0.08756124837760829,-1.6051210522784398,2.0
7,2,6,Si1,-1.4381751439968484,-2.3506946916708324,-1.567464443203817,3.0
8,2,11,Si1,-1.5232267550295855,2.64282569327678,-1.0140739332415458,4.0
