,neighbor_num,isite,atom,x,y,z,front_index
0,0,17,Si1,0.0,0.0,0.0,
1,1,61,O1,0.0,0.0,1.6097246464236517,0.0
2,1,65,O1,1.5155902573035576,0.0,-0.5354980607720135,0.0
3,1,55,O1,-0.7664033236672063,-1.3005558659292555,-0.5548690237545597,0.0
4,1,66,O1,-0.732245975483119,1.3230484658548798,-0.5544358665173797,0.0
5,2,22,Si1,-0.28786080340590237,-0.4670745232819526,3.122504700802143,1.0
6,2,19,Si1,3.031180510776349,-6.413249487025043e-09,-1.0709961148960616,2.0
7,2,13,Si1,-1.4855080711624482,-2.7392534213883333,-0.4812626564877602,3.0
8,2,16,Si1,-0.6966950486789141,2.925531244935344,-0.39687445844016145,4.0
