,neighbor_num,isite,atom,x,y,z,front_index
0,0,11,Si1,0.0,0.0,0.0,
1,1,47,O1,1.5114092943207773,-2.465190328815662e-32,-0.5467314587842914,0.0
2,1,45,O1,-1.1102230246251565e-16,0.0,1.6085718421561508,0.0
3,1,36,O1,-0.7626038396113651,1.3060300222965258,-0.5497698633172869,0.0
4,1,27,O1,-0.7367704996401456,-1.3270532970197886,-0.5420389835524416,0.0
5,2,9,Si1,3.022818588641555,1.3322676295501878e-15,-1.0934629175685833,1.0
6,2,10,Si1,0.366608426032482,0.47993662273292387,3.0994650212603188,2.0
7,2,4,Si1,-1.1038899028293687,2.854493278524997,-0.8272564682461061,3.0
8,2,3,Si1,-0.669981858927645,-2.2428775410984962,-1.866389523418502,4.0
