,neighbor_num,isite,atom,x,y,z,front_index
0,0,13,Si1,0.0,0.0,0.0,
1,1,43,O1,-0.731382870399014,-1.3170128103735772,-0.5597358954138918,0.0
2,1,49,O1,0.0,0.0,1.6125705551125515,0.0
3,1,47,O1,-0.7518649510533046,1.3262369296507097,-0.5255268756441184,0.0
4,1,55,O1,1.518885834821009,0.0,-0.5341183275493229,0.0
5,2,7,Si1,-1.462765740798027,-2.6340256207471526,-1.1194717908277831,1.0
6,2,14,Si1,0.14594186756967753,1.0146228803982456,2.8574099733021594,2.0
7,2,16,Si1,-0.9168208269571454,2.8892615784277305,-0.16479525582646748,3.0
8,2,19,Si1,2.9183462921944963,0.7957356753585224,-0.5326549842180688,4.0
