,neighbor_num,isite,atom,x,y,z,front_index
0,0,4,Si1,0.0,0.0,0.0,
1,1,40,O1,0.0,5.551115123125783e-17,1.607093002416475,0.0
2,1,25,O1,-0.7490151497828836,-1.31298,-0.5616436772649762,0.0
3,1,29,O1,-0.7490151497828839,1.3129799999999994,-0.561643677264976,0.0
4,1,36,O1,1.5287438954595842,-1.6653345369377348e-16,-0.5052115093097715,0.0
5,2,0,Si1,0.0,1.1102230246251565e-16,3.21418600483295,1.0
6,2,1,Si1,-1.4789576832368359,-1.8559000000000005,-1.893111125861008,2.0
7,2,3,Si1,-1.4789576832368359,1.8558999999999997,-1.8931111258610078,3.0
8,2,9,Si1,2.492519626416698,-3.885780586188048e-16,-1.7947165766057802,4.0
