,neighbor_num,isite,atom,x,y,z,front_index
0,0,14,Si1,0.0,0.0,0.0,
1,1,55,O1,1.5191044560745253,-2.0769920297997906e-17,-0.5346288021243104,0.0
2,1,52,O1,-0.753891630410123,1.3146218127426919,-0.540375131635653,0.0
3,1,28,O1,-0.7558296474359466,-1.3162255459008507,-0.5374721075013189,0.0
4,1,31,O1,0.0,1.4985085960793887e-16,1.6101566414380464,0.0
5,2,18,Si1,2.946887553823074,-0.694387871466495,-0.6115460720574646,1.0
6,2,16,Si1,-2.1029804700249013,2.18915272615084,-0.6015582327497985,2.0
7,2,2,Si1,-2.1040709125971784,-2.1879089477464273,-0.6549286450526373,3.0
8,2,5,Si1,-0.8195948968109171,0.04891802882185794,2.9948059587483424,4.0
9,3,53,O1,3.2030258742184747,-2.0704987579165035,0.14169182678207493,5.0
10,3,54,O1,4.118532321932921,-0.01266485726817201,-1.4417012370958777,5.0
11,3,36,O1,-3.284203887257037,1.3157519901089545,-1.260714362304564,6.0
12,3,33,O1,-2.52837423982109,2.6319775360098046,0.8869143866348008,6.0
13,3,57,O1,-1.8456642996626373,3.502644361527271,-1.4971219730302767,6.0
14,3,46,O1,-3.3829560258634177,-1.2162735141064016,-0.5597337272789694,7.0
15,3,22,O1,-2.1173967639366964,-2.9612755801337727,-2.0668085727570076,7.0
16,3,40,O1,-2.1532521336066175,-3.261120976274234,0.5448126232151181,7.0
17,3,43,O1,-1.1150723305193107,-1.4532019793184678,3.4947164795168906,8.0
18,3,49,O1,-2.2114200723376998,0.8238760820399172,2.7690908335770477,8.0
19,3,22,O1,0.05452751030453107,0.8209817356732713,4.1045384069538144,8.0
20,4,12,Si1,4.194309364749912,-3.2779256517638946,0.5328230554672226,9.0
21,4,13,Si1,4.646353287476008,1.19476203657922,-2.3674612679053366,10.0
22,4,10,Si1,-4.194257584825726,-0.012074260972131566,-1.2528272080504739,11.0
23,4,7,Si1,-2.909781569039465,2.224752715596154,2.396907395750506,12.0
24,4,19,Si1,-2.383861429394563,4.854795210468655,-2.136408508540617,13.0
25,4,10,Si1,-4.194257584825726,-0.012074260972131566,-1.2528272080504739,14.0
26,4,5,Si1,-2.991519171052144,-3.7333392869851854,-3.17654102096248,15.0
27,4,11,Si1,-2.856373990719552,-4.603403884522318,1.0902282466735393,16.0
28,4,8,Si1,-1.57189797493329,-2.366576907954033,4.7399628504745195,17.0
29,4,7,Si1,-2.909781569039465,2.224752715596154,2.396907395750506,18.0
30,4,2,Si1,0.06785336164404843,1.5943483680606163,5.5164183346581845,19.0
