,neighbor_num,isite,atom,x,y,z,front_index
0,0,11,Si1,0.0,0.0,0.0,
1,1,53,O1,-0.7738455880757105,-1.3253467059983404,-0.5399814724950183,0.0
2,1,46,O1,1.5331641026163405,5.551115123125783e-17,-0.5438082522184499,0.0
3,1,43,O1,1.1102230246251565e-16,5.551115123125783e-17,1.6267512350486317,0.0
4,1,58,O1,-0.7676058880682852,1.3253467059983397,-0.5488152561883017,0.0
5,2,5,Si1,-0.7861568701349122,-2.847960798398881,-1.111699660760416,1.0
6,2,15,Si1,3.0295991124114803,-0.6317923860823564,-0.45526321802660885,2.0
7,2,13,Si1,0.5836957456464887,0.6317923860823577,3.0074964099939594,3.0
8,2,0,Si1,-1.3105486323620277,2.847960798398881,-0.369298040083025,4.0
