,neighbor_num,isite,atom,x,y,z,front_index
0,0,4,Si1,0.0,0.0,0.0,
1,1,70,O1,5.551115123125783e-17,0.0,1.6263646793141853,0.0
2,1,62,O1,-0.7661951215518243,-1.3282659152145562,-0.5422376075352506,0.0
3,1,52,O1,1.5334096992684565,1.1102230246251565e-16,-0.5422376075352502,0.0
4,1,34,O1,-0.7713974849096288,1.3355077132881787,-0.5167876999336654,0.0
5,2,19,Si1,0.3830184145486739,-0.6631134492499539,3.0611606639967404,1.0
6,2,15,Si1,-1.8007416760033954,-2.0796783419413356,-1.5482463885882471,2.0
7,2,8,Si1,2.7012254751717824,0.5206856267637479,-1.548246388588247,3.0
8,2,2,Si1,-1.3626475541309868,2.3591291838971986,-1.6340732047773534,4.0
