,neighbor_num,isite,atom,x,y,z,front_index
0,0,8,Si1,0.0,0.0,0.0,
1,1,59,O1,0.0,-6.162975822039155e-33,1.6269483322843343,0.0
2,1,47,O1,-0.77113549728808,1.3267103217210463,-0.5399160562470358,0.0
3,1,40,O1,1.5314027453318315,0.0,-0.548748769768444,0.0
4,1,52,O1,-0.7643768007358804,-1.333881728865487,-0.5323988315336364,0.0
5,2,1,Si1,0.7052437296790874,0.2932773564399422,3.0629102408265028,1.0
6,2,14,Si1,-1.1251948444256588,2.304993888541007,-1.7904850556736067,2.0
7,2,12,Si1,2.916959818193638,0.8217396264340021,-0.7752331288817946,3.0
8,2,4,Si1,-1.7449605607875687,-2.1076433639827807,-1.5740875328161423,4.0
