,neighbor_num,isite,atom,x,y,z,front_index
0,0,11,Si1,0.0,0.0,0.0,
1,1,53,O1,1.5373719003885817,4.7373929257886085e-33,-0.5323988315336372,0.0
2,1,46,O1,-0.7676975057184984,-1.32870266525378,-0.5399160562470358,0.0
3,1,43,O1,-0.761408954345413,1.328702665253778,-0.5487487697684443,0.0
4,1,58,O1,1.1102230246251565e-16,-1.5502535686946337e-33,1.6269483322843359,0.0
5,2,5,Si1,2.6962599901810322,-0.46607936426503843,-1.574087532816144,1.0
6,2,15,Si1,-1.440455882617039,-2.1222976026861686,-1.7904850556736072,2.0
7,2,13,Si1,-2.1632760989389905,2.1222976026861664,-0.7752331288817937,3.0
8,2,0,Si1,-0.6051035880395746,0.46607936426503793,3.062910240826503,4.0
