,neighbor_num,isite,atom,x,y,z,front_index
0,0,30,Si1,0.0,0.0,0.0,
1,1,93,O1,-0.7738455880757112,1.32534670599834,-0.5399814724950185,0.0
2,1,79,O1,-5.551115123125783e-17,0.0,1.6267512350486317,0.0
3,1,74,O1,1.5331641026163396,0.0,-0.5438082522184498,0.0
4,1,82,O1,-0.7676058880682848,-1.3253467059983395,-0.5488152561883016,0.0
5,2,23,Si1,-0.7861568701349142,2.847960798398881,-1.1116996607604146,1.0
6,2,24,Si1,0.5836957456464895,-0.631792386082357,3.00749640999396,2.0
7,2,26,Si1,3.0295991124114785,0.6317923860823563,-0.45526321802660863,3.0
8,2,18,Si1,-1.3105486323620266,-2.847960798398881,-0.3692980400830249,4.0
