,neighbor_num,isite,atom,x,y,z,front_index
0,0,10,Si1,0.0,0.0,0.0,
1,1,57,O1,1.1102230246251565e-16,0.0,1.6269483322843354,0.0
2,1,54,O1,-0.7691146986234587,1.3311554907168974,-0.5323988315336377,0.0
3,1,45,O1,1.5345390946270796,-2.465190328815662e-32,-0.5399160562470364,0.0
4,1,42,O1,-0.7695594212650385,-1.323998740766807,-0.5487487697684441,0.0
5,2,3,Si1,-0.10084094880427352,-0.7571072771386635,3.0629102408265028,1.0
6,2,6,Si1,-0.9453204423340865,2.567765014511647,-1.574087532816144,2.0
7,2,12,Si1,2.558251453533333,-0.18549869171524777,-1.7904850556736074,3.0
8,2,14,Si1,-0.7553804395557646,-2.934844286524361,-0.7752331288817934,4.0
