,neighbor_num,isite,atom,x,y,z,front_index
0,0,0,Si1,0.0,0.0,0.0,
1,1,32,O1,0.0,0.0,1.6265621595192261,0.0
2,1,39,O1,-0.7643797565605892,-1.3393210879890267,-0.5167249569635624,0.0
3,1,58,O1,1.5288580662901632,-2.465190328815662e-32,-0.5549413860721084,0.0
4,1,48,O1,-0.7775930127736227,1.3163419363319466,-0.5549413860721084,0.0
5,2,6,Si1,0.33895189071109477,0.5939003631987695,3.1024003732661094,1.0
6,2,23,Si1,-1.318124281334357,-2.309574045399971,-1.698688691618362,2.0
7,2,11,Si1,3.127115479015334,0.23487725111419525,-0.36163645726566995,3.0
8,2,12,Si1,-1.3882546835997516,2.8118974866896584,-0.36163645726566984,4.0
