,neighbor_num,isite,atom,x,y,z,front_index
0,0,14,Si1,0.0,0.0,0.0,
1,1,42,O1,1.5345390946270792,6.162975822039155e-33,-0.5399160562470343,0.0
2,1,61,O1,-0.769114698623458,-1.3311554907168974,-0.5323988315336365,0.0
3,1,47,O1,-0.7695594212650377,1.3239987407668072,-0.548748769768443,0.0
4,1,50,O1,1.1102230246251565e-16,6.162975822039155e-33,1.6269483322843352,0.0
5,2,10,Si1,2.5582514535333325,0.18549869171524808,-1.7904850556736056,1.0
6,2,7,Si1,-0.9453204423340846,-2.567765014511647,-1.574087532816144,2.0
7,2,8,Si1,-0.7553804395557637,2.9348442865243616,-0.7752331288817931,3.0
8,2,2,Si1,-0.10084094880427452,0.7571072771386629,3.0629102408265014,4.0
