,neighbor_num,isite,atom,x,y,z,front_index
0,0,1,Si1,0.0,0.0,0.0,
1,1,68,O1,-0.7664958206617635,1.3279903944652687,-0.5422063622245322,0.0
2,1,49,O1,0.0,-5.551115123125783e-17,1.6264584005858038,0.0
3,1,33,O1,-0.7845488699030617,-1.3123217189572618,-0.5549767882233764,0.0
4,1,59,O1,1.5336394608938493,1.1102230246251565e-16,-0.5415874193750806,0.0
5,2,22,Si1,-0.9322248885827985,2.941636000014168,-0.6594403413410073,1.0
6,2,15,Si1,-0.17145800266795733,-0.7445360911684082,3.062852858313751,2.0
7,2,5,Si1,-1.0459888054462567,-2.907047859157869,-0.7399150391178253,3.0
8,2,8,Si1,2.8309685065212546,-0.7445360911684087,-1.1815594752040335,4.0
