,neighbor_num,isite,atom,x,y,z,front_index
0,0,29,Si1,0.0,0.0,0.0,
1,1,76,O1,-0.768395658362411,1.3267103217210465,-0.5438082522184505,0.0
2,1,75,O1,-5.551115123125783e-17,0.0,1.6267512350486315,0.0
3,1,83,O1,-0.7590391417336213,-1.3338817288654872,-0.5399814724950165,0.0
4,1,92,O1,1.5315882901412334,-1.1102230246251565e-16,-0.5488152561883015,0.0
5,2,25,Si1,-2.0650994103976363,2.304993888541008,-0.45526321802661035,1.0
6,2,27,Si1,0.25417775068946946,0.8217396264340024,3.0074964099939585,2.0
7,2,19,Si1,-2.0704498989196654,-2.1076433639827825,-1.1116996607604124,3.0
8,2,22,Si1,3.1212828803558277,0.29327735643994246,-0.3692980400830247,4.0
