,neighbor_num,isite,atom,x,y,z,front_index
0,0,22,Si1,0.0,0.0,0.0,
1,1,64,O1,1.528955598869082,-1.7839307024136433e-17,-0.5549767882233773,0.0
2,1,92,O1,-0.7869522874130479,-1.3163419363319495,-0.5415874193750807,0.0
3,1,86,O1,1.1102230246251565e-16,-2.652649553308971e-17,1.6264584005858043,0.0
4,1,68,O1,-0.7465208330327184,1.3393210879890245,-0.5422063622245316,0.0
5,2,16,Si1,3.0318809665198927,-0.5939003631987669,-0.7399150391178267,1.0
6,2,29,Si1,-0.8136026058929904,-2.811897486689662,-1.1815594752040344,2.0
7,2,26,Si1,0.7270244250644251,-0.23487725111419347,3.0628528583137506,3.0
8,2,1,Si1,-2.0464929338474107,2.3095740453999682,-0.6594403413410066,4.0
