,neighbor_num,isite,atom,x,y,z,front_index
0,0,5,Si1,0.0,0.0,0.0,
1,1,33,O1,-0.744395305641362,-1.335507713288179,-0.5549767882233774,0.0
2,1,63,O1,-0.7666548470400549,1.3282659152145562,-0.5415874193750803,0.0
3,1,37,O1,1.5333213397340966,-6.162975822039155e-33,-0.5422063622245338,0.0
4,1,53,O1,0.0,-1.5407439555097887e-33,1.6264584005858045,0.0
5,2,1,Si1,-1.9948757681213551,-2.359129183897201,-0.7399150391178265,1.0
6,2,12,Si1,-2.0600132693814466,2.0796783419413347,-1.181559475204033,2.0
7,2,18,Si1,3.0137262903084587,0.663113449249955,-0.6594403413410086,3.0
8,2,11,Si1,-0.5591228092403844,-0.5206856267637465,3.062852858313752,4.0
