,neighbor_num,isite,atom,x,y,z,front_index
0,0,14,Si1,0.0,0.0,0.0,
1,1,42,O1,1.5331641026163385,-2.465190328815662e-32,-0.5438082522184493,0.0
2,1,61,O1,-0.7738455880757117,1.3253467059983384,-0.539981472495019,0.0
3,1,47,O1,0.0,0.0,1.6267512350486324,0.0
4,1,50,O1,-0.7676058880682839,-1.3253467059983408,-0.5488152561883005,0.0
5,2,10,Si1,3.0295991124114776,0.6317923860823581,-0.4552632180266093,1.0
6,2,7,Si1,-0.7861568701349142,2.847960798398879,-1.1116996607604164,2.0
7,2,8,Si1,0.5836957456464902,-0.6317923860823553,3.0074964099939594,3.0
8,2,2,Si1,-1.310548632362025,-2.847960798398881,-0.3692980400830236,4.0
