,neighbor_num,isite,atom,x,y,z,front_index
0,0,30,Si1,0.0,0.0,0.0,
1,1,93,O1,-0.764376800735881,1.3338817288654865,-0.5323988315336367,0.0
2,1,79,O1,1.5314027453318302,1.232595164407831e-32,-0.5487487697684439,0.0
3,1,74,O1,-0.7711354972880796,-1.3267103217210476,-0.5399160562470352,0.0
4,1,82,O1,0.0,-6.162975822039155e-33,1.626948332284335,0.0
5,2,23,Si1,-1.7449605607875682,2.107643363982782,-1.5740875328161434,1.0
6,2,24,Si1,2.9169598181936363,-0.8217396264340008,-0.775233128881794,2.0
7,2,26,Si1,-1.1251948444256585,-2.304993888541009,-1.7904850556736058,3.0
8,2,18,Si1,0.7052437296790863,-0.29327735643994296,3.0629102408265023,4.0
