,neighbor_num,isite,atom,x,y,z,front_index
0,0,29,Si1,0.0,0.0,0.0,
1,1,117,O1,0.0,1.8488927466117464e-32,1.6098313821336094,0.0
2,1,61,O1,1.5151449864092186,6.162975822039155e-33,-0.5406428913040258,0.0
3,1,102,O1,-0.75765922416892,1.3171595992715563,-0.5338202631958473,0.0
4,1,50,O1,-0.7634508714238923,-1.3120273955748094,-0.5363920734878274,0.0
5,2,44,Si1,0.6151378292529099,-0.4939953748085723,3.013553813387089,1.0
6,2,8,Si1,2.9488089876225803,-0.7198685661557583,-0.6893014123219781,2.0
7,2,26,Si1,-1.9218860260661854,1.9334139877113712,-1.4604957542889674,3.0
8,2,28,Si1,-0.9833969749190201,-2.317749568901054,-1.774186966818114,4.0
9,3,133,O1,0.15356759936213482,0.5148853257541343,4.18096406475769,5.0
10,3,141,O1,2.2217728332801414,-0.5076249441878204,2.9220047631140464,5.0
11,3,77,O1,0.08102111595959005,-1.9757900925982983,3.341125684249986,5.0
12,3,80,O1,2.854285991042883,-1.8757377556793384,-1.8052166588260783,6.0
13,3,72,O1,3.374760804034609,-1.3675013254639243,0.7208186026608027,6.0
14,3,84,O1,4.046911664823814,0.3676222051052368,-1.1372877059888615,6.0
15,3,49,O1,-2.8002822339772897,0.7370214000140359,-2.0842380523156083,7.0
16,3,114,O1,-2.866736691991068,2.8839321084642098,-0.5686832178644072,7.0
17,3,58,O1,-1.2596354363920796,2.7914242621622307,-2.6492773116709913,7.0
18,3,60,O1,0.42170536598416286,-2.577106980696376,-2.513362325101786,8.0
19,3,116,O1,-1.575531210261023,-3.71333945141874,-1.2326493355749848,8.0
20,3,103,O1,-2.023149647488334,-1.6654506363746493,-2.816943633461786,8.0
21,4,33,Si1,-0.3628810944500511,0.7982837311255565,5.678336255316991,9.0
22,4,41,Si1,3.541074262930502,-1.1984655332548537,2.312065382394149,10.0
23,4,13,Si1,0.21265252335944207,-3.317101008851097,4.2202501327872035,11.0
24,4,9,Si1,1.963665304044734,-3.0417349193710237,-2.466639688139769,12.0
25,4,41,Si1,3.5410742629305005,-1.1984655332548542,2.3120653823941506,13.0
26,4,21,Si1,5.328561610033381,1.2915717400648126,-0.825158382011142,14.0
27,4,27,Si1,-2.9052830009852055,-0.38433558118968253,-3.234682721107081,15.0
28,4,43,Si1,-3.934398588910943,4.082830320981863,-0.4437680738591625,16.0
29,4,15,Si1,-1.4053203585130134,3.6603779562429715,-3.998127917852247,17.0
30,4,9,Si1,1.963665304044734,-3.0417349193710232,-2.4666396881397685,18.0
31,4,45,Si1,-1.3647564355263246,-5.1603703949672655,-0.5584549377467156,19.0
32,4,27,Si1,-2.9052830009852055,-0.384335581189683,-3.234682721107081,20.0
