,neighbor_num,isite,atom,x,y,z,front_index
0,0,0,Si1,0.0,0.0,0.0,
1,1,64,O1,0.0,0.0,1.6098313821336097,0.0
2,1,104,O1,-0.7620234064513199,1.3095742277020122,-0.5406428913040252,0.0
3,1,96,O1,1.5179832409538387,0.0,-0.5363920734878269,0.0
4,1,52,O1,-0.7573956369452901,-1.3173111853535948,-0.5338202631958484,0.0
5,2,17,Si1,0.1175954703788365,0.7801264542730375,3.013553813387089,1.0
6,2,37,Si1,-0.8608682072355587,2.9107715691537672,-0.6893014123219776,2.0
7,2,1,Si1,2.4978709287691925,0.3157110983646809,-1.7741869668181134,3.0
8,2,7,Si1,-0.7045048513284267,-2.6335163678096185,-1.460495754288968,4.0
9,3,93,O1,-0.6786613609612493,2.1756324054861773,2.922004763114048,5.0
10,3,88,O1,-0.5222620047018612,-0.12622323358075838,4.180964064757689,5.0
11,3,120,O1,1.6669716895037332,1.0637275485922106,3.3411256842499846,5.0
12,3,125,O1,-0.5153316934529129,3.604650275035965,0.7208186026608046,6.0
13,3,130,O1,0.18571495890393486,3.410403290050011,-1.805216658826076,6.0
14,3,137,O1,-2.3530883247172616,3.3129466407795967,-1.1372877059888598,6.0
15,3,53,O1,2.4570048744104467,-0.9110364237812837,-2.8169436334617863,7.0
16,3,65,O1,4.001917544848689,0.5058106762432368,-1.2326493355749846,7.0
17,3,105,O1,2.0153606102618493,1.6606135662034156,-2.5133623251017854,7.0
18,3,111,O1,-1.779173353285543,-2.4926437818030243,-2.6492773116709927,8.0
19,3,71,O1,-1.0508583129264923,-3.928223577342817,-0.5686832178644086,8.0
20,3,99,O1,0.7713429320100758,-2.791023327606845,-2.0842380523156088,8.0
21,4,20,Si1,-0.7450784626698397,3.6633843170563156,2.3120653823941515,9.0
22,4,12,Si1,-0.5074682092097514,-0.7151332887864073,5.67833625531699,10.0
23,4,32,Si1,2.7600947956444752,1.8520952776972301,4.220250132787204,11.0
24,4,20,Si1,-0.7450784626698397,3.6633843170563156,2.3120653823941515,12.0
25,4,36,Si1,1.641439437215285,3.227043433234904,-2.4666396881397685,13.0
26,4,40,Si1,-3.796268862171442,3.95601682475734,-0.8251583820111401,14.0
27,4,6,Si1,1.7933660774407658,-2.317805269444938,-3.2346827211070814,15.0
28,4,16,Si1,5.1466126955295985,1.4157543938758184,-0.558454937746715,16.0
29,4,36,Si1,1.641439437215285,3.227043433234904,-2.4666396881397685,17.0
30,4,34,Si1,-2.4569593417045055,-3.0555920679651543,-3.9981279178522477,18.0
31,4,22,Si1,-1.5501259420361821,-5.453999014501168,-0.4437680738591643,19.0
32,4,6,Si1,1.7933660774407658,-2.317805269444938,-3.2346827211070814,20.0
