,neighbor_num,isite,atom,x,y,z,front_index
0,0,23,Si1,0.0,0.0,0.0,
1,1,86,O1,-0.7601969576158205,1.3138031670946475,-0.5382897582698505,0.0
2,1,94,O1,1.5161814138741097,5.551115123125783e-17,-0.5394784056434944,0.0
3,1,70,O1,-0.7624418361752059,-1.3128687240584551,-0.5365825222212534,0.0
4,1,126,O1,5.551115123125783e-17,5.551115123125783e-17,1.608819312312421,0.0
5,2,10,Si1,-1.3238052764076824,2.805494348624481,-0.3229749457220874,1.0
6,2,18,Si1,2.9835981345753777,-0.6565359249321236,-0.46537188087813275,2.0
7,2,6,Si1,-0.7818660193679752,-2.8888577478266697,-0.8643604607278144,3.0
8,2,38,Si1,0.5861752888307654,0.6056953072899375,2.9795247230334745,4.0
9,3,63,O1,-2.932617124982396,2.7621100326277626,-0.24851143924678565,5.0
10,3,74,O1,-0.7376299875769152,3.4111896559144204,1.0477304649989667,5.0
11,3,81,O1,-0.8698803308828316,3.732372326994043,-1.5579180110479451,5.0
12,3,123,O1,2.864724931157085,-2.2569669638244094,-0.5784613628321875,6.0
13,3,67,O1,3.6774136700240634,-0.2676068155957736,0.9347055434078622,6.0
14,3,91,O1,3.882974566018852,-0.09651771357308203,-1.678316923987965,6.0
15,3,99,O1,-1.0653781755720493,-3.7146077669411115,0.48832107590019214,7.0
16,3,110,O1,0.6381667309983661,-3.3310987208817133,-1.4774583121323883,7.0
17,3,53,O1,-1.945167550312611,-3.197196333823296,-1.9346771651697328,7.0
18,3,131,O1,0.13225034330591467,-0.32118267107962384,4.2144677883593324,8.0
19,3,138,O1,0.022566970038902845,2.0973864888197724,3.1948395355812376,8.0
20,3,107,O1,2.1949871374054797,0.6490796232866567,2.9050612165581717,8.0
21,4,31,Si1,-4.333974035410203,3.4557902960823412,0.12959643880971622,9.0
22,4,43,Si1,-0.7376299875769168,3.4111896559144195,2.656549777311387,10.0
23,4,11,Si1,-1.1566120426722266,5.056474662677475,-2.42669470712388,11.0
24,4,35,Si1,2.2285991815383315,-3.535162595436918,-1.3206618448365726,12.0
25,4,3,Si1,3.596344047833286,-0.0446006401679222,2.5269533385016727,13.0
26,4,15,Si1,4.545298038771543,-0.2591726458482235,-3.1357215956612547,14.0
27,4,7,Si1,-0.9487628111996447,-5.135846962032053,1.235629301097022,15.0
28,4,35,Si1,2.2285991815383315,-3.535162595436918,-1.3206618448365726,16.0
29,4,1,Si1,-3.2600035241875673,-4.050661301627855,-2.3044404595278865,17.0
30,4,39,Si1,0.41898205509530995,-1.6452850067630573,5.083244484435267,18.0
31,4,43,Si1,-0.7376299875769168,3.4111896559144195,2.656549777311387,19.0
32,4,3,Si1,3.596344047833286,-0.0446006401679222,2.5269533385016727,20.0
