,neighbor_num,isite,atom,x,y,z,front_index
0,0,40,Si1,0.0,0.0,0.0,
1,1,113,O1,-0.7538211374339878,1.3170759165031076,-0.5384490377367648,0.0
2,1,137,O1,1.518780232477667,0.0,-0.5357617432493441,0.0
3,1,140,O1,5.551115123125783e-17,1.1102230246251565e-16,1.6092989249772514,0.0
4,1,73,O1,-0.7604501863452842,-1.3111642119943878,-0.5393176271381882,0.0
5,2,25,Si1,-1.958912507638808,2.3805255357907686,-0.44686969728815884,1.0
6,2,37,Si1,2.8021664758347966,-0.760431524872604,-1.138937532641902,2.0
7,2,45,Si1,-0.849754124467279,-0.15653397861972435,2.966965331507688,3.0
8,2,9,Si1,-0.9829856771405737,-2.902130813495118,-0.44655542721507335,4.0
9,3,101,O1,-1.5240747762274172,3.7448510328362303,-1.184062391753173,5.0
10,3,57,O1,-2.290499043500616,2.6902806222822657,1.0965230658756369,5.0
11,3,48,O1,-3.2649155773049214,1.7746071115271047,-1.167430882391698,5.0
12,3,125,O1,2.5796309850395094,-2.3513981263733346,-1.0461753327187882,6.0
13,3,130,O1,4.111336148870941,-0.3506215401964039,-0.29729297511494923,6.0
14,3,104,O1,3.0000177530173846,-0.33282376087295856,-2.679622136663742,6.0
15,3,132,O1,0.056751730820330026,0.2902301731247212,4.22091228698062,7.0
16,3,76,O1,-2.1607410439662402,0.7730489237910151,2.892880892401659,7.0
17,3,116,O1,-1.291787575569309,-1.693899354396186,3.1512932262630664,7.0
18,3,80,O1,-2.292155350176716,-3.3119407981713187,-1.2881999847420247,8.0
19,3,60,O1,-1.1808369543231603,-3.329738577494764,1.0941291768067665,8.0
20,3,85,O1,0.30040056621655853,-3.662562338367722,-1.0497312166076307,8.0
21,4,30,Si1,-1.8664412525676362,4.855671199420491,-2.298864946786142,9.0
22,4,12,Si1,-2.8086223919109923,2.2036752493195637,2.5423674501789195,10.0
23,4,24,Si1,-4.867189541529859,1.8447891834326768,-1.308080079571184,11.0
24,4,20,Si1,1.8191807986942228,-3.662562338367723,-1.5854929598569758,12.0
25,4,36,Si1,5.715609188294039,-0.22374359817640022,-0.27619746939567413,13.0
26,4,0,Si1,3.657042038675171,-0.5826296640632855,-4.12664499914578,14.0
27,4,32,Si1,0.49353645067051527,1.367535952589233,5.333471837119618,15.0
28,4,12,Si1,-2.808622391910992,2.203675249319562,2.542367450178921,16.0
29,4,28,Si1,-1.8378612399809455,-3.0799326743044384,2.5411520392888023,17.0
30,4,8,Si1,-3.8964283895998135,-3.4388187401913206,-1.309295490461302,18.0
31,4,28,Si1,-1.837861239980946,-3.0799326743044366,2.5411520392888036,19.0
32,4,20,Si1,1.8191807986942228,-3.662562338367723,-1.5854929598569758,20.0
