,neighbor_num,isite,atom,x,y,z,front_index
0,0,1,Si1,0.0,0.0,0.0,
1,1,53,O1,1.5186622599562205,8.086128245895518e-17,-0.5362703828337041,0.0
2,1,65,O1,-0.7552619336919391,1.3166123355290642,-0.5363473206335863,0.0
3,1,105,O1,-0.7559707983414234,-1.314014847204689,-0.5383606589817265,0.0
4,1,96,O1,1.1102230246251565e-16,-5.890944286354618e-17,1.6099657065656057,0.0
5,2,6,Si1,3.0863460931581113,-0.08767972921158618,-0.1776610584669902,1.0
6,2,16,Si1,-2.1100154079925697,2.1104628246926698,-0.8931484810009493,2.0
7,2,36,Si1,-2.05874365869676,-2.2608931258817675,-0.5820296007664655,3.0
8,2,0,Si1,0.14442016166834803,-0.8862482113379074,2.9462652617258027,4.0
9,3,99,O1,3.2709361705001028,-0.09292373215486209,1.4216789867070494,5.0
10,3,70,O1,3.8484145952173483,1.1858269021237438,-0.8013513157392521,5.0
11,3,110,O1,3.700033668694271,-1.4406050782553885,-0.7948641249741393,5.0
12,3,92,O1,-3.1455445294441042,1.1110910082122034,-1.613411239293563,6.0
13,3,121,O1,-2.7665535314540275,2.685018991946097,0.45856986347106754,6.0
14,3,89,O1,-1.7654553962077149,3.331306672891939,-1.8853947894784922,6.0
15,3,124,O1,-3.379474068422725,-1.3530205696808144,-0.7260441972874263,7.0
16,3,130,O1,-2.1420964423924547,-3.119702458694387,0.7765482810190186,7.0
17,3,136,O1,-1.9500406200841895,-3.258644781427023,-1.8397388954052685,7.0
18,3,64,O1,-0.5238818522978894,-0.10327378636577265,4.183956881989282,8.0
19,3,104,O1,-0.5953899436267059,-2.299434705637247,2.737593255477159,8.0
20,3,52,O1,1.7045102299894674,-1.1404739415884797,3.2551491235967482,8.0
21,4,7,Si1,3.2307662548264586,-0.973927940549493,2.768604203258813,9.0
22,4,23,Si1,5.196059853203484,1.902905188197779,-1.3137121588791467,10.0
23,4,35,Si1,4.933528471017908,-2.4595359573730877,-0.9845296542790004,11.0
24,4,21,Si1,-4.138876285719009,-0.1472289979042944,-1.4728202932275718,12.0
25,4,33,Si1,-4.0440605002543855,3.3276467459970727,1.196341584180653,13.0
26,4,13,Si1,-1.9595792409225232,4.853251320223205,-2.370325516428841,14.0
27,4,21,Si1,-4.138876285719009,-0.1472289979042944,-1.4728202932275718,15.0
28,4,37,Si1,-1.9140669780911677,-3.148715490348161,2.3694688141773237,16.0
29,4,41,Si1,-2.4150362729050823,-3.7404237358018735,-3.30445802277189,17.0
30,4,17,Si1,-1.8192511926265444,0.32616025355320494,5.038630691585547,18.0
31,4,37,Si1,-1.9140669780911677,-3.148715490348161,2.3694688141773237,19.0
32,4,7,Si1,3.2307662548264586,-0.973927940549493,2.768604203258813,20.0
