,neighbor_num,isite,atom,x,y,z,front_index
0,0,8,Si1,0.0,0.0,0.0,
1,1,20,O1,1.5355314430887372,1.1102230246251565e-16,-0.5426199400923452,0.0
2,1,21,O1,-0.768426587808813,-1.3294274676952802,-0.5426199400923458,0.0
3,1,26,O1,-1.6653345369377348e-16,-5.551115123125783e-17,1.628014650456193,0.0
4,1,27,O1,-0.7671048552799241,1.3294274676952802,-0.5427747702715019,0.0
5,2,0,Si1,2.633352807935547,-0.8129050860542538,-1.4284002147120565,1.0
6,2,1,Si1,-0.6140154061400508,-2.6866981168373902,-1.4284002147120574,2.0
7,2,4,Si1,-0.46831047284708593,0.8116032661337976,2.959238436962479,3.0
8,2,5,Si1,-1.5504978911171838,2.687083090228403,-0.10318644883504324,4.0
