,neighbor_num,isite,atom,x,y,z,front_index
0,0,9,Si1,0.0,0.0,0.0,
1,1,28,O1,-0.7673490475770384,-1.3294274676952802,-0.5424294879704887,0.0
2,1,29,O1,1.5349924927113074,-2.465190328815662e-32,-0.5424294879704888,0.0
3,1,22,O1,1.1102230246251565e-16,-6.162975822039155e-33,1.6285862617927247,0.0
4,1,23,O1,-0.767643445134269,1.3294274676952806,-0.5437272858517468,0.0
5,2,6,Si1,-0.6138926337114313,-2.6870830902284033,-1.4275247766175074,1.0
6,2,7,Si1,2.6341184175958254,-0.8116032661337976,-1.4275247766175077,2.0
7,2,2,Si1,-0.46939097919172057,0.8129050860542536,2.9588082555490014,3.0
8,2,3,Si1,-1.5513642139651789,2.6866981168373907,-0.10301052370989006,4.0
