,neighbor_num,isite,atom,x,y,z,front_index
0,0,0,Si1,0.0,0.0,0.0,
1,1,14,O1,0.0,0.0,1.6282836953628073,0.0
2,1,20,O1,-0.7620612795590153,1.3335524376994292,-0.539938538219992,0.0
3,1,10,O1,-0.7688207310774712,-1.324428903274288,-0.5447277703591131,0.0
4,1,12,O1,1.5361826244062378,0.0,-0.5398617758803845,0.0
5,2,5,Si1,0.8228438931340663,0.6371309981317511,2.8813037381893594,1.0
6,2,8,Si1,-0.7573346681500956,2.962128397242711,-0.5365896216389755,2.0
7,2,2,Si1,-1.537641462154942,-2.6488578065485755,-1.0894555407182258,3.0
8,2,4,Si1,2.9911438145167377,0.6371309981317508,-0.17900275151586376,4.0
