,neighbor_num,isite,atom,x,y,z,front_index
0,0,1,Si1,0.0,0.0,0.0,
1,1,21,O1,1.534072094722803,1.1102230246251565e-16,-0.5452118222719942,0.0
2,1,13,O1,-0.7670382806084253,-1.3286,-0.5456941530432871,0.0
3,1,11,O1,-5.551115123125783e-17,0.0,1.6254001292491775,0.0
4,1,15,O1,-0.7670382806084252,1.3286,-0.5456941530432874,0.0
5,2,8,Si1,2.4734316238162903,1.1102230246251565e-16,-1.8755865391097968,1.0
6,2,4,Si1,-1.5350368574367856,-1.8753000000000006,-1.8739879853571524,2.0
7,2,3,Si1,1.1102230246251565e-16,-1.1102230246251565e-16,3.2508002584983533,3.0
8,2,5,Si1,-1.5350368574367852,1.8753000000000002,-1.8739879853571522,4.0
