,neighbor_num,isite,atom,x,y,z,front_index
0,0,11,Si1,0.0,0.0,0.0,
1,1,27,O1,-0.7617784468041657,-1.3134961319435605,-0.5385259870151007,0.0
2,1,44,O1,-0.7577186859250512,1.317729387286084,-0.5341241823149668,0.0
3,1,70,O1,-2.220446049250313e-16,5.551115123125783e-17,1.6095321921006087,0.0
4,1,65,O1,1.5169695920205117,0.0,-0.5395788602212764,0.0
5,2,15,Si1,-1.017968199934836,-2.8792771032833837,-0.2715942873133149,1.0
6,2,6,Si1,-0.9612329330879328,2.8812535300295936,-0.20953564256523804,2.0
7,2,8,Si1,0.6594592049427609,-0.5347242877755398,2.9769302213837414,3.0
8,2,7,Si1,2.5994526129682503,0.863707770784076,-1.3607072601611618,4.0
9,3,57,O1,-0.4734448145388328,-3.7336847234032216,-1.5245318409650725,5.0
10,3,52,O1,-0.24241078857636378,-3.330287227122077,1.0650365811308382,5.0
11,3,61,O1,-2.5957260473630637,-3.141554465214675,-0.08970929857388116,5.0
12,3,60,O1,-2.1014543179527116,3.0528783222912446,0.9134588634873033,6.0
13,3,64,O1,0.4229993178255771,3.5002871270988036,0.3314920468737742,6.0
14,3,30,O1,-1.4072992369417854,3.653404578468959,-1.5494208357187857,6.0
15,3,43,O1,0.28633361607667374,0.471156741997522,4.1789358936361625,7.0
16,3,62,O1,2.2598213087363996,-0.6023433324859235,2.8138017718532526,7.0
17,3,24,O1,0.09080025908689149,-2.0048118916799904,3.3101841328104653,7.0
18,3,45,O1,2.396487011327901,2.4267870428420273,-1.033642076851303,8.0
19,3,61,O1,4.0836681186312385,0.4131544203161155,-0.9308438240506551,8.0
20,3,31,O1,2.3992269603144196,0.615604320074215,-2.938312751797688,8.0
21,4,17,Si1,-0.6736704769267204,-3.9817881753371083,-3.1021373306651387,9.0
22,4,12,Si1,-0.3667385191802133,-3.4073284590151354,2.6681862224890978,10.0
23,4,7,Si1,-4.079941553026053,-2.691001114746713,-0.5195727346843864,11.0
24,4,14,Si1,-3.629835020252113,2.750563368097226,1.3182421217147047,12.0
25,4,10,Si1,2.023361421619215,3.4326680823884197,0.16836359734328676,13.0
26,4,0,Si1,-2.3528747677730304,4.833006420189399,-2.1069125597970744,14.0
27,4,5,Si1,0.0833680038596687,2.0342360226047798,4.506001080824645,15.0
28,4,4,Si1,3.644053549915851,0.016690263359261603,3.354829463228721,16.0
29,4,12,Si1,-0.36673851918021283,-3.4073284590151345,2.668186222489096,17.0
30,4,10,Si1,2.0233614216192155,3.4326680823884237,0.16836359734328765,18.0
31,4,15,Si1,5.6614259660594675,0.6754317822474076,-1.1127288127900896,19.0
32,4,1,Si1,2.9437503457104244,-0.23880330004562358,-4.191250305449444,20.0
