,neighbor_num,isite,atom,x,y,z,front_index
0,0,18,Si1,0.0,0.0,0.0,
1,1,68,O1,-0.762685140502948,-1.3093246933164169,-0.5372627541094911,0.0
2,1,64,O1,1.5159796868933737,-2.465190328815662e-32,-0.5327704838079141,0.0
3,1,48,O1,0.0,-6.162975822039155e-33,1.6099800115278353,0.0
4,1,46,O1,-0.7535072403349861,1.3187120308181546,-0.5340983580365913,0.0
5,2,21,Si1,-1.3078612399822178,-2.675987733766223,-1.186231968599134,1.0
6,2,16,Si1,3.0319593737867474,-4.930380657631324e-32,-1.0655409676158283,2.0
7,2,4,Si1,0.6644341204587234,0.6659464322206521,2.917025373909633,3.0
8,2,2,Si1,-0.6183892341380022,2.9110138988174414,-0.7332033954120016,4.0
