,neighbor_num,isite,atom,x,y,z,front_index
0,0,14,Si1,0.0,0.0,0.0,
1,1,60,O1,0.0,0.0,1.6100014883042966,0.0
2,1,58,O1,-0.7656594153072867,1.3121391345259497,-0.5348185611286449,0.0
3,1,42,O1,-0.7558983314973382,-1.3162452951357249,-0.5360132507024256,0.0
4,1,28,O1,1.5178038594105598,3.0814879110195774e-33,-0.5363763720269761,0.0
5,2,8,Si1,0.08961368277168191,-0.9100830956321909,2.9350761802544048,1.0
6,2,23,Si1,-0.7194511549116334,2.586417506643946,-1.5179519094144798,2.0
7,2,6,Si1,-0.6269819129326244,-2.885655177833734,-0.8748256806378558,3.0
8,2,4,Si1,2.995430431550995,-0.5774003069963384,-0.26970134362693277,4.0
