,neighbor_num,isite,atom,x,y,z,front_index
0,0,21,Si1,0.0,0.0,0.0,
1,1,56,O1,-1.1102230246251565e-16,-1.311518742108639e-32,1.6101154472546986,0.0
2,1,68,O1,-0.7439901598657025,-1.3205269739248544,-0.5374318934433653,0.0
3,1,54,O1,-0.7709417019113904,1.307884073778505,-0.536246114483554,0.0
4,1,70,O1,1.5138303236575772,4.365966900750347e-33,-0.5437457262235337,0.0
5,2,12,Si1,-0.873849325025879,-0.16311505174722363,2.953154977192757,1.0
6,2,18,Si1,-1.6881465157049527,-2.554551123811724,-0.9502565732407119,2.0
7,2,10,Si1,-2.1851583162792942,2.0614891449265476,-0.6976310775893575,3.0
8,2,20,Si1,2.986548112509937,0.6304551339995716,-0.6885569896769128,4.0
