,neighbor_num,isite,atom,x,y,z,front_index
0,0,21,Si1,0.0,0.0,0.0,
1,1,56,O1,-0.7709417019113907,-1.3078840737785051,-0.5362461144835541,0.0
2,1,68,O1,-0.7439901598657023,1.3205269739248546,-0.5374318934433657,0.0
3,1,54,O1,0.0,3.156943108032316e-33,1.610115447254699,0.0
4,1,70,O1,1.5138303236575772,-9.32969968337136e-33,-0.5437457262235331,0.0
5,2,12,Si1,-2.1851583162792947,-2.0614891449265484,-0.6976310775893569,1.0
6,2,18,Si1,-1.6881465157049518,2.5545511238117244,-0.9502565732407131,2.0
7,2,10,Si1,-0.8738493250258785,0.16311505174722465,2.9531549771927574,3.0
8,2,20,Si1,2.986548112509937,-0.6304551339995723,-0.6885569896769117,4.0
