,neighbor_num,isite,atom,x,y,z,front_index
0,0,10,Si1,0.0,0.0,0.0,
1,1,24,O1,-0.7644188235739031,-1.3121723041476596,-0.5341309525800948,0.0
2,1,38,O1,5.551115123125783e-17,-1.1102230246251565e-16,1.6097186615852996,0.0
3,1,54,O1,1.5190256278492793,5.551115123125783e-17,-0.5352900931906219,0.0
4,1,62,O1,-0.7557684698720798,1.3166273724895305,-0.5361074279475881,0.0
5,2,0,Si1,-2.2112924338553843,-1.9430532917934877,-0.8446674355980704,1.0
6,2,2,Si1,-0.8307106304363439,-0.34733102194126436,2.9452865914345336,2.0
7,2,21,Si1,2.6831403844294943,-0.8337782489357217,-1.2715797227536538,3.0
8,2,12,Si1,-1.9616816162933994,2.3509557592541928,-0.2752567734283925,4.0
