,neighbor_num,isite,atom,x,y,z,front_index
0,0,9,Si1,0.0,0.0,0.0,
1,1,61,O1,-0.756984804954723,1.3157902820406546,-0.5364463916339486,0.0
2,1,53,O1,-0.7586725655742874,-1.3125439642934602,-0.5437082140014553,0.0
3,1,27,O1,0.0,9.244463733058732e-33,1.6097913430349926,0.0
4,1,37,O1,1.5185269363316007,-6.162975822039155e-33,-0.5341068367764356,0.0
5,2,15,Si1,-0.6060418232325762,2.878435449917177,-0.8934633210967219,1.0
6,2,22,Si1,-1.408637032516953,-2.7381210387311796,-0.17256410447292564,2.0
7,2,3,Si1,0.129585131171302,0.9326316167269992,2.9141275471049495,3.0
8,2,1,Si1,3.0167585557517755,0.5429550598959876,-0.2996660061444393,4.0
