,neighbor_num,isite,atom,x,y,z,front_index
0,0,17,Si1,0.0,0.0,0.0,
1,1,67,O1,0.0,0.0,1.6076912150737903,0.0
2,1,65,O1,-0.7571375206820327,1.3099445985675378,-0.5411346624911862,0.0
3,1,45,O1,1.517419489236818,1.1102230246251565e-16,-0.5380276305204413,0.0
4,1,51,O1,-0.7574447408806233,-1.3148533647627834,-0.5380276305204413,0.0
5,2,22,Si1,-0.12531332352704397,0.21680805243270396,3.1962240999323916,1.0
6,2,19,Si1,-1.5142750413640647,2.619889197135074,-1.0822693249823712,2.0
7,2,1,Si1,2.445257118275794,0.23893721743085528,-1.8323812416355265,3.0
8,2,7,Si1,-1.4276306347788277,-1.999560986565061,-1.8323812416355265,4.0
