,neighbor_num,isite,atom,x,y,z,front_index
0,0,7,Si1,0.0,0.0,0.0,
1,1,31,O1,-0.7632553734124771,-1.3106670082772054,-0.5361718011587154,0.0
2,1,51,O1,-0.7552711176172997,1.3180301811085218,-0.5344968764371592,0.0
3,1,43,O1,1.5183131116038142,-5.551115123125783e-17,-0.5377601516442274,0.0
4,1,33,O1,0.0,0.0,1.6098267288526302,0.0
5,2,13,Si1,-1.0069420582832276,-2.879538099207727,-0.2702987717450739,1.0
6,2,17,Si1,-1.9108049754407914,1.8528951738307748,-1.5197362283222493,2.0
7,2,15,Si1,2.8134539324602046,-0.8929826348406191,-0.8789147170255407,3.0
8,2,1,Si1,0.7454336875416352,-0.5351360446577308,2.932513437077416,4.0
