,neighbor_num,isite,atom,x,y,z,front_index
0,0,3,Si1,0.0,0.0,0.0,
1,1,35,O1,-0.7620073712403741,-1.3126311844711367,-0.5365503113945573,0.0
2,1,39,O1,1.5171114086006843,7.47214678383233e-17,-0.5411410716792135,0.0
3,1,47,O1,-0.7580829891624208,1.3152473670713323,-0.5373634480455731,0.0
4,1,27,O1,-1.1102230246251565e-16,-2.7936162691659873e-16,1.608691074130494,0.0
5,2,5,Si1,-0.612710420084734,-2.874908767632478,-0.8950768382451532,1.0
6,2,11,Si1,3.015090555759762,-0.5439022214870678,-0.3143746332586139,2.0
7,2,19,Si1,-1.408052713079432,2.7206740946761188,-0.09651119519376689,3.0
8,2,9,Si1,0.12744221368194286,-0.933576838164591,2.913919382712888,4.0
