,neighbor_num,isite,atom,x,y,z,front_index
0,0,5,Si1,0.0,0.0,0.0,
1,1,12,O1,1.5166654725089932,-2.465190328815662e-32,-0.5347247976505769,0.0
2,1,9,O1,-1.1102230246251565e-16,3.697785493223493e-32,1.6127237876518157,0.0
3,1,11,O1,-0.765732226139792,1.3314764950795563,-0.48882392332541924,0.0
4,1,15,O1,-0.7627660749639793,-1.310901243566796,-0.5347247976505773,0.0
5,2,0,Si1,2.7190260918649285,0.5465220216372717,-1.452247212487189,1.0
6,2,3,Si1,-0.5939134527353077,1.032713232424725,2.698492875217285,2.0
7,2,4,Si1,-1.4620178409392635,2.5421972905737573,0.31753797512321713,3.0
8,2,0,Si1,-1.839837003081016,-2.07528046549632,-1.4522472124871897,4.0
