,neighbor_num,isite,atom,x,y,z,front_index
0,0,20,Si1,0.0,0.0,0.0,
1,1,50,O1,-0.7573906294585839,-1.3141209322722465,-0.5395304362139149,0.0
2,1,53,O1,0.0,1.3684555315672042e-48,1.6099631031471635,0.0
3,1,92,O1,-0.7608430494337565,1.3160694871827556,-0.530029077148782,0.0
4,1,84,O1,1.5199091055486695,-2.16881491888314e-33,-0.5326737617178111,0.0
5,2,6,Si1,-0.7840321714050631,-2.9211862712126324,-0.43993971973538726,1.0
6,2,1,Si1,0.7600291174785353,0.6513656522744269,2.8724943586296825,2.0
7,2,30,Si1,-1.7057501539141615,2.4856573455614366,0.04863733009831761,3.0
8,2,25,Si1,2.8614340321981455,-0.8896155520619529,-0.4863995987065164,4.0
