,neighbor_num,isite,atom,x,y,z,front_index
0,0,9,Si1,0.0,0.0,0.0,
1,1,39,O1,1.5184826281669457,-3.0814879110195774e-33,-0.536042461574273,0.0
2,1,61,O1,0.0,3.0814879110195774e-33,1.6103309024319465,0.0
3,1,77,O1,-0.7581406129381714,-1.3139606904034762,-0.5379248279974549,0.0
4,1,69,O1,-0.7550606459408072,1.3183689096772888,-0.5348693011396882,0.0
5,2,3,Si1,2.364336151271758,-0.02449964218902498,-1.9053750924236494,1.0
6,2,31,Si1,0.41542024406867983,0.848578397368488,2.913606638784272,2.0
7,2,11,Si1,-0.6330541870131587,-2.902940888072049,-0.7618183807281979,3.0
8,2,27,Si1,-0.5937717998930194,2.869688891243193,-0.9327680872254777,4.0
