,neighbor_num,isite,atom,x,y,z,front_index
0,0,11,Si1,0.0,0.0,0.0,
1,1,37,O1,-0.756229405658613,-1.3176765713047824,-0.5338319511860385,0.0
2,1,63,O1,1.5189487666488433,-1.232595164407831e-32,-0.5347525218484197,0.0
3,1,77,O1,-0.7609111882207815,1.3109027950778538,-0.5414619386304566,0.0
4,1,71,O1,0.0,2.465190328815662e-32,1.6106825666014675,0.0
5,2,1,Si1,-2.1945130139723097,-2.039497386848108,-0.49568432701899656,1.0
6,2,29,Si1,2.924235252653569,-0.7822158625780391,-0.4677065882578005,2.0
7,2,9,Si1,-1.4506269717572973,1.992058366188213,-1.8263557985947216,3.0
8,2,25,Si1,0.04509377163485906,-0.91094362786978,2.936985503202601,4.0
