,neighbor_num,isite,atom,x,y,z,front_index
0,0,27,Si1,0.0,0.0,0.0,
1,1,86,O1,-0.7574764261560487,-1.3174435072098654,-0.5327460244649437,0.0
2,1,69,O1,1.5182402034174831,0.0,-0.5346755144575509,0.0
3,1,89,O1,0.0,0.0,1.6110990054744128,0.0
4,1,65,O1,-0.7591645888343445,1.3134794330356676,-0.5381708155219216,0.0
5,2,22,Si1,-0.5125492647262183,-2.8915797274402033,-0.7693276621827311,1.0
6,2,9,Si1,2.467680863913845,-0.06587383499186361,-1.8341066978657325,2.0
7,2,17,Si1,0.6846734795854756,-0.8098769093676286,2.8223683733747915,3.0
8,2,13,Si1,-0.5409582046504874,2.800276782219415,-1.1169499026431515,4.0
