,neighbor_num,isite,atom,x,y,z,front_index
0,0,1,Si1,0.0,0.0,0.0,
1,1,33,O1,-0.7605281823057326,-1.3148083198498075,-0.5348741357432351,0.0
2,1,37,O1,-0.7631652658098083,1.3131419709875216,-0.5332702973329189,0.0
3,1,45,O1,1.5178734021946862,1.232595164407831e-32,-0.5379102351689348,0.0
4,1,53,O1,1.1102230246251565e-16,0.0,1.611181753697688,0.0
5,2,3,Si1,-2.2173344272836655,-1.9912285905101885,-0.6505701043317775,1.0
6,2,11,Si1,-1.9926085328666927,2.2855253733499774,-0.16439256074000885,2.0
7,2,19,Si1,2.9381592219805257,-0.7440988449903325,-0.393852674352981,3.0
8,2,20,Si1,0.579267773989427,0.8153865608716367,2.8727580676250315,4.0
