,neighbor_num,isite,atom,x,y,z,front_index
0,0,0,Si1,0.0,0.0,0.0,
1,1,32,O1,-0.7623739470234041,-1.313764006211502,-0.5348125615556065,0.0
2,1,36,O1,0.0,0.0,1.60970191927732,0.0
3,1,52,O1,-0.761998334583352,1.3154333364782649,-0.5337605444599812,0.0
4,1,44,O1,1.5166223882390089,0.0,-0.5414273891130531,0.0
5,2,2,Si1,-2.116086268173391,-2.167740668063302,-0.3576087588487167,1.0
6,2,10,Si1,-0.9136465158106372,0.43135895081297315,2.8636199837281104,2.0
7,2,21,Si1,-0.6394889394719812,2.920494519875994,-0.5611692867617786,3.0
8,2,18,Si1,2.4128609169733224,0.15671557027528293,-1.8695253566871228,4.0
