,neighbor_num,isite,atom,x,y,z,front_index
0,0,3,Si1,0.0,0.0,0.0,
1,1,31,O1,-0.7615548747548515,1.3145872401646388,-0.5355755181977755,0.0
2,1,61,O1,-0.7624804774917745,-1.3126234301988,-0.5374173751217494,0.0
3,1,49,O1,0.0,6.162975822039155e-33,1.6099754227944671,0.0
4,1,43,O1,1.5166419596233676,0.0,-0.5390305541951416,0.0
5,2,20,Si1,-2.2621920520283454,1.796241284028158,-0.8664163770057012,1.0
6,2,18,Si1,-0.9927968658054867,-2.8961751670377227,-0.35745401620231404,2.0
7,2,26,Si1,-0.9529299942228415,0.014393150452823892,2.908803899285293,3.0
8,2,6,Si1,2.5770697443144326,-0.7221114220792544,-1.5110412407295644,4.0
