,neighbor_num,isite,atom,x,y,z,front_index
0,0,21,Si1,0.0,0.0,0.0,
1,1,30,O1,-0.7646200521945676,-1.3116111917912439,-0.5370200185219297,0.0
2,1,79,O1,-1.6653345369377348e-16,1.1102230246251565e-16,1.6095131207186655,0.0
3,1,70,O1,1.518500438712782,-5.551115123125783e-17,-0.5371187441105976,0.0
4,1,58,O1,-0.7530811510725789,1.3181162161875046,-0.5371284511620542,0.0
5,2,2,Si1,-2.2694119744679595,-1.8733137350792481,-0.6596498375887758,1.0
6,2,18,Si1,0.5890876669631058,0.7163399517476613,2.9249466157793846,2.0
7,2,12,Si1,2.7314279719152337,1.0262901318679243,-0.8014584411039034,3.0
8,2,0,Si1,-1.3464184604654224,2.0942920350358785,-1.8172363054709062,4.0
