,neighbor_num,isite,atom,x,y,z,front_index
0,0,24,Si1,0.0,0.0,0.0,
1,1,55,O1,5.551115123125783e-17,1.1102230246251565e-16,1.6109742811534682,0.0
2,1,56,O1,1.51973143828308,-1.1102230246251565e-16,-0.5344665540173488,0.0
3,1,82,O1,-0.7596940154812556,1.3096850247983727,-0.538132238314768,0.0
4,1,57,O1,-0.7545190688323347,-1.3191984808416939,-0.5344665449755908,0.0
5,2,9,Si1,0.6733492993459662,-0.6736152219947358,2.908997438956217,1.0
6,2,10,Si1,2.8273189657713016,-0.9189366347997227,-0.7288660940950616,2.0
7,2,25,Si1,-1.5193880309625105,2.6193700495967454,-1.0762644766295366,3.0
8,2,11,Si1,-0.8886452623900568,-2.910481405881537,-0.3298946003083105,4.0
