,neighbor_num,isite,atom,x,y,z,front_index
0,0,5,Si1,0.0,0.0,0.0,
1,1,45,O1,-0.7581924561683326,1.313854001182127,-0.5382273034382326,0.0
2,1,51,O1,-0.7552026432095971,-1.3164349023421325,-0.5372978503675949,0.0
3,1,33,O1,1.5204220315577208,1.0135731275475619e-33,-0.5322249476994918,0.0
4,1,63,O1,0.0,0.0,1.610333566897739,0.0
5,2,7,Si1,-1.4274658080479954,2.718842993306076,-0.1273308632973904,1.0
6,2,26,Si1,-0.7208637159796221,-2.9270319424448847,-0.5312837251129883,2.0
7,2,18,Si1,2.9549968372445874,-0.5931907681817261,-0.10388153129645328,3.0
8,2,19,Si1,-0.8482081798268504,-0.2803268299347105,2.9501202301397496,4.0
