,neighbor_num,isite,atom,x,y,z,front_index
0,0,4,Si1,0.0,0.0,0.0,
1,1,62,O1,-0.7624804817330493,-1.312623434591876,-0.5374173712619068,0.0
2,1,32,O1,-0.761554874096213,1.3145872359481776,-0.5355755164350016,0.0
3,1,50,O1,-1.1102230246251565e-16,-1.232595164407831e-32,1.6099754233734729,0.0
4,1,44,O1,1.5166419566125924,0.0,-0.5390305535031614,0.0
5,2,20,Si1,-0.992796870907049,-2.896175168915593,-0.35745401299758595,1.0
6,2,19,Si1,-2.262192056992417,1.7962412873103424,-0.8664163724409832,2.0
7,2,26,Si1,-0.952929991599825,0.014393145945854167,2.9088039005959763,3.0
8,2,8,Si1,2.577069738568162,-0.7221114237545366,-1.511041239199355,4.0
