,neighbor_num,isite,atom,x,y,z,front_index
0,0,10,Si1,0.0,0.0,0.0,
1,1,48,O1,-5.551115123125783e-17,6.162975822039155e-33,1.6125616516701615,0.0
2,1,42,O1,-0.7752643918646422,-1.291732089883365,-0.5635083710058777,0.0
3,1,53,O1,-0.767583879935847,1.321195366843492,-0.5153764355605746,0.0
4,1,37,O1,1.5257307909099034,0.0,-0.5092090996740364,0.0
5,2,14,Si1,0.5135574173929998,1.0100723860131207,2.759892307798374,1.0
6,2,4,Si1,-0.9881568840051438,-2.6051427357706523,-1.469283164960261,2.0
7,2,12,Si1,-2.235215626967419,1.9533129966604845,-0.2989522280032777,3.0
8,2,1,Si1,2.851710000962072,-0.6024777059145117,-1.19448164668608,4.0
9,3,46,O1,0.11425682821428396,0.45779150912418537,4.21683884972286,5.0
10,3,55,O1,-0.1983977940968239,2.440679047416903,2.543468100241077,5.0
11,3,33,O1,2.1110411284724115,1.1511970992865403,2.6362882558387115,5.0
12,3,58,O1,0.3419202685874605,-3.504066820971212,-1.387791793891615,6.0
13,3,46,O1,-1.229430815409472,-2.184993383636465,-3.004229459535052,6.0
14,3,92,O1,-2.257165006701784,-3.427819815802388,-0.9320622266289573,6.0
15,3,44,O1,-3.3227785915166788,0.9344927697328231,-0.9042294346328472,7.0
16,3,35,O1,-2.3458357843188553,3.3832893872036656,-1.0270175113385305,7.0
17,3,50,O1,-2.477334745116167,2.1648963510868158,1.281226843239527,7.0
18,3,61,O1,3.9139569729013455,0.5760847458197836,-1.4361579757484275,8.0
19,3,35,O1,3.5024520936702057,-1.7274196569106326,-0.2448295783105937,8.0
20,3,57,O1,2.4410217562034253,-1.2860417332301315,-2.5901485025432627,8.0
21,4,4,Si1,0.35553075961861214,0.03764215698999811,5.751785144297651,9.0
22,4,8,Si1,-1.72165820957442,2.963385382673605,2.460940079795096,10.0
23,4,3,Si1,3.6469043484586106,0.961522393621241,3.0789465787327526,11.0
24,4,6,Si1,1.3991142277899917,-4.691334167578109,-1.1499940506982564,12.0
25,4,14,Si1,-0.830130226230756,-1.6327125067475297,-4.461176001459538,13.0
26,4,16,Si1,-3.526173129398425,-4.250496895834122,-0.3948412882976555,14.0
27,4,6,Si1,-4.449173650199071,0.41937487653618927,-1.9321819837261942,15.0
28,4,1,Si1,-2.9965778770269895,4.508231338199786,-1.9766695797140172,16.0
29,4,8,Si1,-1.72165820957442,2.963385382673605,2.460940079795096,17.0
30,4,5,Si1,4.976203944840619,1.7546471975540792,-1.6778343048107744,18.0
31,4,12,Si1,3.6130722510216415,-3.157396047453813,0.48323570502465985,19.0
32,4,3,Si1,2.3032167048348544,-1.6812624991394087,-4.142121730525159,20.0
