,neighbor_num,isite,atom,x,y,z,front_index
0,0,9,Si1,0.0,0.0,0.0,
1,1,41,O1,-0.7520060712374408,-1.3082027569614734,-0.5569926112811833,0.0
2,1,52,O1,1.510361687682517,0.0,-0.5649448228084053,0.0
3,1,38,O1,1.942890293094024e-16,1.1102230246251565e-16,1.6084614864899307,0.0
4,1,51,O1,-0.7412030169810754,1.3380417154035715,-0.5105071359885375,0.0
5,2,7,Si1,-1.4519256924053252,-2.755171540095169,-0.47218353249974143,1.0
6,2,13,Si1,2.1889732095933505,0.07945095210864425,-2.0256052997763043,2.0
7,2,0,Si1,-0.41545072818848683,-0.4933487513511784,3.083183974719784,3.0
8,2,15,Si1,-0.463782810872162,2.921720078567677,-0.38658800217317624,4.0
9,3,47,O1,-0.34185800720083526,-3.892036840048535,-0.2151120651416396,5.0
10,3,63,O1,-2.2238239524462062,-3.0594758829403514,-1.8459948270859314,5.0
11,3,59,O1,-2.4797606371976975,-2.7548022557541048,0.7636828746227652,5.0
12,3,34,O1,3.7914711270298214,0.13761520223946266,-1.9000437684862936,6.0
13,3,49,O1,1.684880320496013,1.4260988146009068,-2.7555265106228712,6.0
14,3,45,O1,1.7428048395392821,-1.2176511223761115,-2.865610268483062,6.0
15,3,60,O1,0.5636328780096483,0.17137880004461437,4.167304864911727,7.0
16,3,34,O1,-1.9358266479396973,-0.07026274676274635,3.3998131121424455,7.0
17,3,56,O1,-0.30889092829144293,-2.0963841983323195,3.135461609794788,7.0
18,3,32,O1,-0.5285813511667021,3.3299352857772906,1.1678604039503295,8.0
19,3,54,O1,0.9963418062449245,3.2382015313481625,-0.9934081344791463,8.0
20,3,47,O1,-1.555313817960025,3.7524426957120007,-1.2265929708799344,8.0
21,4,15,Si1,0.7496729998870271,-4.7227594571928595,0.6248929035651186,9.0
22,4,3,Si1,-2.9957222124870873,-3.363780225785534,-3.2198061216721214,10.0
23,4,5,Si1,-3.7898086441478838,-2.8400273188778695,1.6912180461729098,11.0
24,4,0,Si1,5.311847046781031,-0.2854708023489696,-2.2166729059089554,12.0
25,4,11,Si1,1.725190398721188,3.0011710306763204,-2.41219330194948,13.0
26,4,5,Si1,1.9374891308216355,-2.632149369875662,-3.6086388344558284,14.0
27,4,20,Si1,1.5427164842077825,0.8361063514404077,5.25142575510367,15.0
28,4,13,Si1,-3.538324565376169,-0.1284269968935648,3.2742515808524346,16.0
29,4,2,Si1,0.07988193376341379,-3.6138252978486305,3.496070480442154,17.0
30,4,2,Si1,-1.133573876995775,4.030654237911906,2.48458957470386,18.0
31,4,11,Si1,1.725190398721188,3.0011710306763204,-2.41219330194948,19.0
32,4,7,Si1,-2.665381503164514,4.889307995665368,-1.483664438238037,20.0
