,neighbor_num,isite,atom,x,y,z,front_index
0,0,8,Si1,0.0,0.0,0.0,
1,1,39,O1,-0.7851496628089195,1.3082027569614734,-0.5092090996740368,0.0
2,1,55,O1,-0.7378255742016189,-1.3380417154035715,-0.5153764355605751,0.0
3,1,50,O1,-1.1102230246251565e-16,0.0,1.6125616516701604,0.0
4,1,40,O1,1.5065213803088553,0.0,-0.5635083710058777,0.0
5,2,3,Si1,-0.9509253915848134,2.7551715400951697,-1.1944816466860801,1.0
6,2,14,Si1,-0.5245687223392275,-2.921720078567677,-0.2989522280032779,2.0
7,2,12,Si1,-1.1303428648665124,-0.0794509521086441,2.759892307798373,3.0
8,2,6,Si1,2.742230790922892,0.49334875135117817,-1.4692831649602602,4.0
9,3,33,O1,-0.32124535053613346,3.892036840048535,-0.24482957831059296,5.0
10,3,63,O1,-2.5080949228040925,3.0594758829403528,-1.4361579757484284,5.0
11,3,57,O1,-0.1534766612880225,2.7548022557541034,-2.5901485025432622,5.0
12,3,48,O1,-0.5813901381028166,-3.238201531348162,1.2812268432395277,6.0
13,3,46,O1,0.9086612666223894,-3.3299352857772897,-0.9042294346328477,6.0
14,3,33,O1,-1.6937433158402335,-3.7524426957120007,-1.0270175113385316,6.0
15,3,53,O1,-1.9906074621070466,-1.426098814600907,2.5434681002410757,7.0
16,3,44,O1,-0.4513200025839519,-0.13761520223946105,4.2168388497228575,7.0
17,3,35,O1,-2.073421122609684,1.217651122376112,2.636288255838709,7.0
18,3,58,O1,2.8285273639978774,2.0963841983323195,-1.387791793891615,8.0
19,3,94,O1,4.100655053035045,-0.17137880004461375,-0.9320622266289567,8.0
20,3,44,O1,2.5061443220275397,0.07026274676274616,-3.0042294595350514,8.0
21,4,14,Si1,0.8479292429648733,4.722759457192859,0.4832357050246604,9.0
22,4,7,Si1,-4.065264454023373,3.363780225785535,-1.6778343048107753,10.0
23,4,1,Si1,0.25631154572159875,2.84002731887787,-4.14212173052516,11.0
24,4,10,Si1,-1.65491158720574,-3.0011710306763217,2.4609400797950958,12.0
25,4,4,Si1,1.9299864950559247,-4.030654237911907,-1.9321819837261935,13.0
26,4,3,Si1,-2.3234233568889135,-4.889307995665367,-1.9766695797140184,14.0
27,4,10,Si1,-1.6549115872057398,-3.0011710306763213,2.460940079795096,15.0
28,4,6,Si1,-0.21523353368860065,0.2854708023489703,5.751785144297648,16.0
29,4,1,Si1,-2.701152778889895,2.632149369875663,3.078946578732751,17.0
30,4,4,Si1,3.3024844603600263,3.6138252978486296,-1.1499940506982562,18.0
31,4,18,Si1,5.459079315147197,-0.8361063514404058,-0.3948412882976544,19.0
32,4,12,Si1,1.8271214597449803,0.12842699689356468,-4.461176001459537,20.0
