,neighbor_num,isite,atom,x,y,z,front_index
0,0,15,Si1,0.0,0.0,0.0,
1,1,47,O1,-0.7529994233924567,1.3134690355704373,-0.5371368870979648,0.0
2,1,21,O1,-1.1102230246251565e-16,1.8488927466117464e-32,1.6097932909014632,0.0
3,1,23,O1,-0.7605793209351586,-1.313593913649202,-0.5361199175752981,0.0
4,1,41,O1,1.5168018903119138,2.465190328815662e-32,-0.5376024282666584,0.0
5,2,13,Si1,-1.5059988467849135,2.6269380711408754,-1.0742737741959294,1.0
6,2,5,Si1,0.24725889708900417,-0.8747496026248996,2.938884846441512,2.0
7,2,7,Si1,-0.9296899103341036,-2.907453815785443,-0.38178128532350825,3.0
8,2,9,Si1,3.0125741826605394,-0.5637466522134562,-0.7226608461149382,4.0
