,neighbor_num,isite,atom,x,y,z,front_index
0,0,7,Si1,0.0,0.0,0.0,
1,1,35,O1,1.5203075047969639,-2.3007413867777303e-17,-0.5315189728721514,0.0
2,1,23,O1,-0.7463070850991524,-1.3239833592915131,-0.5318853180338077,0.0
3,1,27,O1,-1.1102230246251565e-16,2.352096469117915e-17,1.609135106510836,0.0
4,1,39,O1,-0.7706224173738839,1.30336805036239,-0.5454662678846529,0.0
5,2,11,Si1,2.471028817852127,0.2092345383142819,-1.813542771561679,1.0
6,2,15,Si1,-0.7169151371189967,-2.526998957677167,-1.601148626515912,2.0
7,2,5,Si1,-0.4218895239929824,0.7231121550702873,2.9833380870563664,3.0
8,2,6,Si1,-0.8201871903872515,2.889048626171612,-0.8162449211092102,4.0
