,neighbor_num,isite,atom,x,y,z,front_index
0,0,14,Si1,0.0,0.0,0.0,
1,1,46,O1,1.514004306147016,4.36380612237093e-33,-0.5371368870979656,0.0
2,1,22,O1,-0.7613248760943007,-1.313161949818228,-0.536119917575299,0.0
3,1,20,O1,0.0,-7.815754917674317e-34,1.6097932909014616,0.0
4,1,40,O1,-0.7543908192124725,1.315896069734129,-0.5376024282666569,0.0
5,2,12,Si1,3.0280086122940335,-1.6653345369377348e-15,-1.0742737741959305,1.0
6,2,6,Si1,-2.05996414957824,-2.2525893373526307,-0.3817812853235081,2.0
7,2,4,Si1,-0.8818616422960015,-0.2205535611344576,2.9388848464415114,3.0
8,2,8,Si1,-1.9873988348927973,2.33316509595473,-0.7226608461149354,4.0
