,neighbor_num,isite,atom,x,y,z,front_index
0,0,12,Si1,0.0,0.0,0.0,
1,1,18,O1,0.0,0.0,1.6097932909014618,0.0
2,1,46,O1,-0.7593726704005652,1.3097947115790411,-0.5371368870979651,0.0
3,1,16,O1,1.5178965292174615,-3.198734401623585e-17,-0.5361199175752978,0.0
4,1,42,O1,-0.7600308252377083,-1.3126466086278827,-0.5376024282666576,0.0
5,2,2,Si1,0.6331167714227756,-0.6522936326726577,2.9388848464415114,1.0
6,2,14,Si1,-1.5187453408011304,2.6195894231580823,-1.0742737741959303,2.0
7,2,0,Si1,2.9819664714877465,-0.6522936326726574,-0.38178128532350725,3.0
8,2,10,Si1,-1.0216555773577793,-2.88957321678625,-0.7226608461149369,4.0
