,neighbor_num,isite,atom,x,y,z,front_index
0,0,10,Si1,0.0,0.0,0.0,
1,1,32,O1,0.0,0.0,1.6097313836560585,0.0
2,1,34,O1,-0.7782886123716328,-1.3020777142801065,-0.5386052258890406,0.0
3,1,45,O1,-0.7501394994471745,1.322046340271905,-0.5295176006168818,0.0
4,1,42,O1,1.5129371537134961,4.930380657631324e-32,-0.5480992842264575,0.0
5,2,4,Si1,-0.901292147909742,-0.18946887225153808,2.930951024075097,1.0
6,2,6,Si1,-2.1049886503133903,-2.203254459786656,-0.3916534979352525,2.0
7,2,11,Si1,-2.1279832957920153,2.1541667277634566,-0.5346961540052837,3.0
8,2,12,Si1,3.0064460554863923,-0.5655166396469541,-0.7464082248709341,4.0
