,neighbor_num,isite,atom,x,y,z,front_index
0,0,6,Si1,0.0,0.0,0.0,
1,1,26,O1,4.5102810375396984e-17,-1.3877787807814457e-17,1.6091351065108368,0.0
2,1,39,O1,1.5141423925326922,-5.551115123125783e-17,-0.5454662678846546,0.0
3,1,22,O1,-0.759847056237033,-1.3162593407372098,-0.5318853180338062,0.0
4,1,34,O1,-0.7737601498222381,1.308674955704831,-0.531518972872151,0.0
5,2,4,Si1,0.8371727856263236,0.004866854434561291,2.9833380870563664,1.0
6,2,7,Si1,2.904316220415051,0.764366589728673,-0.8162449211092139,2.0
7,2,14,Si1,-1.810357362844743,-1.9032333710624358,-1.6011486265159103,3.0
8,2,10,Si1,-1.0775212402669427,2.233542139171067,-1.813542771561679,4.0
