,neighbor_num,isite,atom,x,y,z,front_index
0,0,21,Si1,0.0,0.0,0.0,
1,1,31,O1,-0.7883469034258082,1.30474613901012,-0.5246939197623333,0.0
2,1,39,O1,-0.7301713312509768,-1.316788792717122,-0.5765410245196696,0.0
3,1,27,O1,-5.551115123125783e-17,-1.0347422126686989e-16,1.6121901394952016,0.0
4,1,43,O1,1.5257945829419337,-2.3360148090666422e-17,-0.5209926567043289,0.0
5,2,7,Si1,-1.8402311775742821,1.1998982981166348,-1.7431593385094324,1.0
6,2,2,Si1,-1.575109251296875,-2.398800234103801,0.2695414092301024,2.0
7,2,3,Si1,1.3363440340097363,-0.36594459917663125,2.438253547511367,3.0
8,2,10,Si1,2.2922843695421062,1.211846291710393,-1.2588587086478555,4.0
