,neighbor_num,isite,atom,x,y,z,front_index
0,0,9,Si1,0.0,0.0,0.0,
1,1,44,O1,-1.1102230246251565e-16,-1.6263722318578595e-33,1.612614130138734,0.0
2,1,57,O1,1.5072903134384703,1.5857332959721175e-33,-0.5618650396995692,0.0
3,1,33,O1,-0.7454954419248648,-1.3508135918313102,-0.47079801099440777,0.0
4,1,69,O1,-0.8031135023024925,1.3066176865306667,-0.48792444963830717,0.0
5,2,23,Si1,-1.1584112697924605,-0.5736064473786407,2.5762226731186666,1.0
6,2,12,Si1,2.451351130016955,-0.40006751372214605,-1.8057568184172317,2.0
7,2,19,Si1,-0.11616295965501611,-2.7983834737404645,-0.14271401315978682,3.0
8,2,17,Si1,-1.4279980931593188,2.566382587024425,0.30079936204057456,4.0
