,neighbor_num,isite,atom,x,y,z,front_index
0,0,19,Si1,0.0,0.0,0.0,
1,1,33,O1,-0.7512899630197944,-1.3047461417302733,-0.5765049375254658,0.0
2,1,37,O1,-0.7815568184875473,1.316788796453424,-0.504696604590474,0.0
3,1,25,O1,1.5256990796918182,-2.465190328815662e-32,-0.520960050397629,0.0
4,1,45,O1,1.1102230246251565e-16,-6.162975822039155e-33,1.6122910564040343,0.0
5,2,9,Si1,-2.244290811033581,-1.1998982895084658,-1.178224952713454,1.0
6,2,4,Si1,-0.2538967902138193,2.398800239568477,-1.5777066091270515,2.0
7,2,1,Si1,2.7392693531913035,0.36594459823051534,0.4767590102610265,3.0
8,2,8,Si1,-0.45059883794577704,-1.2118462910082464,2.5760926889688363,4.0
