,neighbor_num,isite,atom,x,y,z,front_index
0,0,12,Si1,0.0,0.0,0.0,
1,1,64,O1,0.0,0.0,1.6123193280827195,0.0
2,1,48,O1,1.5222737531650552,2.465190328815662e-32,-0.5303340739610497,0.0
3,1,67,O1,-0.772005388151439,1.31405184680546,-0.5261644617787307,0.0
4,1,57,O1,-0.7502683608615632,-1.314051837726873,-0.5558207917600558,0.0
5,2,4,Si1,-0.3588949192132298,-1.1250763184912318,2.705804150345172,1.0
6,2,0,Si1,2.5088781327475953,-0.49752640942792825,-1.699391679475225,2.0
7,2,7,Si1,-0.4070948421487862,2.428888801105555,-1.6281128283994386,3.0
8,2,9,Si1,-0.5531311408497073,-2.8314049170501585,-1.0522006472902543,4.0
