,neighbor_num,isite,atom,x,y,z,front_index
0,0,3,Si1,0.0,0.0,0.0,
1,1,63,O1,0.0,0.0,1.6094444211870664,0.0
2,1,38,O1,-0.6937293160730691,1.3712239223283778,-0.4888853890006094,0.0
3,1,51,O1,-0.7960946281187834,-1.2709667690668427,-0.5818017074830923,0.0
4,1,27,O1,1.5044874028963224,-1.1102230246251565e-16,-0.5819185814953152,0.0
5,2,13,Si1,-0.6445602376105593,0.9920338303232248,2.7048825097233915,1.0
6,2,20,Si1,0.024225475395127427,2.8036027242358634,-0.6686472754347622,2.0
7,2,15,Si1,-0.6774154398266782,-2.8230984636954153,-1.000578558433345,3.0
8,2,21,Si1,1.7751953022860159,-0.043626594488665016,-2.1706196230216612,4.0
