,neighbor_num,isite,atom,x,y,z,front_index
0,0,16,Si1,0.0,0.0,0.0,
1,1,60,O1,1.522567218354438,-5.551115123125783e-17,-0.5304363122011346,0.0
2,1,52,O1,0.0,-2.7755575615628914e-17,1.6120085637425585,0.0
3,1,56,O1,-0.7717107136523953,1.3140518377268746,-0.5256443096779243,0.0
4,1,71,O1,-0.7508565027856258,-1.3140518468054592,-0.5559279381343404,0.0
5,2,0,Si1,2.4371089105905437,1.1250763184912307,-1.2290979704573601,1.0
6,2,4,Si1,-0.7793977135477814,0.49752640942792836,2.9282999794019022,2.0
7,2,8,Si1,-1.1756027619326155,2.83140491705016,-0.17617720417843424,3.0
8,2,11,Si1,-1.6714115250937192,-2.428888801105555,0.15119889644722528,4.0
