,neighbor_num,isite,atom,x,y,z,front_index
0,0,4,Si1,0.0,0.0,0.0,
1,1,28,O1,0.0,0.0,1.6131061898154242,0.0
2,1,37,O1,-0.7620822397467998,1.340984501434356,-0.47065440089378774,0.0
3,1,64,O1,-0.8206263368844577,-1.2568970362027847,-0.5805976210607954,0.0
4,1,52,O1,1.5178752360253989,1.232595164407831e-32,-0.5326079071522238,0.0
5,2,22,Si1,0.7931915953364481,1.135076294854665,2.438700492806232,1.0
6,2,19,Si1,-2.0113952316629358,2.047574309306088,0.2638048214706194,2.0
7,2,12,Si1,-2.082714835454952,-1.375344242437242,-1.5769291405965569,3.0
8,2,16,Si1,3.007647252726275,-0.557344661447748,-0.27084871210829153,4.0
