,neighbor_num,isite,atom,x,y,z,front_index
0,0,6,Si1,0.0,0.0,0.0,
1,1,47,O1,0.0,0.0,1.6126141318695364,0.0
2,1,54,O1,-0.7892833125232306,-1.2841167953276948,-0.561865040227563,0.0
3,1,30,O1,-0.7604343370720883,1.3424605880827214,-0.4707980119617754,0.0
4,1,66,O1,1.533701754973436,0.0,-0.48792444986555433,0.0
5,2,20,Si1,0.1179182332670482,1.2872592271548962,2.576222677930927,1.0
6,2,15,Si1,-1.624467385747453,-1.878904496492763,-1.8057568216759008,2.0
7,2,22,Si1,-2.3232191601318197,1.5643198654127883,-0.14271400890614772,3.0
8,2,14,Si1,2.9341594008793686,-0.1273056768590876,0.30079936895328985,4.0
