,neighbor_num,isite,atom,x,y,z,front_index
0,0,10,Si1,0.0,0.0,0.0,
1,1,70,O1,1.5004884487939116,0.0,-0.5821045928535868,0.0
2,1,43,O1,-0.7428999698810066,1.3158103462897326,-0.5632646852528839,0.0
3,1,58,O1,-5.551115123125783e-17,0.0,1.6086069796256113,0.0
4,1,34,O1,-0.8313734622556572,-1.2750174546928525,-0.5340975904330916,0.0
5,2,15,Si1,2.3414442372484707,1.0728540278429792,-1.4431221376893344,1.0
6,2,21,Si1,-1.4873804134656878,1.4677148747083875,-1.9852901213969236,2.0
7,2,14,Si1,0.06254061576554837,-0.924500828333465,2.9276818445858033,3.0
8,2,18,Si1,-2.3511243345339237,-1.5275944306433349,-0.058998429611462865,4.0
