,neighbor_num,isite,atom,x,y,z,front_index
0,0,16,Si1,0.0,0.0,0.0,
1,1,60,O1,-0.7528634555944739,1.3129030251224472,-0.5559279445789587,0.0
2,1,52,O1,1.5238994940814057,1.1102230246251565e-16,-0.5256443108393567,0.0
3,1,56,O1,-5.551115123125783e-17,-5.551115123125783e-17,1.6120085601807603,0.0
4,1,71,O1,-0.7710360378307516,-1.3129030280673721,-0.5304363142964272,0.0
5,2,0,Si1,-1.2480085637221645,2.671252872097411,0.15119888782489666,1.0
6,2,4,Si1,3.036839447996494,-0.4201212358348898,-0.17617720516528879,2.0
7,2,8,Si1,0.823705936703518,0.4201212372091875,2.9282999746127008,3.0
8,2,11,Si1,-0.264016388134495,-2.6712528752947584,-1.229097971548588,4.0
