,neighbor_num,isite,atom,x,y,z,front_index
0,0,7,Si1,0.0,0.0,0.0,
1,1,23,O1,-0.7720332475244237,1.3043081171723463,-0.5332997802111976,0.0
2,1,14,O1,-0.7518469675709517,-1.321334391077866,-0.5324182300311489,0.0
3,1,10,O1,-1.1102230246251565e-16,-3.0814879110195774e-33,1.610797196223115,0.0
4,1,17,O1,1.5173194247033837,0.0,-0.5322806071312778,0.0
5,2,5,Si1,-1.1669971880115078,2.6881444718114706,-1.2479074240774715,1.0
6,2,0,Si1,-1.0581983944099669,-2.875551092332637,-0.24048183940009255,2.0
7,2,2,Si1,0.05479423555909302,-0.9195208063482246,2.9322156332832523,3.0
8,2,1,Si1,2.7800872637498824,0.5863522592889536,-1.3367613676264116,4.0
