,neighbor_num,isite,atom,x,y,z,front_index
0,0,2,Si1,0.0,0.0,0.0,
1,1,20,O1,-0.7518282040582713,1.3160582629151694,-0.5332997802111971,0.0
2,1,10,O1,1.5202626206319578,0.0,-0.5324182300311483,0.0
3,1,12,O1,-5.551115123125783e-17,1.1102230246251565e-16,1.6107971962231147,0.0
4,1,18,O1,-0.7503914079170914,-1.3187763159483927,-0.5322806071312783,0.0
5,2,0,Si1,-1.7592581738991129,2.343717947135809,-1.2479074240774715,1.0
6,2,7,Si1,3.022614476711959,-0.502374015767671,-0.24048183940009216,2.0
7,2,5,Si1,0.7721018519853833,-0.5023740157676713,2.932215633283252,3.0
8,2,4,Si1,-1.8845214934816565,-2.1263285039342437,-1.3367613676264118,4.0
