,neighbor_num,isite,atom,x,y,z,front_index
0,0,6,Si1,0.0,0.0,0.0,
1,1,22,O1,-0.7587960528233316,-1.304308117172346,-0.5519715038624292,0.0
2,1,16,O1,0.0,-5.551115123125783e-17,1.607974154428562,0.0
3,1,15,O1,-0.751282027471545,1.321334391077865,-0.5332151062314175,0.0
4,1,9,O1,1.5199833084106116,1.1102230246251565e-16,-0.5332151062314177,0.0
5,2,4,Si1,-1.563858560545843,-2.68814447181147,-0.6881146550553336,1.0
6,2,0,Si1,-0.34111708273123476,-0.5863522592889534,3.0658531086651344,2.0
7,2,3,Si1,-0.5772146570240649,2.8755510923326355,-0.9189334016835375,3.0
8,2,1,Si1,2.785040813272139,0.9195208063482239,-0.9189334016835377,4.0
