,neighbor_num,isite,atom,x,y,z,front_index
0,0,8,Si1,0.0,0.0,0.0,
1,1,56,O1,-0.7787555332109577,-1.3263880249572446,-0.5052178451760556,0.0
2,1,58,O1,-0.7796325057513641,1.3197725940102942,-0.5247207991191042,0.0
3,1,78,O1,1.5198324020177385,-2.465190328815662e-32,-0.5574886269198658,0.0
4,1,84,O1,0.0,1.232595164407831e-32,1.6198733494554447,0.0
5,2,10,Si1,-2.114382955876552,-1.8479648666322468,-1.2569275167867087,1.0
6,2,12,Si1,-1.7949540015055083,2.5608398715787564,-0.7491591557086614,2.0
7,2,20,Si1,2.496843018567387,0.03488658671801446,-1.8491624255945518,3.0
8,2,20,Si1,0.853046417085494,0.3661570602206176,2.946105304818626,4.0
