,neighbor_num,isite,atom,x,y,z,front_index
0,0,23,Si1,0.0,0.0,0.0,
1,1,77,O1,0.0,-6.162975822039155e-33,1.6190665273672362,0.0
2,1,83,O1,-0.799893958697108,1.3067722376326574,-0.5208242095951457,0.0
3,1,81,O1,1.517725284317572,1.656007235960547e-17,-0.5663020239319254,0.0
4,1,87,O1,-0.7650420352394091,-1.3286586968569223,-0.5196413508002011,0.0
5,2,19,Si1,0.7734610192695193,-0.5346603306967533,2.936917458867,1.0
6,2,22,Si1,-1.5924273644871845,2.255992486831836,-1.564669793350249,2.0
7,2,11,Si1,2.722257150029983,-0.8526329225307148,-1.2317373575805912,3.0
8,2,11,Si1,-2.0745197377693536,-2.264036526886869,-0.3343682282449596,4.0
