,neighbor_num,isite,atom,x,y,z,front_index
0,0,13,Si1,0.0,0.0,0.0,
1,1,34,O1,1.5276502523597293,0.0,-0.5364441778277186,0.0
2,1,38,O1,-1.1102230246251565e-16,3.0814879110195774e-33,1.6202186082726615,0.0
3,1,59,O1,-0.7544190227533456,-1.317599749336744,-0.5623887816767745,0.0
4,1,63,O1,-0.7505971214779013,1.325364867893359,-0.547993106445105,0.0
5,2,2,Si1,2.403758581484624,-0.31233921899804307,-1.8636038388326326,1.0
6,2,2,Si1,0.7273192365564715,-0.6328074543107798,2.9210854126164523,2.0
7,2,9,Si1,-1.753050538459725,-2.565202452397113,-0.8291865554820329,3.0
8,2,15,Si1,-2.060246740935209,1.8434280915721364,-1.3459360160916118,4.0
