,neighbor_num,isite,atom,x,y,z,front_index
0,0,2,Si1,0.0,0.0,0.0,
1,1,41,O1,1.5244871811561267,0.0,-0.5373942241135888,0.0
2,1,34,O1,-0.7608116921928428,-1.3348672399596926,-0.5155282519804878,0.0
3,1,44,O1,0.0,0.0,1.6188992233011286,0.0
4,1,38,O1,-0.7605811824760029,1.3164821313035149,-0.5568519116982209,0.0
5,2,17,Si1,3.007021291241109,-0.25049145659059263,-1.1308589326090932,1.0
6,2,13,Si1,-1.4386214353780904,-1.972910076572823,-1.8402783945167411,2.0
7,2,6,Si1,0.6305840950102137,-0.6976030822152024,2.9368863472310256,3.0
8,2,13,Si1,-0.6192255160197927,2.9195011849621975,-0.7451517464324656,4.0
