,neighbor_num,isite,atom,x,y,z,front_index
0,0,5,Si1,0.0,0.0,0.0,
1,1,53,O1,1.5331742394185968,-1.1864244794183935e-32,-0.5196413508002,0.0
2,1,43,O1,5.551115123125783e-17,6.066962134961777e-33,1.6190665273672364,0.0
3,1,47,O1,-0.7573331266568484,1.3152705325996694,-0.5663020239319242,0.0
4,1,50,O1,-0.7333163885083398,-1.3452624653028378,-0.520824209595148,0.0
5,2,25,Si1,2.9971979085168754,-0.6680555625504837,-0.33436822824495727,1.0
6,2,1,Si1,0.07738905522527662,0.9370776657681792,2.9369174588670015,2.0
7,2,25,Si1,-0.6194879736025105,2.7845828308805056,-1.231737357580588,3.0
8,2,4,Si1,-1.1604487735519724,-2.5057305632830884,-1.5646697933502514,4.0
