,neighbor_num,isite,atom,x,y,z,front_index
0,0,23,Si1,0.0,0.0,0.0,
1,1,77,O1,-0.7682890005919036,1.3079579697858101,-0.5659985696839478,0.0
2,1,83,O1,1.515536847824787,1.7272536564444862e-33,-0.5673534580782165,0.0
3,1,81,O1,1.1102230246251565e-16,8.195122673949574e-34,1.6199345730511006,0.0
4,1,87,O1,-0.7635966016663629,-1.3233380535007369,-0.5351140139808654,0.0
5,2,19,Si1,-1.9916017221094524,2.3349269194354982,-0.3020374796844113,1.0
6,2,22,Si1,2.969658299717829,-0.6013962814845337,-0.944971253301175,2.0
7,2,11,Si1,-0.6326884343251489,-0.6063333432290483,2.9810919193295824,3.0
8,2,11,Si1,-1.4261902597668477,-2.042131640103428,-1.8267389953047255,4.0
