,neighbor_num,isite,atom,x,y,z,front_index
0,0,7,Si1,0.0,0.0,0.0,
1,1,55,O1,1.5331742394185968,-2.0095962122389205e-33,-0.5196413508002,0.0
2,1,45,O1,-5.551115123125783e-17,-6.162975822039155e-33,1.619066527367238,0.0
3,1,49,O1,-0.757333126656849,1.3152705325996692,-0.566302023931924,0.0
4,1,51,O1,-0.73331638850834,-1.3452624653028387,-0.5208242095951472,0.0
5,2,27,Si1,2.9971979085168754,-0.6680555625504838,-0.33436822824495716,1.0
6,2,3,Si1,0.07738905522527717,0.9370776657681805,2.936917458867002,2.0
7,2,27,Si1,-0.6194879736025111,2.784582830880506,-1.2317373575805894,3.0
8,2,6,Si1,-1.160448773551972,-2.5057305632830893,-1.5646697933502516,4.0
