,neighbor_num,isite,atom,x,y,z,front_index
0,0,29,Si1,0.0,0.0,0.0,
1,1,70,O1,-0.7902409074845467,1.303755487127766,-0.5484972894329039,0.0
2,1,95,O1,5.551115123125783e-17,5.551115123125783e-17,1.6187292906870647,0.0
3,1,66,O1,-0.7430194485896366,-1.33863118014877,-0.5267602035187002,0.0
4,1,91,O1,1.5268943688651515,0.0,-0.5386017911482861,0.0
5,2,18,Si1,-1.5397426770376268,1.9209561940755409,-1.8442609150683722,1.0
6,2,31,Si1,0.953054311705283,0.13362541397022443,2.9203114986975724,2.0
7,2,18,Si1,-0.4925713438508732,-2.925613066560112,-0.7394538727241071,3.0
8,2,25,Si1,3.0300388027236234,0.38259806261145823,-1.0067192917816827,4.0
