,neighbor_num,isite,atom,x,y,z,front_index
0,0,16,Si1,0.0,0.0,0.0,
1,1,64,O1,1.5364585836575424,-1.634849814982477e-17,-0.5155282519804882,0.0
2,1,40,O1,-0.7548837855822118,1.324466547623768,-0.537394224113589,0.0
3,1,74,O1,0.0,-2.5507280928288872e-17,1.6188992233011286,0.0
4,1,68,O1,-0.767134125915682,-1.3126744341357535,-0.5568519116982231,0.0
5,2,31,Si1,2.4264194797907237,-0.2729364626868401,-1.8402783945167411,1.0
6,2,3,Si1,-1.2713678966252404,2.7365209093359644,-1.1308589326090914,2.0
7,2,20,Si1,0.2938261749136687,0.8932818928712267,2.9368863472310256,3.0
8,2,31,Si1,-2.2298241635526916,-1.9836359566014594,-0.7451517464324662,4.0
