,neighbor_num,isite,atom,x,y,z,front_index
0,0,4,Si1,0.0,0.0,0.0,
1,1,52,O1,1.533174239418597,1.232595164407831e-32,-0.5196413508001999,0.0
2,1,42,O1,0.0,3.0814879110195774e-32,1.6190665273672358,0.0
3,1,46,O1,-0.757333126656849,1.3152705325996679,-0.5663020239319259,0.0
4,1,50,O1,-0.7333163885083409,-1.345262465302839,-0.5208242095951472,0.0
5,2,24,Si1,2.9971979085168754,-0.6680555625504839,-0.33436822824495727,1.0
6,2,0,Si1,0.07738905522527717,0.9370776657681805,2.9369174588669997,2.0
7,2,24,Si1,-0.6194879736025105,2.784582830880505,-1.2317373575805899,3.0
8,2,5,Si1,-1.160448773551975,-2.505730563283091,-1.5646697933502502,4.0
