,neighbor_num,isite,atom,x,y,z,front_index
0,0,31,Si1,0.0,0.0,0.0,
1,1,64,O1,0.0,1.1102230246251565e-16,1.6191008768634523,0.0
2,1,95,O1,-0.7499939522286732,1.334333025902968,-0.5266393112304588,0.0
3,1,68,O1,-0.7791746398887186,-1.315228270710536,-0.5368145071354327,0.0
4,1,93,O1,1.5314612483832915,-1.1102230246251565e-16,-0.525475734739998,0.0
5,2,16,Si1,0.7590114195928077,0.6683980339318925,2.8854420990657035,1.0
6,2,29,Si1,-0.5908103599964499,2.619447393062126,-1.4979405846844833,2.0
7,2,16,Si1,-0.983156942799341,-2.9010847062684486,-0.28158211373907327,3.0
8,2,27,Si1,2.901789445195654,-0.1346577713843572,-1.379306150326012,4.0
