,neighbor_num,isite,atom,x,y,z,front_index
0,0,31,Si1,0.0,0.0,0.0,
1,1,61,O1,-0.7571446349167545,1.314205609742272,-0.5353049672982457,0.0
2,1,86,O1,-0.7585749090444621,-1.3163586124618778,-0.5340062956453667,0.0
3,1,94,O1,1.5162570587531823,0.0,-0.5425553681873977,0.0
4,1,45,O1,0.0,0.0,1.6101355350544877,0.0
5,2,4,Si1,-1.5453797197809473,2.0326485609480316,-1.7420933431153591,1.0
6,2,24,Si1,-1.2622038331820802,-2.1582641424504763,-1.8103877561029504,2.0
7,2,28,Si1,2.395474382448855,0.18655188895436225,-1.8788102414091188,3.0
8,2,3,Si1,0.8013350134941997,-0.14667822549643894,2.9983279876114097,4.0
