,neighbor_num,isite,atom,x,y,z,front_index
0,0,12,Si1,0.0,0.0,0.0,
1,1,57,O1,-0.7605669399825363,1.3150824084072985,-0.5343171360966557,0.0
2,1,74,O1,-0.7582566723628923,-1.312750987556851,-0.5424648419306655,0.0
3,1,62,O1,-1.1102230246251565e-16,6.938158718221138e-33,1.6104042336530968,0.0
4,1,90,O1,1.5176839099332882,-4.3662259039047625e-33,-0.5325329477178521,0.0
5,2,11,Si1,-0.8036476802839644,2.923743392296346,-0.5784820088059491,1.0
6,2,16,Si1,-1.6740399080745256,-2.60496587484976,-0.25566815214739735,2.0
7,2,15,Si1,0.6426626983858956,0.7396475226964637,2.8884136209582763,3.0
8,2,23,Si1,2.8409388778619573,0.8545151692694424,-0.8681117350330221,4.0
