,neighbor_num,isite,atom,x,y,z,front_index
0,0,18,Si1,0.0,0.0,0.0,
1,1,76,O1,1.5189937094760408,-4.680760752665203e-33,-0.5323426523709375,0.0
2,1,36,O1,-0.7595551689165023,1.3184083688849377,-0.5282542474451254,0.0
3,1,84,O1,-0.7622283536727048,-1.30934627130659,-0.5410429878374186,0.0
4,1,79,O1,1.1102230246251565e-16,1.548977607936586e-33,1.6104961270713503,0.0
5,2,14,Si1,2.590811667136433,0.37840321448829095,-1.672760871335731,1.0
6,2,9,Si1,-2.0811107193625333,2.2014957821114787,-0.26730164921610355,2.0
7,2,21,Si1,-1.9973680018381925,-1.8341941284129968,-1.4312587007207411,3.0
8,2,27,Si1,0.24496540001747336,0.9676707260293094,2.873173197111423,4.0
