,neighbor_num,isite,atom,x,y,z,front_index
0,0,1,Si1,0.0,0.0,0.0,
1,1,51,O1,1.5150510622837359,0.0,-0.5410429878374192,0.0
2,1,67,O1,-0.7572672792972945,1.31972381560662,-0.528254247445126,0.0
3,1,43,O1,-0.7642119155164708,-1.3127536088735121,-0.5323426523709378,0.0
4,1,48,O1,0.0,6.162975822039155e-33,1.6104961270713511,0.0
5,2,6,Si1,2.5900419228740037,0.8033865030151726,-1.431258700720743,1.0
6,2,26,Si1,-0.8555742631014849,2.906131136961756,-0.26730164921610533,2.0
7,2,29,Si1,-1.6304737253769788,-2.0486701828651315,-1.6727608713357305,3.0
8,2,8,Si1,-0.9595291318761254,0.2751336517056083,2.873173197111424,4.0
