,neighbor_num,isite,atom,x,y,z,front_index
0,0,19,Si1,0.0,0.0,0.0,
1,1,37,O1,-0.7521610774921322,1.3197238190767886,-0.535499754047273,0.0
2,1,85,O1,-5.551115123125783e-17,5.551115123125783e-17,1.6087595239651227,0.0
3,1,78,O1,1.5166865003960404,-5.551115123125783e-17,-0.5416270328720196,0.0
4,1,77,O1,-0.758346901373224,-1.3127536018881882,-0.540664913721752,0.0
5,2,8,Si1,-0.5394703637102416,2.9061311436543105,-0.7158416120595988,1.0
6,2,20,Si1,-0.476830730138577,0.8033865070680932,2.9205224032623787,2.0
7,2,26,Si1,2.383114145271517,0.27513366083689306,-1.8699164109226853,3.0
8,2,15,Si1,-2.1236701025227287,-2.048670170750033,-0.972933119032618,4.0
