,neighbor_num,isite,atom,x,y,z,front_index
0,0,19,Si1,0.0,0.0,0.0,
1,1,37,O1,1.519018513755757,1.1102230246251565e-16,-0.5354997540472727,0.0
2,1,85,O1,5.551115123125783e-17,-5.551115123125783e-17,1.608759523965123,0.0
3,1,78,O1,-0.7510063518153303,-1.3176977650495636,-0.5416270328720193,0.0
4,1,77,O1,-0.7650158072581834,1.3088784728682388,-0.5406649137217525,0.0
5,2,8,Si1,2.791973279640191,-0.9703152597039623,-0.7158416120595978,1.0
6,2,20,Si1,0.9340911991630956,0.016463796330463687,2.9205224032623796,2.0
7,2,26,Si1,-0.9409926506582087,-2.206686292186984,-1.8699164109226847,3.0
8,2,15,Si1,-0.7283234662388699,2.859470073526853,-0.9729331190326193,4.0
