,neighbor_num,isite,atom,x,y,z,front_index
0,0,30,Si1,0.0,0.0,0.0,
1,1,60,O1,1.5150119586788657,-6.162975822039155e-33,-0.5400875446957504,0.0
2,1,87,O1,0.0,-3.0814879110195774e-33,1.6104032542540427,0.0
3,1,44,O1,-0.7592519299331464,-1.3156766425580788,-0.5339175220622507,0.0
4,1,95,O1,-0.7565428904028357,1.3174025623972876,-0.5343174521615905,0.0
5,2,5,Si1,3.0242242693481014,0.531188158689456,-0.3558856213943383,1.0
6,2,25,Si1,0.45315187373837307,0.7532381184496546,2.9590627242392427,2.0
7,2,2,Si1,-2.033382134948016,-1.987952214959296,-1.2518091325317495,3.0
8,2,29,Si1,-0.606013981661129,2.9159894850579593,-0.657859730130674,4.0
