,neighbor_num,isite,atom,x,y,z,front_index
0,0,0,Si1,0.0,0.0,0.0,
1,1,42,O1,0.0,0.0,1.6095746615247557,0.0
2,1,66,O1,-0.7497374940878312,1.318408378391954,-0.5420980256948312,0.0
3,1,50,O1,-0.7626906660541644,-1.3093462521303232,-0.540391104566524,0.0
4,1,49,O1,1.5198633226915201,3.1746765482146277e-17,-0.532647410167764,0.0
5,2,28,Si1,-0.7217519717424941,0.3784032122800004,2.9982508446096365,1.0
6,2,27,Si1,-0.940554993288913,2.2014958107177773,-1.8755874309097467,2.0
7,2,7,Si1,-2.011312208300163,-1.834194102141008,-1.4115961636795709,3.0
8,2,9,Si1,2.792500199171166,0.9676707174932565,-0.719079247852252,4.0
