,neighbor_num,isite,atom,x,y,z,front_index
0,0,26,Si1,0.0,0.0,0.0,
1,1,73,O1,-0.7619902417459754,1.311423157528454,-0.541934561462629,0.0
2,1,67,O1,-0.7532821158606363,-1.319597397019842,-0.5344880622208343,0.0
3,1,78,O1,2.7755575615628914e-17,5.551115123125783e-17,1.6095800902633584,0.0
4,1,88,O1,1.519491709799564,-1.1102230246251565e-16,-0.5317345141979527,0.0
5,2,25,Si1,-1.334871783802801,2.04127551393215,-1.8584736501904389,1.0
6,2,1,Si1,-0.5109075134507315,-2.890095142926286,-0.7971068237875907,2.0
7,2,19,Si1,0.7718544790361437,-0.6338531212848094,2.872975779289833,3.0
8,2,29,Si1,2.502452380991176,0.0031924132709360564,-1.807342905790002,4.0
