,neighbor_num,isite,atom,x,y,z,front_index
0,0,8,Si1,0.0,0.0,0.0,
1,1,54,O1,-0.7515720832002862,1.3196213506175887,-0.5341680840348122,0.0
2,1,37,O1,0.0,-3.0814879110195774e-33,1.6107292525293013,0.0
3,1,48,O1,1.5183800804178318,0.0,-0.5341067269892201,0.0
4,1,40,O1,-0.7638041140545098,-1.3119045871755697,-0.5382030494763248,0.0
5,2,15,Si1,-2.1175268126522115,2.1717030267047943,-0.5731950924726373,1.0
6,2,19,Si1,0.16497802625502667,0.9890755118164618,2.8711613667248423,2.0
7,2,1,Si1,2.7658807479943164,0.9845624967522095,-0.7950215592565723,3.0
8,2,11,Si1,-2.121834584604532,-2.171258680693344,-0.4313542030789951,4.0
