,neighbor_num,isite,atom,x,y,z,front_index
0,0,30,Si1,0.0,0.0,0.0,
1,1,60,O1,1.5167084040319951,0.0,-0.5353049672982453,0.0
2,1,87,O1,-0.7619229641881144,1.3144235666355681,-0.5340062971799493,0.0
3,1,44,O1,0.0,0.0,1.610135535054487,0.0
4,1,95,O1,-0.7569193305597472,-1.3138145203662872,-0.5425553697219812,0.0
5,2,5,Si1,2.532717623876716,0.32434563098433195,-1.742093343115358,1.0
6,2,25,Si1,-1.2400089372736116,2.1710919993860127,-1.810387763829604,2.0
7,2,2,Si1,-0.527122987867537,-0.6211229053474857,2.9983279860768253,3.0
8,2,29,Si1,-1.0341823343300658,-2.1687706249395715,-1.8788102414091192,4.0
