,neighbor_num,isite,atom,x,y,z,front_index
0,0,0,Si1,0.0,0.0,0.0,
1,1,52,O1,1.563459775987624,8.806777071729476e-18,-0.37203836298160187,0.0
2,1,48,O1,-0.7435437600088124,1.2931628892027907,-0.5964012698745941,0.0
3,1,40,O1,-0.7544219840552673,-1.3392466900769073,-0.46645828775874865,0.0
4,1,36,O1,-5.551115123125783e-17,-2.523625286220337e-17,1.6027134242331815,0.0
5,2,8,Si1,3.112293326534758,0.31835942464839456,-0.0640559590013352,1.0
6,2,1,Si1,-0.98278226174932,2.8809340195311854,-0.6470947876853417,2.0
7,2,15,Si1,-1.14101774529269,-2.9010853018546965,-0.4946131661490826,3.0
8,2,4,Si1,-1.1102230246251565e-16,-2.7251711064943804e-16,3.205426848466363,4.0
