,neighbor_num,isite,atom,x,y,z,front_index
0,0,15,Si1,0.0,0.0,0.0,
1,1,71,O1,1.4273448044256707,0.0,-0.7418720093870672,0.0
2,1,40,O1,-0.8363520967120049,1.3179408000000001,-0.39132601120380883,0.0
3,1,67,O1,2.7755575615628914e-17,1.1102230246251565e-16,1.6060869587866844,0.0
4,1,41,O1,-0.8363520967120045,-1.3179408000000001,-0.39132601120380894,0.0
5,2,17,Si1,2.2968521100443446,0.0,-2.1034469423342976,1.0
6,2,0,Si1,-1.9129870453071605,2.2225137000000004,-1.1678069299492462,2.0
7,2,31,Si1,5.551115123125783e-17,2.220446049250313e-16,3.212173917573369,3.0
8,2,1,Si1,-1.9129870453071596,-2.2225137,-1.1678069299492457,4.0
