,neighbor_num,isite,atom,x,y,z,front_index
0,0,17,Si1,0.0,0.0,0.0,
1,1,62,O1,1.5156599866071203,1.232595164407831e-32,-0.5495782708016329,0.0
2,1,63,O1,-0.721502918577732,-1.332913625665861,-0.5495782708016334,0.0
3,1,71,O1,1.1102230246251565e-16,6.162975822039155e-33,1.615527546207276,0.0
4,1,68,O1,-0.7800873561942219,1.3092990141875287,-0.5358442504198135,0.0
5,2,10,Si1,2.8630342265993742,-0.4469042760449429,-1.3101167046078304,1.0
6,2,11,Si1,-0.9698763341119924,-2.730572890650645,-1.3101167046078315,2.0
7,2,15,Si1,0.4113605873119004,-0.6904278183288203,3.0090049101845575,3.0
8,2,12,Si1,-1.316512048707601,2.2096344901015246,-1.7562260960343767,4.0
