,neighbor_num,isite,atom,x,y,z,front_index
0,0,18,Si1,0.0,0.0,0.0,
1,1,72,O1,-0.5997869893734777,1.4115038121471546,-0.46540614079490317,0.0
2,1,88,O1,1.4800777644719183,-1.413544887180964e-16,-0.6262498109996582,0.0
3,1,84,O1,-0.8706671631264087,-1.2304074068598334,-0.5557502676249955,0.0
4,1,76,O1,-1.1102230246251565e-16,1.6607768897746301e-16,1.6063366898401648,0.0
5,2,22,Si1,-1.1995739787469546,2.823007624294307,-0.9308122815898052,1.0
6,2,26,Si1,2.580819687179519,0.4605875883713173,-1.7085240575548593,2.0
7,2,19,Si1,-1.616983050542629,-1.9996747168710707,-1.752438388108188,3.0
8,2,33,Si1,0.2299495389079288,0.5576541846613191,3.0982260452917147,4.0
