,neighbor_num,isite,atom,x,y,z,front_index
0,0,20,Si1,0.0,0.0,0.0,
1,1,74,O1,1.488176020344368,-2.292898208080197e-33,-0.5949978593988791,0.0
2,1,78,O1,-0.7245358368172179,1.321577616876156,-0.555695946418693,0.0
3,1,90,O1,-0.6347686678217094,-1.3553844125256218,-0.5855090497129187,0.0
4,1,85,O1,0.0,1.3179184282125556e-32,1.6064937148234915,0.0
5,2,24,Si1,2.9763520406887376,-2.220446049250313e-16,-1.1899957187977588,1.0
6,2,32,Si1,-1.1817958501344203,2.4352345623356464,-1.6235303516870772,2.0
7,2,28,Si1,-0.5329477714945509,-2.856778138841736,-1.1604356844882684,3.0
8,2,21,Si1,0.5082030245312912,-0.584039050046429,3.014133629590579,4.0
