,neighbor_num,isite,atom,x,y,z,front_index
0,0,0,Si1,0.0,0.0,0.0,
1,1,52,O1,1.480077764471919,5.631172068964829e-17,-0.6262498109996586,0.0
2,1,48,O1,-0.870667163126409,-1.2304074068598327,-0.5557502676249946,0.0
3,1,40,O1,-1.1102230246251565e-16,-1.3295484649423162e-16,1.6063366898401659,0.0
4,1,36,O1,-0.5997869893734771,1.411503812147153,-0.46540614079490294,0.0
5,2,8,Si1,2.5808196871795204,0.46058758837131714,-1.7085240575548601,1.0
6,2,1,Si1,-1.616983050542629,-1.9996747168710693,-1.7524383881081866,2.0
7,2,15,Si1,0.22994953890792824,0.5576541846613197,3.098226045291715,3.0
8,2,4,Si1,-1.199573978746954,2.8230076242943056,-0.9308122815898054,4.0
