,neighbor_num,isite,atom,x,y,z,front_index
0,0,7,Si1,0.0,0.0,0.0,
1,1,51,O1,0.0,0.0,1.606493714823491,0.0
2,1,39,O1,1.488176020344369,0.0,-0.5949978593988785,0.0
3,1,47,O1,-0.7245358368172186,1.321577616876159,-0.5556959464186917,0.0
4,1,59,O1,-0.6347686678217099,-1.3553844125256216,-0.5855090497129197,0.0
5,2,6,Si1,0.5082030245312896,-0.5840390500464306,3.014133629590578,1.0
6,2,3,Si1,2.976352040688737,-2.2204460492503136e-16,-1.189995718797757,2.0
7,2,12,Si1,-1.181795850134418,2.4352345623356486,-1.6235303516870756,3.0
8,2,8,Si1,-0.5329477714945524,-2.8567781388417357,-1.1604356844882695,4.0
