,neighbor_num,isite,atom,x,y,z,front_index
0,0,33,Si1,0.0,0.0,0.0,
1,1,107,O1,1.5074794635825453,1.6098875853413632e-33,-0.5614204626746708,0.0
2,1,76,O1,-0.8039762658365885,-1.2810954750461654,-0.5495501585948133,0.0
3,1,103,O1,-0.9358546457839699,1.2454521483690815,-0.39056413976715465,0.0
4,1,77,O1,0.0,-4.8654720550891864e-33,1.609219944266131,0.0
5,2,35,Si1,2.9558449291004543,-0.7053892333506953,-0.6822209606972707,1.0
6,2,18,Si1,-1.4384446877515868,-2.75680227801876,-0.5420126271850145,2.0
7,2,13,Si1,-1.8717092915679405,2.4909042967381634,-0.7811282795343096,3.0
8,2,19,Si1,-0.08265673028289089,-0.5964228100653354,3.0984362676051442,4.0
