,neighbor_num,isite,atom,x,y,z,front_index
0,0,1,Si1,0.0,0.0,0.0,
1,1,48,O1,-0.7523270627525844,1.2931628892027902,-0.5852826568472194,0.0
2,1,53,O1,5.551115123125783e-17,-1.1555579666323415e-33,1.607115121782289,0.0
3,1,41,O1,-0.6284320745560956,-1.3392466900769073,-0.6259464768762825,0.0
4,1,37,O1,1.5591776452486257,0.0,-0.3710193940674803,0.0
5,2,0,Si1,-0.8570259572309857,2.8809340195311854,-0.8062872607768036,1.0
6,2,9,Si1,0.6581629310031122,0.3183594246483944,3.0425802327185663,2.0
7,2,15,Si1,-0.7453169644196069,-2.9010853018546965,-0.9955231296907041,3.0
8,2,5,Si1,3.1183552904972505,6.661338147750939e-16,-0.7420387881349613,4.0
