,neighbor_num,isite,atom,x,y,z,front_index
0,0,24,Si1,0.0,0.0,0.0,
1,1,82,O1,-0.8895346773639391,1.216654278761033,-0.5556959464186915,0.0
2,1,87,O1,0.0,-1.232595164407831e-32,1.606493714823491,0.0
3,1,74,O1,-0.6311694248681957,-1.3476991595454677,-0.5949978593988794,0.0
4,1,94,O1,1.4966623424692607,-7.437825252869896e-17,-0.58550904971292,0.0
5,2,30,Si1,-1.704133201479763,2.1030784190332428,-1.6235303516870752,1.0
6,2,25,Si1,0.31336798860103987,-0.7079353288556993,3.014133629590578,2.0
7,2,20,Si1,-1.2623388497363903,-2.6953983190909327,-1.1899957187977583,3.0
8,2,27,Si1,2.8131469516456202,-0.7289848353374865,-1.1604356844882704,4.0
