,neighbor_num,isite,atom,x,y,z,front_index
0,0,25,Si1,0.0,0.0,0.0,
1,1,87,O1,1.4960836431701412,3.105624323472475e-33,-0.5852826568472201,0.0
2,1,83,O1,-0.8415823995220566,1.2166542787610322,-0.6259464768762819,0.0
3,1,95,O1,0.0,3.360476942870049e-33,1.6071151217822879,0.0
4,1,75,O1,-0.7840547843126116,-1.3476991595454675,-0.3710193940674803,0.0
5,2,24,Si1,2.9211473578746046,-0.707935328855699,-0.806287260776804,1.0
6,2,30,Si1,-2.132804367373073,2.103078419033242,-0.9955231296907036,2.0
7,2,26,Si1,-0.055787784120206574,-0.7289848353374866,3.0425802327185645,3.0
8,2,21,Si1,-1.5681095686252227,-2.695398319090933,-0.7420387881349605,4.0
