,neighbor_num,isite,atom,x,y,z,front_index
0,0,23,Si1,0.0,0.0,0.0,
1,1,81,O1,-1.1102230246251565e-16,-3.0814879110195774e-33,1.606336689840164,0.0
2,1,73,O1,1.5336516698154263,0.0,-0.4654061407949012,0.0
3,1,93,O1,-0.5788350796097497,-1.362196806448088,-0.6262498109996592,0.0
4,1,86,O1,-0.7919072711634567,1.2825157190773813,-0.5557502676249959,0.0
5,2,31,Si1,0.42331011574354915,-0.42972494228684227,3.0982260452917156,1.0
6,2,19,Si1,3.067303339630854,-4.440892098500626e-16,-0.9308122815898033,2.0
7,2,28,Si1,-0.5854138531883673,-2.555398560849218,-1.7085240575548601,3.0
8,2,22,Si1,-1.2080338232134942,2.2702395118153773,-1.752438388108188,4.0
