,neighbor_num,isite,atom,x,y,z,front_index
0,0,13,Si1,0.0,0.0,0.0,
1,1,45,O1,0.0,6.162975822039155e-33,1.6092199442661297,0.0
2,1,103,O1,-0.9358546457839694,-1.2454521483690837,-0.3905641397671544,0.0
3,1,44,O1,-0.80397626583659,1.2810954750461647,-0.5495501585948142,0.0
4,1,69,O1,1.5074794635825455,0.0,-0.5614204626746714,0.0
5,2,5,Si1,-0.08265673028288956,0.5964228100653373,3.098436267605143,1.0
6,2,33,Si1,-1.8717092915679383,-2.4909042967381665,-0.781128279534308,2.0
7,2,4,Si1,-1.4384446877515884,2.756802278018761,-0.5420126271850161,3.0
8,2,16,Si1,2.9558449291004547,0.7053892333506968,-0.6822209606972722,4.0
