,neighbor_num,isite,atom,x,y,z,front_index
0,0,4,Si1,0.0,0.0,0.0,
1,1,28,O1,1.5156080774307767,2.465190328815662e-32,-0.5368888981924311,0.0
2,1,52,O1,-0.7587839596474654,-1.3154343505955772,-0.5359538145682791,0.0
3,1,64,O1,0.0,-6.162975822039155e-33,1.6091452352453868,0.0
4,1,40,O1,-0.762211184311085,1.3089026489080273,-0.5412451070085038,0.0
5,2,13,Si1,3.031356169070756,0.0017945768536241635,-1.073379378592017,1.0
6,2,19,Si1,-1.2334455729154707,-2.8311025046283302,-0.26984573965945147,2.0
7,2,20,Si1,-0.08456801412695814,0.8370167601564815,2.9808593389553044,3.0
8,2,23,Si1,-1.297823156569617,2.8223255764907327,-0.44220406689370484,4.0
9,3,44,O1,3.2817538224535303,1.311296694870706,-1.9731813111067122,5.0
10,3,58,O1,3.28518104711715,-1.3130403046328987,-1.9678900186664876,5.0
11,3,71,O1,4.043965006764616,0.0023940459626789106,0.17720903114717812,5.0
12,3,65,O1,-0.2736569331127405,-3.5075087622008008,0.8304400140446397,6.0
13,3,38,O1,-1.1500143522290465,-3.6616383498962026,-1.644759453290677,6.0
14,3,34,O1,-2.749053650346248,-2.8311025046283302,0.26704315853297955,6.0
15,3,37,O1,0.3924288503409299,2.3510391664235493,2.721343550847746,7.0
16,3,35,O1,-1.6000216298590944,0.8354879666534096,3.518181900114354,7.0
17,3,51,O1,0.8755573288806345,0.1596632449696232,4.082094400453956,7.0
18,3,32,O1,-2.8137257108756772,2.822059802715488,0.09385274782309816,8.0
19,3,48,O1,-1.2453396618833485,3.500278560786648,-1.9019959538985487,8.0
20,3,61,O1,-0.3697823339701549,3.6599418153315764,0.5709532085938557,8.0
21,4,8,Si1,3.758750687888859,2.825319091562467,-2.2326970964981045,9.0
22,4,10,Si1,3.8231282715430055,-2.8281089895565965,-2.0603387692638515,10.0
23,4,11,Si1,4.9720058303315176,0.8400102752282154,1.1903663093509043,11.0
24,4,5,Si1,0.48657737443748394,-4.820697976492578,1.3660950098070945,12.0
25,4,2,Si1,-0.8938542220153275,-4.978118988723717,-2.532677803847712,13.0
26,4,10,Si1,-4.2648017419862265,-2.832897081481955,0.8035336389325657,14.0
27,4,1,Si1,0.6428265046911461,3.660541274865325,1.8215416210492164,15.0
28,4,11,Si1,-3.115924183197715,0.8352221833028574,4.054238717547321,16.0
29,4,3,Si1,1.636128339635723,-1.1544732269365456,4.618698704010972,17.0
30,4,8,Si1,-4.329179325640373,2.8205309996371084,0.6311753116983121,18.0
31,4,0,Si1,-0.9933018359120191,4.8150145113771785,-2.7971570856779224,19.0
32,4,1,Si1,0.6428265046911463,3.6605412748653245,1.8215416210492168,20.0
