,neighbor_num,isite,atom,x,y,z,front_index
0,0,4,Si1,0.0,0.0,0.0,
1,1,40,O1,1.1102230246251565e-16,0.0,1.6274732675970935,0.0
2,1,28,O1,-0.7804819791419083,-1.3212113734358089,-0.5451373787118939,0.0
3,1,51,O1,-0.7746969786538345,1.3230386990495893,-0.5447645086921516,0.0
4,1,48,O1,1.5322231458097169,-2.465190328815662e-32,-0.546112578839811,0.0
5,2,14,Si1,0.46993428184459696,0.8163916966342157,2.9546264634102495,1.0
6,2,18,Si1,-2.2346277246025616,-1.5402890651908214,-1.2438306263370151,2.0
7,2,7,Si1,-0.8748025647706779,2.9414706896811156,-0.6736190027960608,3.0
8,2,5,Si1,2.979821861640096,0.7313918402401931,-0.6760322147887841,4.0
9,3,57,O1,-0.2174409765742007,2.291129750444382,2.958881414256627,5.0
10,3,22,O1,-0.011882103449937897,0.014036087307046587,4.287294772395355,5.0
11,3,58,O1,2.0894791478893504,0.968091051394793,2.9575333441089677,5.0
12,3,24,O1,-2.384238833965894,-0.5096925288664357,-2.4953075272881327,6.0
13,3,26,O1,-2.3710268873134077,-3.067755951890428,-1.7905913754686151,6.0
14,3,30,O1,-3.4027631979890343,-1.26249640657061,-0.1442862238794167,6.0
15,3,50,O1,0.48547443082466524,3.521163175160731,-1.3525580982835643,7.0
16,3,29,O1,-2.139410949564937,3.343040131853107,-1.6177768237942287,7.0
17,3,43,O1,-1.0682746451549632,3.596286241026605,0.8036942289090636,7.0
18,3,31,O1,3.945764652586983,-0.18903336604043913,-1.6096800814876149,8.0
19,3,49,O1,2.792394555288216,2.1981244761111403,-1.3539061684312226,8.0
20,3,41,O1,3.643228223868979,0.8929679855289189,0.8012810169163402,8.0
21,4,13,Si1,-0.40486828292608124,3.757862386315331,2.281007460614189,9.0
22,4,16,Si1,-1.1800175768364107,0.29182874592725677,5.386839174852952,10.0
23,4,15,Si1,3.4497561434846924,1.5477835368744095,2.2785942486214656,11.0
24,4,8,Si1,-1.4337267367435884,-0.17270439856052897,-3.7739365304775916,12.0
25,4,10,Si1,-3.6202045783830883,-3.923599846304976,-2.389768059976156,13.0
26,4,6,Si1,-3.8845795832835686,-2.0648520158977792,1.1883820851056885,14.0
27,4,6,Si1,2.1050192968694192,3.672862529921307,-1.3496512175848452,15.0
28,4,19,Si1,-2.307208598189489,4.3741668924128465,-2.8665076559260427,16.0
29,4,13,Si1,-0.40486828292608124,3.757862386315331,2.281007460614189,17.0
30,4,19,Si1,3.827552029137355,-1.7170304769754001,-2.1591868994385193,18.0
31,4,6,Si1,2.1050192968694192,3.672862529921307,-1.3496512175848452,19.0
32,4,15,Si1,3.4497561434846924,1.5477835368744095,2.2785942486214656,20.0
