,neighbor_num,isite,atom,x,y,z,front_index
0,0,8,Si1,0.0,0.0,0.0,
1,1,48,O1,0.0,0.0,1.611983899720094,0.0
2,1,56,O1,1.5060019948083019,-6.162975822039155e-33,-0.5560680883692454,0.0
3,1,22,O1,-0.765771960115766,1.332186485088599,-0.4880589689978373,0.0
4,1,34,O1,-0.8003535020040904,-1.289637883062305,-0.5385630008626122,0.0
5,2,16,Si1,-0.7798571382451742,0.9266758851533597,2.6751266444724573,1.0
6,2,12,Si1,3.0120039896166038,-1.232595164407831e-32,-1.1121361767384907,2.0
7,2,2,Si1,-1.7714266449754221,2.3270700749144604,0.28683968845775154,3.0
8,2,6,Si1,-2.3065605510040146,-1.5837792616642847,-1.0259427364953813,4.0
9,3,51,O1,0.2808474352903839,1.6603934751869738,3.641429989014079,5.0
10,3,38,O1,-1.6414685102478015,2.0206761415363124,1.864678413186385,5.0
11,3,37,O1,-1.760225476260398,0.025782582052802958,3.582488882595015,5.0
12,3,52,O1,3.0120039896166038,-9.43689570931383e-16,-2.7241200764585827,6.0
13,3,30,O1,3.812357491620694,1.2896378830623045,-0.5735731758758784,6.0
14,3,26,O1,3.77777594973237,-1.3321864850886,-0.6240772077406531,6.0
15,3,46,O1,-1.3577961185882752,3.8505687244745603,-0.01005388216010239,7.0
16,3,38,O1,-1.6414685102478015,2.0206761415363115,1.864678413186385,7.0
17,3,30,O1,-3.2776336939753463,2.03292869631248,-0.20054004717501694,7.0
18,3,47,O1,-2.720191077391161,-3.107277911224384,-0.729049165877527,8.0
19,3,26,O1,-3.31221523586367,-0.588895671838423,-0.2510440790397921,8.0
20,3,42,O1,-2.4365186857316345,-1.2773853282861363,-2.6037814612240124,8.0
21,4,11,Si1,0.448171227270451,1.6428518119942717,5.244610306896831,9.0
22,4,2,Si1,-1.771426644975422,2.327070074914462,0.28683968845775126,10.0
23,4,1,Si1,-1.7862471476158899,-0.2642589534338415,5.168534336155067,11.0
24,4,18,Si1,3.791861127861778,-0.9266758851533597,-3.7872628212109483,12.0
25,4,2,Si1,5.318564540620619,1.5837792616642845,-0.08619344024310971,13.0
26,4,6,Si1,4.783430634592026,-2.3270700749144617,-1.3989758651962423,14.0
27,4,7,Si1,-1.4844711422082155,5.405428334259464,-0.3930018839767908,15.0
28,4,16,Si1,-0.7798571382451742,0.9266758851533597,2.6751266444724573,16.0
29,4,12,Si1,-4.0779871959794365,0.7432908132501761,-0.7391030480376295,17.0
30,4,3,Si1,-2.5935160537712205,-4.662137521009289,-0.346101164060839,18.0
31,4,12,Si1,-4.0779871959794365,0.7432908132501759,-0.7391030480376295,19.0
32,4,18,Si1,-3.2981300577342623,-0.18338507190318376,-3.4142296925100863,20.0
