,neighbor_num,isite,atom,x,y,z,front_index
0,0,10,Si1,0.0,0.0,0.0,
1,1,39,O1,-5.551115123125783e-17,1.5075467610356853e-33,1.6117313887511702,0.0
2,1,43,O1,1.524002805741396,-4.6961962222520295e-33,-0.5155328589134834,0.0
3,1,26,O1,-0.7501452684544777,1.3142401483476933,-0.5462339032914613,0.0
4,1,28,O1,-0.725607011734024,-1.3316795200935407,-0.5475537587025585,0.0
5,2,8,Si1,0.716418506833207,0.9521862796559438,2.6969796927754737,1.0
6,2,6,Si1,3.054978184670173,0.3460211076360045,-0.8687218847915115,2.0
7,2,12,Si1,-0.5379617842955756,2.8308459850711687,-1.0463183995142535,3.0
8,2,0,Si1,-0.05293697546425569,-2.627054045668673,-1.2325434370617712,4.0
