,neighbor_num,isite,atom,x,y,z,front_index
0,0,6,Si1,0.0,0.0,0.0,
1,1,32,O1,1.1102230246251565e-16,-2.6963019221421302e-33,1.6123557295655404,0.0
2,1,43,O1,-0.7325236608235666,-1.3382377898171929,-0.510771387271514,0.0
3,1,37,O1,1.5159469260403016,0.0,-0.547341735277389,0.0
4,1,22,O1,-0.7837952188650342,1.2875245404975475,-0.5623719277093369,0.0
5,2,4,Si1,-0.3672944958712687,-1.2104664637460911,2.612134050910901,1.0
6,2,10,Si1,-1.416669303158894,-2.517039593343766,-1.365598696500249,2.0
7,2,9,Si1,2.1363459278750216,-0.17350536046592085,-2.024730999979381,3.0
8,2,13,Si1,-1.7408945875955246,1.8268460043435197,-1.7406302823700686,4.0
