,neighbor_num,isite,atom,x,y,z,front_index
0,0,14,Si1,0.0,0.0,0.0,
1,1,47,O1,-0.7566650488165658,-1.3130778018967486,-0.5346620776692421,0.0
2,1,21,O1,1.5184689825917181,-1.232595164407831e-32,-0.5380070094561547,0.0
3,1,19,O1,-0.7613988668325301,1.3137807343388779,-0.5380070117755074,0.0
4,1,20,O1,1.1102230246251565e-16,-3.0814879110195774e-33,1.6109623205698917,0.0
5,2,15,Si1,-1.5133300976331325,-2.6261556037934977,-1.0693241553384838,1.0
6,2,5,Si1,2.996138825184877,0.5833757407011249,-0.28407561315639307,2.0
7,2,3,Si1,-0.60093106623872,2.8847814096744617,-0.8454538081576627,3.0
8,2,4,Si1,0.13727076632213442,0.9265764778141748,2.918987295825888,4.0
