,neighbor_num,isite,atom,x,y,z,front_index
0,0,10,Si1,0.0,0.0,0.0,
1,1,39,O1,-0.7883580144326551,1.294881876676365,-0.547220829300815,0.0
2,1,43,O1,-0.7449747518454923,-1.3215698517135797,-0.5355599188528309,0.0
3,1,26,O1,-1.1102230246251565e-16,1.387363252818319e-16,1.6088245921848139,0.0
4,1,28,O1,1.5106419140464018,-3.1370792560114897e-17,-0.5636062507723509,0.0
5,2,8,Si1,-2.3371192471737032,1.7345896412665662,-0.47189623037526685,1.0
6,2,6,Si1,-1.7734899641947535,-2.518911708954,-0.8468277146214305,2.0
7,2,12,Si1,-0.7689320531061614,-0.5370883901684347,2.91858760782854,3.0
8,2,0,Si1,2.1526898154089635,-0.9431611981032558,-1.7028658548184121,4.0
