,neighbor_num,isite,atom,x,y,z,front_index
0,0,7,Si1,0.0,0.0,0.0,
1,1,44,O1,-0.7449747541490154,-1.3215698573829076,-0.5355599146120678,0.0
2,1,23,O1,-5.551115123125783e-17,0.0,1.608824592532673,0.0
3,1,31,O1,1.5106419141057708,0.0,-0.5636062512937364,0.0
4,1,38,O1,-0.7883580200031537,1.2948818748798108,-0.5472208269511253,0.0
5,2,9,Si1,-1.7734899640595734,-2.5189117120060347,-0.8468277101708788,1.0
6,2,13,Si1,-0.7689320526962289,-0.5370883871762082,2.9185876091697636,2.0
7,2,3,Si1,2.152689815678443,-0.9431611995007776,-1.7028658542784585,3.0
8,2,11,Si1,-2.337119249013096,1.7345896398389549,-0.4718962313813559,4.0
