,neighbor_num,isite,atom,x,y,z,front_index
0,0,2,Si1,0.0,0.0,0.0,
1,1,20,O1,-0.747664497719886,1.329081813900722,-0.5138415365455413,0.0
2,1,30,O1,-0.7356376033588218,-1.3181823089966913,-0.5589288532115473,0.0
3,1,32,O1,-1.1102230246251565e-16,-4.1669322977597246e-33,1.610354460251417,0.0
4,1,28,O1,1.5123958760360845,3.3743881118783346e-34,-0.5513625858376168,0.0
5,2,0,Si1,-0.6444158091159354,2.864116657602348,-0.9851228281503321,1.0
6,2,12,Si1,-0.5988376489385185,-2.8785162657587784,-0.9320837533826803,2.0
7,2,4,Si1,-0.09865336873171437,-1.037756601354664,2.8380251399907057,3.0
8,2,16,Si1,2.9790018501372475,-0.5834460478805941,-0.23352644940265976,4.0
9,3,22,O1,-0.22834708659095326,3.821786696350377,0.23875629601095816,5.0
10,3,24,O1,0.4463938366568482,3.007196285639425,-2.1596259365019206,5.0
11,3,26,O1,-2.0876246125783506,3.312743541048502,-1.5440350122744313,5.0
12,3,43,O1,-1.6526203349569442,-3.233810106066225,-2.098029450129845,6.0
13,3,52,O1,0.8947685243629533,-3.2310333915349125,-1.4149549353239568,6.0
14,3,40,O1,-0.9505143359532194,-3.756775321397398,0.371519286172285,6.0
15,3,36,O1,1.358109547343262,-1.6745813289874691,3.088711754384798,7.0
16,3,38,O1,-1.1723455918819294,-2.1748603124464156,2.4577899236020384,7.0
17,3,34,O1,-0.6057142131241191,-0.2975688775505985,4.173243089869137,7.0
18,3,57,O1,3.136075519350803,-0.7536251867293812,1.3592309369912936,8.0
19,3,50,O1,3.1668653308202,-2.018204922507629,-0.938580179178774,8.0
20,3,49,O1,4.065342388155766,0.4515565998433085,-0.8171624572690207,8.0
21,4,14,Si1,0.7029568061489555,4.360608463026265,1.4358943063412097,9.0
22,4,18,Si1,1.8877242531314748,3.4612387635595665,-2.7143488888713923,10.0
23,4,6,Si1,-2.607800973989842,4.4949703586239185,-2.505766106552789,11.0
24,4,7,Si1,-3.25487909530817,-3.2995259644355746,-2.2421952337758966,12.0
25,4,10,Si1,2.4768091871328326,-3.446770876882141,-1.2156424689379768,13.0
26,4,6,Si1,-1.62243934873451,-3.5836827831280207,1.8247184191828327,14.0
27,4,15,Si1,2.904469081176988,-1.7004038036611728,2.6408154812133304,15.0
28,4,6,Si1,-1.62243934873451,-3.5836827831280207,1.8247184191828327,16.0
29,4,8,Si1,-0.5924235553317423,0.698288144700624,5.436763299456368,17.0
30,4,15,Si1,2.904469081176988,-1.7004038036611728,2.6408154812133304,18.0
31,4,10,Si1,2.4768091871328326,-3.446770876882141,-1.2156424689379768,19.0
32,4,9,Si1,4.1998494381525955,1.9619165184492686,-1.3600535038160735,20.0
