,neighbor_num,isite,atom,x,y,z,front_index
0,0,8,Si1,0.0,0.0,0.0,
1,1,70,O1,0.0,0.0,1.6106477822986505,0.0
2,1,64,O1,1.5193722488658379,0.0,-0.5322989825070535,0.0
3,1,30,O1,-0.7630595585965663,1.3139223566378415,-0.5314343161261776,0.0
4,1,37,O1,-0.7605152488210742,-1.3136305235738817,-0.5356940955924168,0.0
5,2,11,Si1,0.05896801128842666,-0.9313852496193229,2.9233665522794103,1.0
6,2,16,Si1,3.003026121452905,-0.5481895239751858,-0.23522815307557687,2.0
7,2,0,Si1,-1.5230479104785097,2.0764947648662213,-1.727621959761258,3.0
8,2,17,Si1,-0.6005203353600121,-2.873661781353464,-0.903436041427533,4.0
