,neighbor_num,isite,atom,x,y,z,front_index
0,0,9,Si1,0.0,0.0,0.0,
1,1,71,O1,-0.7556712468756468,1.319236750312151,-0.5317533596736754,0.0
2,1,36,O1,1.5181793640881398,0.0,-0.5348908391448834,0.0
3,1,31,O1,-1.1102230246251565e-16,0.0,1.6096814231067114,0.0
4,1,65,O1,-0.7651338344164296,-1.3076360214689597,-0.5445112099418946,0.0
5,2,10,Si1,-0.8729094775455406,2.3623730894140236,-1.7533539685338453,1.0
6,2,16,Si1,2.485040326347651,-0.3900561059565427,-1.7627206807587807,2.0
7,2,1,Si1,0.6283352705150398,-0.545204447531304,2.9873282404179324,3.0
8,2,17,Si1,-1.578849491591787,-1.9144346999881772,-1.7933722387461848,4.0
