,neighbor_num,isite,atom,x,y,z,front_index
0,0,23,Si1,0.0,0.0,0.0,
1,1,62,O1,-0.7545988148554393,1.3173644794261261,-0.5348908460350099,0.0
2,1,57,O1,0.0,0.0,1.6096814223922777,0.0
3,1,43,O1,-0.7543668446495896,-1.31387687708985,-0.5445112055263212,0.0
4,1,46,O1,1.520337016648944,0.0,-0.5317533586452936,0.0
5,2,6,Si1,-1.5736312954028817,1.9624611254623525,-1.7627206996346347,1.0
6,2,15,Si1,-0.7853973460246,0.2742337164012378,2.9873282309825604,2.0
7,2,7,Si1,-0.8764513325288703,-2.321563927218168,-1.793372219555022,3.0
8,2,20,Si1,2.4837663957708456,0.41675179434162757,-1.7533539693120463,4.0
