,neighbor_num,isite,atom,x,y,z,front_index
0,0,3,Si1,0.0,0.0,0.0,
1,1,29,O1,0.0,6.162975822039155e-33,1.6108688493799377,0.0
2,1,33,O1,-0.7493117609928585,-1.3217099681822484,-0.5306397049017059,0.0
3,1,59,O1,1.5120705681961617,0.0,-0.5423202500652455,0.0
4,1,25,O1,-0.7741104192851327,1.3120304882081268,-0.5145692108335616,0.0
5,2,5,Si1,0.7419617521786861,-0.4061373402222004,2.979822211830296,1.0
6,2,11,Si1,-2.103574681094171,-2.1834302512715595,-0.6509907686525791,2.0
7,2,13,Si1,3.024141136392324,4.440892098500626e-16,-1.0846405001304935,3.0
8,2,2,Si1,-1.6635442790089967,2.2874505962340668,-1.4326734739794809,4.0
