,neighbor_num,isite,atom,x,y,z,front_index
0,0,21,Si1,0.0,0.0,0.0,
1,1,41,O1,-0.7678239904045585,1.3076360214689622,-0.5407111632659247,0.0
2,1,55,O1,1.518207926633887,1.1102230246251565e-16,-0.5349009024117295,0.0
3,1,47,O1,-0.7526466915502448,-1.3192367503121494,-0.5360257704414113,0.0
4,1,60,O1,-5.551115123125783e-17,-1.1102230246251565e-16,1.6096511396399487,0.0
5,2,5,Si1,-2.216115508874749,1.9144346999881803,-0.8931862936308105,1.0
6,2,13,Si1,3.026364377041353,0.5452044475313027,-0.40006735126328374,2.0
7,2,22,Si1,-1.9437858420749798,-2.362373089414021,-0.24066095468746862,3.0
8,2,4,Si1,-0.8367656963307513,0.3900561059565434,2.929578944386523,4.0
