,neighbor_num,isite,atom,x,y,z,front_index
0,0,8,Si1,0.0,0.0,0.0,
1,1,40,O1,1.5177888157750439,-1.2981415629363719e-49,-0.5362947820310094,0.0
2,1,44,O1,-0.7582860247489402,1.312565377621353,-0.5362973179689261,0.0
3,1,32,O1,-0.750871980146107,-1.3197627787973838,-0.5310537395486091,0.0
4,1,36,O1,-1.1102230246251565e-16,-2.988657662722345e-49,1.6097499751593407,0.0
5,2,15,Si1,3.048915552476398,0.43045653738158285,-0.2879944233739552,1.0
6,2,4,Si1,-1.5165720494978805,2.625130755242706,-1.0725946359378522,2.0
7,2,10,Si1,-1.8815025842993462,-2.138209136080329,-1.3306915290248496,3.0
8,2,13,Si1,0.7442166829200463,0.43045653738158274,2.9706848306224667,4.0
9,3,35,O1,3.7666607684729456,0.6811147481388022,-1.7056025721407948,5.0
10,3,38,O1,3.0909743628832578,1.7878262499591306,0.5763397147750603,5.0
11,3,47,O1,3.8116676003539895,-0.7379762679710782,0.5110140070914244,5.0
12,3,18,O1,-0.7657000693517739,3.94489353404009,-0.5415408963892435,6.0
13,3,27,O1,-1.516572049497881,2.625130755242706,-2.6823446110971934,6.0
14,3,23,O1,-3.034360865272925,2.6251307552427066,-0.5362998539068438,6.0
15,3,42,O1,-2.6971335275612045,-3.065122311276295,-0.2977960296797302,7.0
16,3,38,O1,-1.1793447117861602,-3.065122311276295,-2.443840786870081,7.0
17,3,46,O1,-2.8934455620836497,-1.1139089029963605,-2.0463875687914967,7.0
18,3,42,O1,1.5731855471082135,1.7878262499591302,2.7223844719654107,8.0
19,3,45,O1,1.751693637575699,-0.7379762679710786,3.4236697578926605,8.0
20,3,35,O1,-0.35328715708363423,0.681114748138802,4.119708929461674,8.0
21,4,13,Si1,4.864164608476625,0.4304565373815828,-2.8546266709800032,9.0
22,4,10,Si1,2.388816490370071,2.7147394251550954,1.6894889726202913,10.0
23,4,11,Si1,4.574419648231581,-1.9064090733237395,1.3100224375568053,11.0
24,4,6,Si1,0.3649305348014652,4.763339891323035,0.25809689308699735,12.0
25,4,1,Si1,-2.260788732417927,2.194674217861124,-4.0432794665603184,13.0
26,4,3,Si1,-4.565487601974279,2.194674217861124,-0.7846002125638978,14.0
27,4,13,Si1,-3.526102391749373,-4.422492023853843,-0.04949567102267505,15.0
28,4,15,Si1,-1.2214035221930208,-4.4224920238538425,-3.3081749250190975,16.0
29,4,6,Si1,-3.9053885398679533,-0.08960866991239014,-2.7620836085581444,17.0
30,4,10,Si1,2.388816490370071,2.7147394251550954,1.6894889726202913,18.0
31,4,9,Si1,2.759170592231351,-1.9064090733237387,3.8766546851628525,19.0
32,4,15,Si1,-1.0710323730801834,0.4304565373815825,5.537317078228513,20.0
