,neighbor_num,isite,atom,x,y,z,front_index
0,0,0,Si1,0.0,0.0,0.0,
1,1,32,O1,-0.7656406508749553,1.3132691046441507,-0.529192696259582,0.0
2,1,24,O1,-0.764094224614981,-1.3102601406672962,-0.5370524352870932,0.0
3,1,26,O1,0.0,-5.759983872328564e-17,1.6090515649161934,0.0
4,1,28,O1,1.5162751404687704,7.581201330140458e-17,-0.5398513201828583,0.0
5,2,16,Si1,-1.0049785240575755,2.707376330688108,-1.295123165293457,1.0
6,2,2,Si1,-0.8848131152181997,-2.764348759428249,-1.2153592808965423,2.0
7,2,2,Si1,0.6433753340117624,-0.1438284780936568,3.076848719510031,3.0
8,2,10,Si1,2.834340657428945,0.5023749991086556,-1.3158473511373332,4.0
