,neighbor_num,isite,atom,x,y,z,front_index
0,0,11,Si1,0.0,0.0,0.0,
1,1,47,O1,-0.7609699972893492,-1.3115731990599069,-0.5367304327026834,0.0
2,1,31,O1,0.0,0.0,1.609921484665016,0.0
3,1,44,O1,1.5163441539659754,-1.232595164407831e-32,-0.5367304327026846,0.0
4,1,30,O1,-0.758279441894614,1.316617711363984,-0.5323319236234733,0.0
5,2,8,Si1,-1.521939994578699,-2.6231463981198124,-1.073460865405366,1.0
6,2,3,Si1,0.2891632561887477,-0.502080688911382,3.1115304026590946,2.0
7,2,8,Si1,3.0326883079319504,6.661338147750938e-16,-1.0734608654053677,3.0
8,2,2,Si1,-1.369929357279919,2.378639266027861,-1.5756556260021874,4.0
