,neighbor_num,isite,atom,x,y,z,front_index
0,0,11,Si1,0.0,0.0,0.0,
1,1,47,O1,-0.756771823779658,-1.3140000000000003,-0.5367304327026841,0.0
2,1,31,O1,1.5193649692806999,9.363809570530219e-33,-0.5323319236234731,0.0
3,1,44,O1,-0.7567718237796592,1.3139999999999998,-0.5367304327026838,0.0
4,1,30,O1,0.0,-3.096209851601192e-33,1.6099214846650163,0.0
5,2,8,Si1,-1.513543647559315,-2.6280000000000006,-1.073460865405367,1.0
6,2,3,Si1,2.7449282689766106,1.9569707726432235e-16,-1.5756556260021863,2.0
7,2,8,Si1,-1.5135436475593167,2.6279999999999997,-1.0734608654053672,3.0
8,2,2,Si1,-0.5793965886225156,4.293706710913164e-17,3.111530402659095,4.0
