,neighbor_num,isite,atom,x,y,z,front_index
0,0,13,Si1,0.0,0.0,0.0,
1,1,49,O1,1.5196069091432522,0.0,-0.5290007374695638,0.0
2,1,51,O1,-0.7528176101338386,-1.3200268194958322,-0.529000737469564,0.0
3,1,57,O1,1.1102230246251565e-16,0.0,1.6096354423469803,0.0
4,1,53,O1,-0.7609151076331078,1.3099144063862702,-0.5437482840654853,0.0
5,2,15,Si1,2.7584274704990905,0.4833733466370658,-1.4349371387042962,1.0
6,2,15,Si1,-1.7864215680550908,-2.1566802923545985,-1.434937138704296,2.0
7,2,5,Si1,-0.2877662693051415,0.49538927280254585,3.112714648937364,3.0
8,2,22,Si1,-1.5693420572804528,2.7016203893939976,-0.5057021182876953,4.0
