,neighbor_num,isite,atom,x,y,z,front_index
0,0,12,Si1,0.0,0.0,0.0,
1,1,50,O1,0.0,5.551115123125783e-17,1.609051564916193,0.0
2,1,48,O1,-0.7470949177468491,1.3200268194958311,-0.5370524352870941,0.0
3,1,56,O1,1.5201583297423567,5.551115123125783e-17,-0.5291926962595827,0.0
4,1,52,O1,-0.7636848496240387,-1.3099144063862724,-0.5398513201828568,0.0
5,2,14,Si1,-0.4482952813563451,-0.4833733466370643,3.0768487195100316,1.0
6,2,14,Si1,-1.9424851168500434,2.1566802923545976,-1.2153592808965428,2.0
7,2,4,Si1,2.8450760795063648,-0.49538927280254597,-1.2951231652934578,3.0
8,2,22,Si1,-0.9935365487463349,-2.7016203893940016,-1.3158473511373285,4.0
