,neighbor_num,isite,atom,x,y,z,front_index
0,0,1,Si1,0.0,0.0,0.0,
1,1,25,O1,1.515841122830627,0.0,-0.5396967934820769,0.0
2,1,29,O1,0.0,0.0,1.6095122706915772,0.0
3,1,33,O1,-0.7553430117647824,-1.3132691046441505,-0.543789895662669,0.0
4,1,27,O1,-0.7622287540121622,1.3102601406672958,-0.5396967934820759,0.0
5,2,3,Si1,3.114406978495234,0.14382847809365742,-0.42590965645950096,1.0
6,2,10,Si1,-0.2889472108345098,-0.5023749991086552,3.1115029685347912,2.0
7,2,17,Si1,-1.5571810715495076,-2.707376330688107,-0.5123601833716257,3.0
8,2,3,Si1,-1.441732775190344,2.764348759428249,-0.4259096564594993,4.0
