,neighbor_num,isite,atom,x,y,z,front_index
0,0,20,Si1,0.0,0.0,0.0,
1,1,37,O1,1.5157766012936906,3.341203111349211e-17,-0.5407615890822854,0.0
2,1,36,O1,-0.7623902453595416,1.3100915306993126,-0.5407615890822849,0.0
3,1,46,O1,-2.220446049250313e-16,-2.3326429031243007e-16,1.6083184067785363,0.0
4,1,56,O1,-0.756384386755899,-1.315304917904182,-0.5372795798067656,0.0
5,2,4,Si1,3.104540500642268,0.1269203248468337,-0.7598916354681629,1.0
6,2,4,Si1,-1.4517931926641956,2.747103386245459,-0.7598916354681616,2.0
7,2,10,Si1,-4.440892098500626e-16,-4.665285806248601e-16,3.2166368135570726,3.0
8,2,12,Si1,-1.5352709832033575,-2.6697397644389125,-0.15134126275785625,4.0
9,3,36,O1,3.7939434479469223,-1.3100915306993126,-0.5407615890822858,5.0
10,3,24,O1,3.7097518431809102,1.1793448184652686,0.29799675736666,5.0
11,3,44,O1,3.4032418649718124,0.6463432272316882,-2.251861824422742,5.0
12,3,37,O1,-3.040557092012773,2.6201830613986252,-0.5407615890822842,6.0
13,3,24,O1,-0.8465818501255543,3.799527879863894,0.29799675736666126,6.0
14,3,44,O1,-1.1530918283346518,3.2665262886303137,-2.2518618244227406,6.0
15,3,64,O1,0.7623902453595408,-1.310091530699314,3.757398402639358,7.0
16,3,65,O1,-1.5157766012936906,-7.219852166633835e-16,3.757398402639359,7.0
17,3,34,O1,0.7563843867558987,1.3153049179041818,3.753916393363838,7.0
18,3,53,O1,-0.5644289300837172,-3.6173467004088025,0.711151849261989,8.0
19,3,52,O1,-2.8425957767369496,-2.3072551697094896,0.7111518492619894,8.0
20,3,48,O1,-1.975439710292989,-3.4351655209537113,-1.4963363576664335,8.0
21,4,20,Si1,4.556333693306464,-2.6201830613986252,-1.1102230246251565e-15,9.0
22,4,0,Si1,4.14992057027054,1.9447705749800661,1.6429918522752376,10.0
23,4,7,Si1,3.5084242259539424,0.8292487433938261,-3.8457501343112,11.0
24,4,20,Si1,-4.556333693306464,2.6201830613986252,1.1102230246251565e-15,12.0
25,4,0,Si1,-0.4064131230359235,4.564953636378691,1.6429918522752387,13.0
26,4,7,Si1,-1.0479094673525213,3.449431804792451,-3.845750134311199,14.0
27,4,18,Si1,1.4517931926641958,-2.7471033862454584,3.9765284490252353,15.0
28,4,18,Si1,-3.104540500642268,-0.126920324846833,3.9765284490252366,16.0
29,4,2,Si1,1.535270983203357,2.669739764438911,3.36797807631493,17.0
30,4,14,Si1,0.40641312303592325,-4.564953636378692,1.5736449612818346,18.0
31,4,14,Si1,-4.149920570270541,-1.9447705749800668,1.5736449612818353,19.0
32,4,16,Si1,-2.58065105283163,-4.487590014572147,-2.5542247505012563,20.0
