,neighbor_num,isite,atom,x,y,z,front_index
0,0,15,Si1,0.0,0.0,0.0,
1,1,51,O1,-0.7607876153120167,1.312358983796969,-0.5362396893249654,0.0
2,1,59,O1,-0.7591148585059911,-1.3143672244544564,-0.5350606499032846,0.0
3,1,55,O1,1.1102230246251565e-16,-1.31101614780635e-32,1.6076030497251126,0.0
4,1,54,O1,1.5140402655331289,2.3327483875186038e-33,-0.5404346767462774,0.0
5,2,19,Si1,-1.204432713843087,2.8284071934432404,-0.8489420848670854,1.0
6,2,23,Si1,-0.8020604692695386,-2.923109934815013,-0.5653307811596543,2.0
7,2,13,Si1,-1.1102230246251565e-15,-2.2204460492503128e-16,3.2152060994502243,3.0
8,2,13,Si1,3.0280805310662564,2.2204460492503136e-16,-1.0808693534925555,4.0
9,3,67,O1,-0.011953224827725872,3.5885841112225068,-1.6160282572850744,5.0
10,3,66,O1,-1.5259934903608552,3.5885841112225063,0.5320094691863168,5.0
11,3,68,O1,-2.5185356065674713,2.81407613576702,-1.775184984663186,5.0
12,3,42,O1,-0.6817090694558757,-3.4297438409989685,-2.0881043778981607,6.0
13,3,47,O1,0.42214221045248934,-3.509163976110737,0.2975461261828736,6.0
14,3,43,O1,-2.195749334989005,-3.4297438409989685,0.05993334857322996,6.0
15,3,54,O1,-1.5140402655331295,-3.885780586188048e-16,3.7556407761965027,7.0
16,3,49,O1,0.7607876153120158,-1.312358983796967,3.7514457887751904,7.0
17,3,57,O1,0.75911485850599,1.3143672244544564,3.7502667493535085,7.0
18,3,49,O1,3.788868146378276,-1.3123589837969671,-0.5446296641675904,8.0
19,3,55,O1,3.0280805310662586,1.1102230246251565e-16,-2.6884724032176672,8.0
20,3,57,O1,3.7871953895722474,1.314367224454457,-0.5458087035892708,8.0
21,4,11,Si1,1.381735640891741,4.095218017406464,-2.2412923870179577,9.0
22,4,11,Si1,-1.6463448901745181,4.095218017406464,2.054783065924823,10.0
23,4,16,Si1,-3.794596367316976,3.1983861057769767,-2.674613960808461,11.0
24,4,7,Si1,-0.3601482929381089,-4.189920758778235,-3.4690559319515626,12.0
25,4,9,Si1,1.6463448901745164,-4.095218017406461,1.160423033525402,13.0
26,4,7,Si1,-3.388228824004366,-4.189920758778235,0.8270195209912177,14.0
27,4,15,Si1,-3.0280805310662577,1.7025604822754423e-16,4.2960754529427785,15.0
28,4,17,Si1,1.2044327138430848,-2.8284071934432395,4.064148184317309,16.0
29,4,21,Si1,0.8020604692695368,2.9231099348150122,3.7805368806098785,17.0
30,4,17,Si1,4.2325132449093426,-2.828407193443239,-0.23192726862547053,18.0
31,4,15,Si1,3.0280805310662577,-1.7025604822754423e-16,-4.2960754529427785,19.0
32,4,21,Si1,3.8301410003357965,2.9231099348150127,-0.5155385723329018,20.0
