,neighbor_num,isite,atom,x,y,z,front_index
0,0,10,Si1,0.0,0.0,0.0,
1,1,27,O1,-1.1102230246251565e-16,0.0,1.6078821745713006,0.0
2,1,34,O1,1.5152955228910696,0.0,-0.5436514163038789,0.0
3,1,22,O1,-0.7623266651729116,1.3134999999999994,-0.5304741634463178,0.0
4,1,13,O1,-0.7623266651729116,-1.3135000000000003,-0.5304741634463178,0.0
5,2,3,Si1,0.4666532655700648,0.0,3.146556873007017,1.0
6,2,4,Si1,2.3898907822251756,0.0,-1.8966379200696637,2.0
7,2,1,Si1,-1.1057863198577045,2.626999999999999,-1.3933648088410884,3.0
8,2,1,Si1,-1.1057863198577045,-2.6270000000000002,-1.3933648088410884,4.0
