,neighbor_num,isite,atom,x,y,z,front_index
0,0,24,Si1,0.0,0.0,0.0,
1,1,77,O1,-0.7519197838314106,1.3201141512705734,-0.5307314108580282,0.0
2,1,78,O1,1.5192382083471636,-4.6815141729808266e-33,-0.530731410858028,0.0
3,1,80,O1,-0.7624219587608425,-1.3116901469358029,-0.5343662871733007,0.0
4,1,72,O1,0.0,1.5446863723459174e-33,1.6100478903879227,0.0
5,2,23,Si1,-1.8071995393586522,2.1204119101594507,-1.4443469354542233,1.0
6,2,23,Si1,2.736934098453622,-0.5208729063082822,-1.4443469354542242,2.0
7,2,26,Si1,-1.5050300432742185,-2.5892920002116653,-1.169831108773746,3.0
8,2,20,Si1,0.48057720947185106,0.8267972652973716,2.9081284982744666,4.0
