,neighbor_num,isite,atom,x,y,z,front_index
0,0,7,Si1,0.0,0.0,0.0,
1,1,39,O1,1.5180976088868594,0.0,-0.5354216619944017,0.0
2,1,45,O1,-0.760866584024416,1.315566098319019,-0.5384508323708048,0.0
3,1,36,O1,0.0,3.0814879110195774e-33,1.6097505105577226,0.0
4,1,47,O1,-0.7572870794221049,-1.3143563689976685,-0.5359176849398912,0.0
5,2,2,Si1,2.716454535186897,-0.7582788804313377,-1.2971177330593942,1.0
6,2,11,Si1,-2.0086315442197815,1.8211481978357058,-1.4214703991740685,2.0
7,2,2,Si1,-0.31974068258682187,-0.7582788804313377,2.9932266120448543,3.0
8,2,9,Si1,-1.6676028245125263,-2.4747757102919703,-1.1801308505011976,4.0
