,neighbor_num,isite,atom,x,y,z,front_index
0,0,9,Si1,0.0,0.0,0.0,
1,1,43,O1,-0.7579458234065639,1.3157504803703188,-0.5349610616535574,0.0
2,1,47,O1,-0.7652647325491138,-1.3087747557749776,-0.5401267757245807,0.0
3,1,50,O1,1.5160170730619444,0.0,-0.5389595775900762,0.0
4,1,49,O1,0.0,0.0,1.6089702272234188,0.0
5,2,5,Si1,-1.9234425797895285,2.0603482981207457,-1.3575731308726047,1.0
6,2,7,Si1,-1.3608666508453644,-2.7429172619877806,-0.9605048881107838,2.0
7,2,10,Si1,2.809039000173514,0.6593491132535894,-1.2340233207342874,3.0
8,2,10,Si1,-0.22178281722341608,0.6593491132535894,3.060118632111562,4.0
