,neighbor_num,isite,atom,x,y,z,front_index
0,0,26,Si1,0.0,0.0,0.0,
1,1,82,O1,-0.7727525127162895,1.3038284712644541,-0.538481381271223,0.0
2,1,80,O1,1.513529504723902,0.0,-0.54477265028675,0.0
3,1,68,O1,-0.7655013016365555,-1.3170101602330038,-0.5242914855626677,0.0
4,1,83,O1,-1.6653345369377348e-16,0.0,1.6084394071163848,0.0
5,2,27,Si1,-1.545505027240796,2.6076569506330687,-1.0769627569699354,1.0
6,2,24,Si1,3.0417837331994484,0.0941627325260408,-1.0376600680470431,2.0
7,2,18,Si1,-2.273045890512246,-1.8398029458636322,-0.2991659228391087,3.0
8,2,27,Si1,-1.8082171870936747e-09,8.104160342803368e-09,3.216878819805281,4.0
