,neighbor_num,isite,atom,x,y,z,front_index
0,0,4,Si1,0.0,0.0,0.0,
1,1,42,O1,1.1102230246251565e-16,7.848718741785322e-34,1.6091920969469249,0.0
2,1,31,O1,-0.7659581920595846,1.307201309862775,-0.5407051035276715,0.0
3,1,40,O1,-0.7582095878205377,-1.323059399371722,-0.5208805523520303,0.0
4,1,32,O1,1.5150799373267876,-3.0112808533099326e-34,-0.5407051035276715,0.0
5,2,8,Si1,0.366522107774335,0.6395731834020913,3.040440580923504,1.0
6,2,1,Si1,-1.4430961608552306,2.7672778163738716,-0.5557116220423648,2.0
7,2,12,Si1,-1.4552942416062824,-2.5394571054467727,0.27274352295661575,3.0
8,2,1,Si1,3.11715599705435,0.15392053955904753,-0.5557116220423647,4.0
