,neighbor_num,isite,atom,x,y,z,front_index
0,0,15,Si1,0.0,0.0,0.0,
1,1,57,O1,-0.7528545236194228,1.3192630343918812,-0.5331939433053283,0.0
2,1,59,O1,-1.1102230246251565e-16,0.0,1.6095230440252402,0.0
3,1,63,O1,-0.7638431480357165,-1.3081971754200599,-0.540976413623574,0.0
4,1,60,O1,1.5182740361735725,0.0,-0.5342362589056309,0.0
5,2,2,Si1,-1.5435589318179437,2.6027465450278173,-1.0931942995088049,1.0
6,2,18,Si1,-0.13794951430755387,-0.5284823121427742,3.1226342767922,2.0
7,2,17,Si1,-2.017424012811471,-1.794683837851856,-1.428799629891813,3.0
8,2,18,Si1,2.8998136633106384,-0.5284823121427735,-1.1666000227893738,4.0
