,neighbor_num,isite,atom,x,y,z,front_index
0,0,19,Si1,0.0,0.0,0.0,
1,1,61,O1,-0.76595819233428,-1.3072013095747472,-0.5407050897117132,0.0
2,1,71,O1,0.0,2.3546155810466423e-33,1.6091921003294616,0.0
3,1,58,O1,1.515079937217154,1.1322679418041112e-34,-0.540705089711714,0.0
4,1,69,O1,-0.7582095861389082,1.3230593968245752,-0.5208805612697299,0.0
5,2,14,Si1,-1.4430961612706557,-2.767277816076483,-0.5557116027870654,1.0
6,2,23,Si1,0.3665221035319256,-0.6395731761863821,3.0404405886169035,2.0
7,2,14,Si1,3.117155996968915,-0.1539205398374839,-0.5557116027870664,3.0
8,2,27,Si1,-1.4552942373996247,2.539457098849548,0.2727435092226748,4.0
