,neighbor_num,isite,atom,x,y,z,front_index
0,0,22,Si1,0.0,0.0,0.0,
1,1,70,O1,0.0,0.0,1.6099268726559235,0.0
2,1,79,O1,-0.7597886697760972,1.3136449407408552,-0.5346431861732237,0.0
3,1,76,O1,1.5175446790965255,1.232595164407831e-32,-0.5346431861732239,0.0
4,1,74,O1,-0.7593430287235894,-1.3163961957413797,-0.5298656826690049,0.0
5,2,18,Si1,-0.36816071095071035,-0.6382429823996902,3.040522130304384,1.0
6,2,25,Si1,-1.439976508930767,2.763181979882381,-0.37356108463467286,2.0
7,2,25,Si1,3.1128690505906698,0.13694259415496027,-0.3735610846346731,3.0
8,2,20,Si1,-1.4699802934718122,-2.548356135426487,-1.2818587247764233,4.0
