,neighbor_num,isite,atom,x,y,z,front_index
0,0,15,Si1,0.0,0.0,0.0,
1,1,57,O1,0.0,-6.162975822039155e-33,1.6098262852943441,0.0
2,1,59,O1,-0.762338995143922,1.3134744000000005,-0.5330935061280233,0.0
3,1,63,O1,1.5167534655427437,0.0,-0.5356777104185283,0.0
4,1,60,O1,-0.7623389951439219,-1.3134744000000003,-0.5330935061280233,0.0
5,2,2,Si1,0.058513702159704084,-1.645421664391776e-16,3.2169105795448063,1.0
6,2,18,Si1,-1.083899399210938,2.628,-1.4028351798173482,2.0
7,2,17,Si1,3.0544127180546665,-5.036786526343297e-16,-0.054046789727889566,3.0
8,2,18,Si1,-1.0838993992109385,-2.6280000000000006,-1.402835179817348,4.0
