,neighbor_num,isite,atom,x,y,z,front_index
0,0,15,Si1,0.0,0.0,0.0,
1,1,57,O1,-0.7576182825795058,1.3153537807053524,-0.5360966688107688,0.0
2,1,59,O1,1.515770896165415,-1.6653345369377348e-16,-0.5412975333272542,0.0
3,1,63,O1,0.0,5.551115123125783e-17,1.6085682095189997,0.0
4,1,60,O1,-0.7605823493280777,-1.3111353475338414,-0.5412975333272537,0.0
5,2,2,Si1,-1.5236717527428967,2.6453524771084163,-1.0161063880704087,1.0
6,2,18,Si1,3.1176241501086808,-0.14734741633818715,-0.5548665126862473,2.0
7,2,17,Si1,-0.4822417220855227,0.8372533859654905,2.8980696673584814,3.0
8,2,18,Si1,-1.4369041521992276,-2.7706674394151,-0.5548665126862471,4.0
