,neighbor_num,isite,atom,x,y,z,front_index
0,0,21,Si1,0.0,0.0,0.0,
1,1,64,O1,-8.326672684688674e-17,-2.7755575615628914e-17,1.6097505105577223,0.0
2,1,73,O1,1.5197473861570903,0.0,-0.5384508323708045,0.0
3,1,67,O1,-0.7600406175464104,-1.314137972127612,-0.535421661994401,0.0
4,1,75,O1,-0.758631505090228,1.3135808406295109,-0.5359176849398906,0.0
5,2,16,Si1,-0.4963232666848817,0.6564176868096546,2.9932266120448534,1.0
6,2,25,Si1,2.582101134994813,0.8270037288751988,-1.4214703991740691,2.0
7,2,16,Si1,-2.016404501777702,-1.9718582574455696,-1.2971177330593933,3.0
8,2,23,Si1,-1.3073934384788566,2.6825615358451174,-1.1801308505011976,4.0
