,neighbor_num,isite,atom,x,y,z,front_index
0,0,16,Si1,0.0,0.0,0.0,
1,1,82,O1,-0.7442852131197649,1.33211162025482,-0.5207453942523428,0.0
2,1,78,O1,-0.7556179717503062,-1.312084051659357,-0.5436067355221526,0.0
3,1,66,O1,1.5190761916817126,-1.232595164407831e-32,-0.533315949800414,0.0
4,1,56,O1,0.0,0.0,1.6105879681635344,0.0
5,2,19,Si1,-0.5980877584699925,2.886804962013266,-0.11923260822410897,1.0
6,2,25,Si1,-0.4663929762734111,-2.71500748953451,-1.2800105502236458,2.0
7,2,8,Si1,2.9847403325729074,0.5624733550182586,-0.17243933017909852,3.0
8,2,4,Si1,-0.3022473411844696,-1.046935965153808,2.7965710996161204,4.0
9,3,81,O1,-1.8031510841738496,3.744069934656765,-0.7524391373108104,5.0
10,3,69,O1,0.8048890462804704,3.4471847491130245,-0.6756937101781838,5.0
11,3,59,O1,-0.624473982772548,3.014164004535938,1.486095098086322,5.0
12,3,87,O1,-0.23563179081071223,-3.867934833055749,-0.18000731415495505,6.0
13,3,93,O1,-1.7224194445949095,-3.0935050446471464,-2.210905796502769,6.0
14,3,89,O1,0.8616702315032565,-2.5878867074084546,-2.1796619315075487,6.0
15,3,62,O1,3.5920517417698576,-0.2900338457402555,1.051114637831156,7.0
16,3,52,O1,3.9350361558246343,0.42879346986369404,-1.4650715676628532,7.0
17,3,60,O1,2.87197367405047,2.1130579571698083,0.24749765351682096,7.0
18,3,35,O1,0.9442742913753086,-2.050999558252539,2.9424583116580028,8.0
19,3,52,O1,-0.5169320050455561,-0.2601595857321882,4.186021440046644,8.0
20,3,48,O1,-1.629759503682711,-1.8803241937410338,2.4310838791748375,8.0
21,4,26,Si1,-2.0821094520120127,5.083611212436495,-1.6021139239158257,9.0
22,4,11,Si1,2.3673026762810396,3.542674948214816,-0.29552946376215017,10.0
23,4,7,Si1,-1.3365873414567346,3.9455384999009775,2.5903688287540154,11.0
24,4,23,Si1,0.8422401602588148,-4.908510737676836,0.41100785709633747,12.0
25,4,29,Si1,-2.9530797957496224,-4.056281762211359,-2.597930363552857,13.0
26,4,21,Si1,2.1538339530928394,-2.654527135393934,-3.134533692702572,14.0
27,4,12,Si1,4.360537062262894,-1.5817136125457198,1.6240923095066617,15.0
28,4,4,Si1,4.1497208196857205,-0.3579829095579258,-2.854521908093376,16.0
29,4,11,Si1,2.3673026838930773,3.542674950048796,-0.2955294575417483,17.0
30,4,3,Si1,1.9811101558011455,-3.2674955655469042,2.7548818748010317,18.0
31,4,8,Si1,-1.4672278282972826,-0.12647970057762453,5.478653677530399,19.0
32,4,21,Si1,-2.298134200165312,-3.343480189155837,2.5165593212273287,20.0
