,neighbor_num,isite,atom,x,y,z,front_index
0,0,25,Si1,0.0,0.0,0.0,
1,1,87,O1,0.0,-6.162975822039155e-33,1.610124002527968,0.0
2,1,93,O1,-0.7606621392176158,-1.308374131999364,-0.54495787779541,0.0
3,1,78,O1,-0.7531228551945806,1.3161241049947494,-0.5429172626563719,0.0
4,1,89,O1,1.5243813493147171,-1.232595164407831e-32,-0.5153112523571269,0.0
5,2,23,Si1,0.944073144151714,0.06249049486417008,2.9134758066747763,1.0
6,2,29,Si1,-1.6006647962526277,-2.6588703314254887,-0.29634678633329936,2.0
7,2,16,Si1,-0.46167101247283693,2.829938282981935,-1.00275831734359,3.0
8,2,21,Si1,3.0663272949652067,-0.17994864948675912,-0.9347505144701612,4.0
9,3,91,O1,2.4860190942771756,-0.1174581466379276,2.494036548589123,5.0
10,3,50,O1,0.5308413189682363,-1.1221608914934942,3.9237712112307723,5.0
11,3,47,O1,0.7545225633690601,1.486594333424888,3.640187851565209,5.0
12,3,74,O1,-2.1915251701969973,-3.198716253350035,-1.6932212766257304,6.0
13,3,41,O1,-2.812766641145573,-2.3654290830255276,0.724264947412352,6.0
14,3,72,O1,-0.6282692342639268,-3.777870378843618,0.33624105505120594,6.0
15,3,82,O1,-1.1704564642297626,3.1322707759501984,-2.41904778634172,7.0
16,3,66,O1,1.1269494423446451,3.046273001819123,-1.14939636972724,7.0
17,3,56,O1,-1.0402403490684753,3.8539239109950167,0.0975618903991749,7.0
18,3,45,O1,3.255877880222833,-1.604052480062815,-1.6614625553332107,8.0
19,3,85,O1,4.010400451914891,-0.11745814870904665,0.36860128856222496,8.0
20,3,48,O1,3.479559124623657,1.0047027448555665,-1.945045914998774,8.0
21,4,27,Si1,4.010400443591893,-0.11745814663792654,1.9787252962319974,9.0
22,4,6,Si1,-0.426498722909586,-2.4064196320621893,4.080567004939306,10.0
23,4,3,Si1,0.8890899668512091,3.084611277410067,3.5029364467343,11.0
24,4,12,Si1,-2.426285703113245,-4.6196535257408495,-2.4176185694634253,12.0
25,4,1,Si1,-2.8937208773895495,-1.7052715451401943,2.191770942905484,13.0
26,4,14,Si1,0.7943036804362789,-4.499062583708214,0.11440606511730775,14.0
27,4,19,Si1,-1.4269156706940453,4.497846797046578,-3.2370260293436743,15.0
28,4,8,Si1,2.255983930274022,4.193949657119868,-1.0955539744158203,16.0
29,4,4,Si1,-1.5781321921037268,3.7857593563473966,1.6141403806730974,17.0
30,4,1,Si1,3.1213104767406845,-3.2020694240479926,-1.5242111505023033,18.0
31,4,27,Si1,4.010400456389863,-0.11745814072438444,1.9787252951175722,19.0
32,4,4,Si1,4.436899166501479,2.2889614854242613,-2.101841708707309,20.0
