,neighbor_num,isite,atom,x,y,z,front_index
0,0,11,Si1,0.0,0.0,0.0,
1,1,69,O1,-1.1102230246251565e-16,-6.162975822039155e-33,1.610831953863943,0.0
2,1,65,O1,-0.7623200915549888,1.3159374518873888,-0.5290148281960197,0.0
3,1,60,O1,1.5196650831570735,-2.465190328815662e-32,-0.5329109053234221,0.0
4,1,55,O1,-0.7494090995127193,-1.3232626069487592,-0.5283868274149011,0.0
5,2,19,Si1,0.7028955061870907,0.7096126498242533,2.8735299276633515,1.0
6,2,15,Si1,-2.1110241363409727,2.1074595380360592,-0.9055781120453233,2.0
7,2,8,Si1,2.894393336781526,-0.8347644579309287,-0.4512621059362212,3.0
8,2,7,Si1,-1.8150790258855656,-2.466679690778272,-0.13771585963415545,4.0
9,3,81,O1,-0.285562213118397,0.6423745764084395,4.140992644821004,5.0
10,3,82,O1,2.088715901250944,-0.04609876660751648,3.202254281220311,5.0
11,3,59,O1,1.0214258861692116,2.2466030577228806,2.512707968451888,5.0
12,3,36,O1,-2.651456065065604,2.923104022082775,0.372235451419127,6.0
13,3,73,O1,-3.231300879702474,1.053134483585203,-1.3814156416661163,6.0
14,3,77,O1,-1.8131033765985771,3.1406273756618024,-2.1067167876217145,6.0
15,3,62,O1,4.0451765333556375,-0.07058015202637566,-1.2785470440388027,7.0
16,3,66,O1,3.3479307542259242,-0.965568005469963,1.0888592615274593,7.0
17,3,52,O1,2.660367666182897,-2.306667459810409,-1.0600018724423297,7.0
18,3,32,O1,-3.178001849125316,-2.222976705341741,-0.9539837022230291,8.0
19,3,51,O1,-2.113576574956965,-2.416708821116337,1.4430458285459473,8.0
20,3,59,O1,-1.2284615555697014,-3.919032001961808,-0.5125985962275592,8.0
21,4,26,Si1,-1.8046286694254352,0.27747773378084406,4.532685438242268,9.0
22,4,16,Si1,3.5065813595964377,-0.09899110303787644,2.4364099479671815,10.0
23,4,7,Si1,0.43480841585334684,3.698955368906416,2.8875907050452905,11.0
24,4,0,Si1,-2.465264615697086,3.952778594660624,1.594727769098228,12.0
25,4,28,Si1,-4.810322344037591,0.7438918226737385,-1.2868545291198306,13.0
26,4,30,Si1,-2.6213009186107152,4.246898275808175,-2.95216895724508,14.0
27,4,12,Si1,5.438312330392609,-0.06982496690913992,-2.0825879638533302,15.0
28,4,16,Si1,3.5065813594797364,-0.09899109859886794,2.4364099390071834,16.0
29,4,4,Si1,3.0336482733381867,-3.865088526286493,-0.8936763106042354,17.0
30,4,0,Si1,-4.715152057435999,-2.212856465024065,-1.4305787955812186,18.0
31,4,22,Si1,-3.1475768572727945,-1.8546402156702837,2.542945165736982,19.0
32,4,19,Si1,-1.5469919355518225,-5.456022409860436,-0.15177663701609406,20.0
