,neighbor_num,isite,atom,x,y,z,front_index
0,0,3,Si1,0.0,0.0,0.0,
1,1,47,O1,1.517084346067708,0.0,-0.5376426084194152,0.0
2,1,43,O1,-0.7394434834537364,1.333996678940987,-0.5192413540108679,0.0
3,1,35,O1,-1.1102230246251565e-16,0.0,1.6093713260732467,0.0
4,1,39,O1,-0.7699503534246998,-1.3084568634083114,-0.5333868557403811,0.0
5,2,23,Si1,2.8487527421657597,-0.8718314231814827,-0.7798838399516241,1.0
6,2,31,Si1,-0.6883933319524395,2.8798801080763368,-0.06693032687230738,2.0
7,2,4,Si1,0.4273045452871268,-0.11646258283684063,3.154392442575905,3.0
8,2,12,Si1,-1.8592248637858781,-2.484556603155242,-0.39048640032057313,4.0
9,3,91,O1,2.5112662228419054,-2.0899020120292224,-1.7740241760053417,5.0
10,3,87,O1,3.380834940363935,-1.4346849877916306,0.6322030865496667,5.0
11,3,50,O1,3.9888416326782528,0.051358760576100115,-1.445296087625351,5.0
12,3,70,O1,-1.314199475169537,3.0252412520304715,1.4112842790306042,6.0
13,3,95,O1,0.8382364003964828,3.390030788557661,-0.04693365712523323,6.0
14,3,76,O1,-1.547832948480835,3.7708366624321448,-1.0961863355983001,6.0
15,3,52,O1,-0.561742473329963,0.7871425440995963,4.049357578307053,7.0
16,3,56,O1,0.3330426643571709,-1.657553231866703,3.6128012860245917,7.0
17,3,48,O1,1.9439275537656062,0.3903692593982142,3.3370985543639766,7.0
18,3,62,O1,-1.673074616430883,-3.2458407520185677,1.014185892467216,8.0
19,3,74,O1,-3.3387701814608475,-1.8490700274158698,-0.4681339550552114,8.0
20,3,70,O1,-1.6726023501048637,-3.537128125236841,-1.5947736937208123,8.0
21,4,27,Si1,2.023104641954249,-3.3563316419949754,-2.6383958832207632,9.0
22,4,25,Si1,3.5512616601213463,-2.764309713503547,1.5241403744152013,10.0
23,4,6,Si1,5.505464641156731,0.558190602811155,-1.262589975837277,11.0
24,4,12,Si1,-1.5008219888505514,4.07781277411207,2.615571572430844,12.0
25,4,27,Si1,2.381507516889575,3.2060377352723366,0.36766208953065427,13.0
26,4,14,Si1,-3.0273782567228684,4.406323236377042,-1.1738338875401686,14.0
27,4,8,Si1,-0.6714809263001204,2.1411763712045957,4.913290695950992,15.0
28,4,16,Si1,1.1942630676167334,-3.0055350131590717,3.4250830463502533,16.0
29,4,21,Si1,3.084016444278098,1.3135594431557962,2.6716863066902516,17.0
30,4,8,Si1,-1.0298838012354474,-4.421193006062717,1.907232723199575,18.0
31,4,29,Si1,-4.198209788556308,-0.9581134748545366,-1.4973899609884334,19.0
32,4,31,Si1,-1.046796206887766,-3.682489269190975,-3.072988299623724,20.0
