,neighbor_num,isite,atom,x,y,z,front_index
0,0,25,Si1,0.0,0.0,0.0,
1,1,87,O1,1.5158911907474981,-2.983550886659334e-33,-0.5427459823258172,0.0
2,1,93,O1,-0.7685071677157607,-1.310031715854623,-0.5297570051636685,0.0
3,1,78,O1,1.1102230246251565e-16,9.175790142297565e-33,1.6106321271025723,0.0
4,1,89,O1,-0.7403590362141226,1.323077875708556,-0.5390896189420248,0.0
5,2,23,Si1,2.603193549325226,0.8504394055188818,-1.3724636978180293,1.0
6,2,29,Si1,-0.7889298674182438,-2.7098469922167103,-1.3243336400381562,2.0
7,2,16,Si1,-0.03882671295758744,1.0048176081117524,2.8663651395165406,3.0
8,2,21,Si1,-1.4460450997838112,2.572027218541367,-1.2657537979704285,4.0
9,3,91,O1,1.8975074911340997,2.099388756201395,-2.099127873771822,5.0
10,3,50,O1,3.276950134993272,-0.09659383897362903,-2.487827472604306,5.0
11,3,47,O1,3.7357578858159908,1.3932180742964775,-0.36509042921472645,5.0
12,3,74,O1,-2.1630747441280462,-3.4908016491140685,-1.0183211824020093,6.0
13,3,41,O1,0.4607280905500475,-3.6161426378013672,-0.8618078022782287,6.0
14,3,72,O1,-0.6835446382508832,-2.4216265381729905,-2.9066435134538477,6.0
15,3,82,O1,-1.1651119768490232,0.5397884235443532,3.9222472232566052,7.0
16,3,66,O1,-0.37955095513281845,2.491096632194095,2.3497414546039237,7.0
17,3,56,O1,1.3935460351086515,1.0112262895367685,3.602748764125825,7.0
18,3,45,O1,-2.5786094308960124,2.0292485576134744,-2.2731270634991207,8.0
19,3,85,O1,-0.3587427426677527,3.4224666381052034,-2.095471514239012,8.0
20,3,48,O1,-2.119801680073293,3.519060470883581,-0.1503900201095415,8.0
21,4,27,Si1,1.1571484549199782,3.4224666319099524,-2.6382174927138466,9.0
22,4,6,Si1,3.2091089117294995,-1.565353796132954,-3.1424625970101276,10.0
23,4,3,Si1,4.051541396567124,2.3036890489846233,0.924067383490849,11.0
24,4,12,Si1,-3.2214967103585592,-4.400285954663338,-1.8254815859869775,12.0
25,4,1,Si1,2.0490430603252205,-3.358531357574739,-0.7791797496021061,13.0
26,4,14,Si1,-1.3415576164717746,-1.5451013218723328,-4.086374466865271,14.0
27,4,19,Si1,-1.4927564894843222,0.9954256104085257,5.433770106736956,15.0
28,4,8,Si1,-0.18210340729215624,4.041042674173982,2.7414828442881354,16.0
29,4,4,Si1,2.891475539784282,0.5105114796931346,3.287350227824257,17.0
30,4,1,Si1,-2.894392941647146,1.1187775829253293,-3.562284876204696,18.0
31,4,27,Si1,1.1571484534583067,3.4224666459549065,-2.6382174934902176,19.0
32,4,4,Si1,-2.051960456809522,4.987820428042904,0.5042451042962806,20.0
