,neighbor_num,isite,atom,x,y,z,front_index
0,0,21,Si1,0.0,0.0,0.0,
1,1,60,O1,-0.8465932761504116,-1.2596172573088338,-0.5457808369941591,0.0
2,1,52,O1,1.1102230246251565e-16,6.162975822039155e-33,1.611468048941214,0.0
3,1,45,O1,1.462470045561524,0.0,-0.6659735431729364,0.0
4,1,36,O1,-0.8752460338851555,1.292698940341005,-0.42629009560021497,0.0
5,2,8,Si1,-2.1863314620124923,-1.2066725145757768,-1.4438642929819587,1.0
6,2,13,Si1,-1.2132026218141754,0.619910539413898,2.477913931139486,2.0
7,2,5,Si1,1.9051103253444353,-0.704997569604016,-2.046857198170615,3.0
8,2,16,Si1,-2.4491256418123877,1.241479802220343,-0.053290101715107174,4.0
