,neighbor_num,isite,atom,x,y,z,front_index
0,0,20,Si1,0.0,0.0,0.0,
1,1,61,O1,-0.7569755136531178,-1.3654907289891605,-0.4045437837090165,0.0
2,1,37,O1,0.0,0.0,1.618285949947442,0.0
3,1,53,O1,-0.8990082954531553,1.268234245076656,-0.4244941190165755,0.0
4,1,44,O1,1.4844013203102635,-1.232595164407831e-32,-0.6155421306719703,0.0
5,2,9,Si1,-1.257887796537876,-2.5258394299301394,0.5989168400519942,1.0
6,2,17,Si1,-1.4226999719965057,-0.2962203013064578,2.3303447526964476,2.0
7,2,12,Si1,-2.1002274118261863,1.8266464036960457,0.4986129391286807,3.0
8,2,4,Si1,2.3580715576451636,-1.2821631225240682,-1.0543469878785916,4.0
