,neighbor_num,isite,atom,x,y,z,front_index
0,0,23,Si1,0.0,0.0,0.0,
1,1,47,O1,-0.776386205009008,-1.2982577644327726,-0.5423012374435155,0.0
2,1,54,O1,-0.5798108753753262,1.4011695589699427,-0.5453187036686654,0.0
3,1,62,O1,0.0,1.063862920010654e-16,1.6128336963752221,0.0
4,1,38,O1,1.566552068247426,1.8545311770185722e-17,-0.4059113613425961,0.0
5,2,7,Si1,-1.026139024969848,-2.6840199941745464,0.24324203355836105,1.0
6,2,15,Si1,0.33736817806263164,2.7224992850689747,-0.6858480034366112,2.0
7,2,10,Si1,1.2868494876474699,-0.12449093586166304,2.578636911004793,3.0
8,2,18,Si1,2.4938488976082898,1.1006729002202849,0.33401375160819635,4.0
