,neighbor_num,isite,atom,x,y,z,front_index
0,0,17,Si1,0.0,0.0,0.0,
1,1,56,O1,0.0,0.0,1.6114680489412134,0.0
2,1,37,O1,-0.584660708963089,1.447514430182038,-0.4262900956002141,0.0
3,1,64,O1,1.517681063377055,5.551115123125783e-17,-0.5457808369941599,0.0
4,1,41,O1,-0.8157954507179419,-1.2137942233972918,-0.6659735431729372,0.0
5,2,9,Si1,0.16224697978021596,1.3527104627396858,2.477913931139486,1.0
6,2,20,Si1,0.33579118144548836,2.725203256853961,-0.05329010171510551,2.0
7,2,12,Si1,2.2210720814787517,1.1414651234680595,-1.4438642929819585,3.0
8,2,1,Si1,-0.47758814695524954,-1.9744306740854183,-2.046857198170616,4.0
