,neighbor_num,isite,atom,x,y,z,front_index
0,0,5,Si1,0.0,0.0,0.0,
1,1,28,O1,1.5072859103306822,-9.71445146547012e-17,-0.5644296536438324,0.0
2,1,24,O1,2.7755575615628914e-17,5.551115123125783e-17,1.6092469430424783,0.0
3,1,48,O1,-0.7838922334577665,-1.2991576779252925,-0.5410924587907302,0.0
4,1,45,O1,-0.7608855761381977,1.3264101254496314,-0.5113521078504978,0.0
5,2,13,Si1,3.0586336015860414,-0.1833615774758512,-0.17401726796792133,1.0
6,2,0,Si1,0.5226859822563683,0.3830079952916275,3.082264242053914,2.0
7,2,3,Si1,-2.1911158176986887,-1.7764671024568601,-1.1631666118925243,3.0
8,2,21,Si1,-0.5693826751023338,2.826821040597737,0.031264809477293654,4.0
