,neighbor_num,isite,atom,x,y,z,front_index
0,0,18,Si1,0.0,0.0,0.0,
1,1,67,O1,1.5612741140574113,0.0,-0.40454378370901733,0.0
2,1,38,O1,-1.1102230246251565e-16,-9.244463733058732e-33,1.6182859499474394,0.0
3,1,59,O1,-0.6733185595947274,-1.4011695589699424,-0.4244941190165744,0.0
4,1,42,O1,-0.7197041453464534,1.2982577644327729,-0.6155421306719705,0.0
5,2,15,Si1,2.818980053380482,0.12449093586166338,0.5989168400519945,1.0
6,2,23,Si1,0.9488629215780368,-1.1006729002202846,2.330344752696446,2.0
7,2,10,Si1,-0.5793012241664492,-2.7224992850689738,0.4986129391286793,3.0
8,2,2,Si1,-0.021918362325191426,2.6840199941745455,-1.0543469878785934,4.0
