,neighbor_num,isite,atom,x,y,z,front_index
0,0,18,Si1,0.0,0.0,0.0,
1,1,67,O1,-0.7569755136531193,-1.365490728989161,-0.4045437837090177,0.0
2,1,38,O1,0.0,0.0,1.6182859499474396,0.0
3,1,59,O1,-0.8990082954531561,1.2682342450766548,-0.4244941190165744,0.0
4,1,42,O1,1.4844013203102617,0.0,-0.6155421306719701,0.0
5,2,15,Si1,-1.2578877965378765,-2.5258394299301417,0.598916840051994,1.0
6,2,23,Si1,-1.422699971996503,-0.29622030130645816,2.330344752696445,2.0
7,2,10,Si1,-2.100227411826188,1.8266464036960428,0.4986129391286787,3.0
8,2,2,Si1,2.3580715576451623,-1.2821631225240668,-1.054346987878593,4.0
