,neighbor_num,isite,atom,x,y,z,front_index
0,0,4,Si1,0.0,0.0,0.0,
1,1,29,O1,1.5072859103306828,-1.1102230246251565e-16,-0.5644296536438326,0.0
2,1,44,O1,-0.7608855761381961,-1.326410125449633,-0.5113521078504978,0.0
3,1,49,O1,-0.7838922334577662,1.2991576779252916,-0.5410924587907308,0.0
4,1,25,O1,0.0,3.3306690738754696e-16,1.609246943042478,0.0
5,2,12,Si1,3.0586336015860405,0.1833615774758528,-0.17401726796792122,1.0
6,2,20,Si1,-0.5693826751023316,-2.8268210405977365,0.03126480947729371,2.0
7,2,2,Si1,-2.1911158176986887,1.7764671024568583,-1.1631666118925243,3.0
8,2,1,Si1,0.5226859822563685,-0.38300799529162677,3.0822642420539133,4.0
