,neighbor_num,isite,atom,x,y,z,front_index
0,0,28,Si1,0.0,0.0,0.0,
1,1,84,O1,-1.1102230246251565e-16,0.0,1.6110737755737832,0.0
2,1,64,O1,1.516909614586711,2.465190328815662e-32,-0.5360733403023948,0.0
3,1,88,O1,-0.7594326129446627,1.3169538525677558,-0.5333192182106192,0.0
4,1,52,O1,-0.7624505184856643,-1.3112516095360942,-0.5387717099832592,0.0
5,2,20,Si1,0.24658586175729447,0.9702348816139322,2.871624918687851,1.0
6,2,12,Si1,3.061443781064085,-0.015170611482699275,-0.08053043070601795,2.0
7,2,16,Si1,-2.0792043566519482,2.202631533735728,-0.2730564130729686,3.0
8,2,4,Si1,-1.1580740861141994,-2.8615692490357607,-0.3609291029362056,4.0
