,neighbor_num,isite,atom,x,y,z,front_index
0,0,13,Si1,0.0,0.0,0.0,
1,1,37,O1,1.5168774605696367,0.0,-0.5383677317075958,0.0
2,1,74,O1,-0.7603120824181107,1.313549236301544,-0.5368929410856222,0.0
3,1,65,O1,-0.7589360579720743,-1.3150035508606126,-0.536765314160702,0.0
4,1,71,O1,1.1102230246251565e-16,0.0,1.6100254429099798,0.0
5,2,5,Si1,2.956422185558568,-0.7186830668105305,-0.5461072869922857,1.0
6,2,12,Si1,-1.5201449999519927,2.6777224609054993,-0.14519734530684114,2.0
7,2,29,Si1,-0.7335304683403148,-2.923642716789936,-0.5416637692480613,3.0
8,2,15,Si1,0.6971194335104132,0.555753260242001,2.950676305726241,4.0
