,neighbor_num,isite,atom,x,y,z,front_index
0,0,30,Si1,0.0,0.0,0.0,
1,1,54,O1,-0.7579003963480613,1.3136455482424974,-0.5393597082898054,0.0
2,1,66,O1,-1.6653345369377348e-16,-5.551115123125783e-17,1.6088472286107764,0.0
3,1,90,O1,1.518464491778876,5.551115123125783e-17,-0.5383310497421818,0.0
4,1,86,O1,-0.7561592126366015,-1.317426036178247,-0.5368152332842606,0.0
5,2,6,Si1,-2.120329637866645,2.0542919189090743,-0.9716331159402931,1.0
6,2,14,Si1,-0.48315554905172753,-0.8113071894721757,2.9133305137024377,2.0
7,2,18,Si1,2.383359806793809,-0.2723192322102185,-1.869404852346313,3.0
8,2,22,Si1,-0.5472228601401821,-2.902458968741825,-0.7243404327097436,4.0
