,neighbor_num,isite,atom,x,y,z,front_index
0,0,16,Si1,0.0,0.0,0.0,
1,1,80,O1,-0.7602412796799747,1.3140632769626706,-0.535182583735542,0.0
2,1,88,O1,0.0,-1.8488927466117464e-32,1.6105772686044477,0.0
3,1,40,O1,-0.7603899709462207,-1.3142877365786918,-0.533426066360829,0.0
4,1,76,O1,1.5163153883194125,2.465190328815662e-32,-0.5386863770986574,0.0
5,2,24,Si1,-2.2390440166738923,1.897949119931249,-0.7955256224013365,1.0
6,2,28,Si1,-0.9408013757403595,-0.3492513302499817,2.870914926390434,2.0
7,2,0,Si1,-1.2559274859455363,-2.16172579194968,-1.8104832016901768,3.0
8,2,18,Si1,2.4363042721771153,0.12670745324323687,-1.8528252756161634,4.0
