,neighbor_num,isite,atom,x,y,z,front_index
0,0,18,Si1,0.0,0.0,0.0,
1,1,42,O1,-0.7568355888498234,-1.3163377430914431,-0.5334260663608301,0.0
2,1,82,O1,1.5181334260173973,0.0,-0.535182583735542,0.0
3,1,90,O1,0.0,3.0814879110195774e-33,1.6105772686044468,0.0
4,1,76,O1,-0.7593308542309762,1.3124896230702585,-0.5386863770986566,0.0
5,2,2,Si1,-1.2422073887871998,-2.1696389222118118,-1.8104832016901777,1.0
6,2,26,Si1,2.7640778186074537,-0.9876248190143979,-0.7955256224013378,2.0
7,2,30,Si1,0.16882422184592016,-0.9892330880002216,2.8709149263904323,3.0
8,2,16,Si1,-1.1103618677097749,2.1722637519582895,-1.852825275616161,4.0
