,neighbor_num,isite,atom,x,y,z,front_index
0,0,21,Si1,0.0,0.0,0.0,
1,1,79,O1,1.5163153883194145,1.232595164407831e-32,-0.5386863770986567,0.0
2,1,85,O1,-0.7602412796799746,1.3140632769626717,-0.5351825837355428,0.0
3,1,93,O1,0.0,-3.0814879110195774e-33,1.6105772686044468,0.0
4,1,45,O1,-0.760389970946219,-1.3142877365786922,-0.533426066360831,0.0
5,2,23,Si1,2.4363042721771175,0.1267074532432372,-1.852825275616162,1.0
6,2,29,Si1,-2.239044016673891,1.8979491199312508,-0.7955256224013405,2.0
7,2,25,Si1,-0.940801375740359,-0.3492513302499828,2.8709149263904323,3.0
8,2,5,Si1,-1.2559274859455343,-2.16172579194968,-1.810483201690179,4.0
