,neighbor_num,isite,atom,x,y,z,front_index
0,0,25,Si1,0.0,0.0,0.0,
1,1,81,O1,1.5202390253422156,-5.568014027801714e-17,-0.5333216816970047,0.0
2,1,61,O1,-0.7566980201166277,1.3140757179099127,-0.537589545061744,0.0
3,1,93,O1,0.0,1.2945428821832232e-16,1.61106633380187,0.0
4,1,49,O1,-0.7583378415625347,-1.3155356416835442,-0.5341125589638216,0.0
5,2,17,Si1,2.9471755949974736,0.6982948719310779,-0.27373394096101655,1.0
6,2,9,Si1,-0.5866073172974524,2.644503678680197,-1.4288615996934104,2.0
7,2,21,Si1,0.717823917436851,-0.700857477373543,2.8710213957427975,3.0
8,2,1,Si1,-0.9696839204447634,-2.432720225284558,-1.6737889273217765,4.0
