,neighbor_num,isite,atom,x,y,z,front_index
0,0,15,Si1,0.0,0.0,0.0,
1,1,63,O1,1.5191391279681152,-1.232595164407831e-32,-0.5323942231734715,0.0
2,1,61,O1,-0.7585368133037906,1.3147230030032264,-0.5349346441192995,0.0
3,1,55,O1,-0.758093837758579,-1.3158639212850745,-0.5348520835910895,0.0
4,1,49,O1,0.0,-3.0814879110195774e-33,1.6106077070338198,0.0
5,2,14,Si1,2.4993174241471614,0.273868379812955,-1.7795806235284384,1.0
6,2,11,Si1,-1.9826019644652983,2.3425573748538286,-0.7239114186047475,2.0
7,2,9,Si1,-1.8394815421182984,-1.9490207579495564,-1.5457840774216984,3.0
8,2,7,Si1,-1.0777621987170618,-0.044047825766462254,2.807010401985639,4.0
9,3,48,O1,3.9152715391355732,-0.4456366964378558,-1.5122913351089153,5.0
10,3,60,O1,1.841900122355987,-0.3213495376290421,-3.1225429712149078,5.0
11,3,54,O1,2.727905883199401,1.8587959818036308,-1.9469804998365074,5.0
12,3,57,O1,-3.063989668718465,1.7094005288789313,-1.734843416082931,6.0
13,3,35,O1,-1.4255980743308183,3.7264188155652773,-1.3315968809220942,6.0
14,3,42,O1,-2.679770829540533,2.6231160656275496,0.6997709491733778,6.0
15,3,59,O1,-3.0635466931732527,-0.9211863954093693,-1.73476085555472,7.0
16,3,44,O1,-1.142312677043065,-2.2295794487232774,-2.9694664451998243,7.0
17,3,33,O1,-2.3964854321462243,-3.3328822079714224,-0.9380986187519244,7.0
18,3,53,O1,-2.114549233602707,-1.2460701399705436,2.542046626362349,8.0
19,3,38,O1,-1.8763578622555617,1.3519947511408348,2.857759038741002,8.0
20,3,82,O1,-0.32445508832034986,-0.27868708084314003,4.208750176159457,8.0
21,4,6,Si1,5.3452493692599425,-0.580564268543784,-2.2415710758133853,9.0
22,4,10,Si1,1.7422018269114734,-0.6765247216812691,-4.689196101948716,10.0
23,4,8,Si1,2.416978105330805,3.1994461422953284,-2.782594960077186,11.0
24,4,13,Si1,-3.8220835064770435,0.39353660759385695,-2.2696954996740186,12.0
25,4,3,Si1,-0.4747839007943032,4.389868645346686,-2.4477090167521616,13.0
26,4,0,Si1,-2.85089698819063,2.50477228581258,2.294580246207147,14.0
27,4,13,Si1,-3.8220835064770444,0.3935366075938554,-2.2696954996740173,15.0
28,4,2,Si1,-0.9711865182864123,-2.1112356782187227,-4.564275745881169,16.0
29,4,1,Si1,-3.3472996056827404,-3.9963320377528286,0.17801351707814095,17.0
30,4,6,Si1,-2.636014069672488,-2.709949062943152,2.960524493833647,18.0
31,4,0,Si1,-2.85089698819063,2.50477228581258,2.294580246207147,19.0
32,4,20,Si1,0.7329570870304246,-0.9641494877696354,5.208461313042767,20.0
