,neighbor_num,isite,atom,x,y,z,front_index
0,0,27,Si1,0.0,0.0,0.0,
1,1,74,O1,-0.7602607857935857,-1.3113462051688063,-0.542221133390401,0.0
2,1,89,O1,1.5179378129844985,0.0,-0.5367823189635432,0.0
3,1,67,O1,-0.7572750269388218,1.3185886100999846,-0.5314753547570755,0.0
4,1,93,O1,-1.3877787807814457e-16,0.0,1.6095002987077984,0.0
5,2,16,Si1,-1.604194581490485,-2.674019166516812,-0.40954010538616575,1.0
6,2,29,Si1,3.0341508972973887,-0.5029714837532684,-0.3358135477615871,2.0
7,2,19,Si1,-0.9085095949975888,2.911916167867383,-0.36308601998461343,3.0
8,2,31,Si1,0.17485816396471687,-0.6092426503908023,3.088783152215407,4.0
9,3,64,O1,-0.9101595665559217,-3.828100576340855,-1.2906366191265106,5.0
10,3,70,O1,-1.6468851883255287,-3.1341460264247107,1.1339150088498773,5.0
11,3,68,O1,-3.1077438073780432,-2.433195332338121,-0.9291256101482452,5.0
12,3,79,O1,4.039927059409228,0.740696519533389,-0.5249203523342301,6.0
13,3,94,O1,3.375370777556178,-1.634568679431728,-1.4286465995316322,6.0
14,3,91,O1,3.209009061262103,-1.1122141341440706,1.1434693057460215,6.0
15,3,73,O1,0.4940339098078612,3.621304771825132,-0.7172504316424809,7.0
16,3,69,O1,-2.041256869521435,3.4528011566082006,-1.3695414494737241,7.0
17,3,77,O1,-1.3199414418694038,3.2587194372640855,1.1525516128339923,7.0
18,3,81,O1,-0.8309180063637442,-1.8529106526075851,3.27788995118961,8.0
19,3,95,O1,-0.16636171629407565,0.5223545452876566,4.181616203985452,8.0
20,3,87,O1,1.6910712482776062,-1.11221413414407,3.289751923417363,8.0
21,4,24,Si1,0.4435258279377887,-4.664060702898135,-1.5422592758279754,9.0
22,4,23,Si1,-1.0717661616263998,-3.30652718785007,2.6268276569332407,10.0
23,4,17,Si1,-4.240491073685269,-1.892310344667179,-1.9355810340389192,11.0
24,4,21,Si1,4.280775222888505,2.194313053706001,0.12614194752057695,12.0
25,4,28,Si1,3.2072964113636058,-3.178298063303955,-1.8527667426404548,13.0
26,4,25,Si1,3.2090090530454836,-1.1122141330741955,2.7529695988553797,14.0
27,4,20,Si1,1.971586601271687,4.179192926322061,-0.40925013048514247,15.0
28,4,18,Si1,-3.544806087192373,3.6936249897170157,-1.8891269486373667,16.0
29,4,24,Si1,-1.2164021843946813,4.03863203134093,2.557060444234917,17.0
30,4,23,Si1,-1.0717661616263998,-3.30652718785007,2.6268276569332407,18.0
31,4,30,Si1,0.0017126498984986055,2.066083929159884,4.605736347094272,19.0
32,4,25,Si1,3.2090090530454844,-1.1122141330741955,2.7529695988553797,20.0
