,neighbor_num,isite,atom,x,y,z,front_index
0,0,23,Si1,0.0,0.0,0.0,
1,1,50,O1,-0.7641019228449359,1.3080706766419343,-0.5408335543512772,0.0
2,1,85,O1,-8.552847072295026e-50,8.552847072295026e-50,1.6093448362436344,0.0
3,1,70,O1,-0.7523807045886763,-1.3172954039298939,-0.5365831050646456,0.0
4,1,81,O1,1.5210941187451088,1.1102230246251565e-16,-0.5302486759485646,0.0
5,2,4,Si1,-0.9374163083151501,2.872013506882456,-0.8746696288345316,1.0
6,2,22,Si1,-0.26678427573459634,0.8173615463451311,2.969762806839845,2.0
7,2,16,Si1,-1.0155041899788453,-2.900592339279984,-0.6770457361420448,3.0
8,2,31,Si1,2.880340937361261,-0.8223072685240974,-0.2650769803039402,4.0
9,3,52,O1,-1.204200584049748,3.6893750532275913,0.4857483417616781,5.0
10,3,46,O1,0.4013344293086034,3.430668875714683,-1.5750563918540434,5.0
11,3,41,O1,-2.184204569769781,3.06946151911511,-1.8725667417962408,5.0
12,3,80,O1,-1.6055350186427526,0.25870617350828334,3.6701495623734957,6.0
13,3,51,O1,-0.4400986612048129,2.3813043765856565,2.635926732356589,6.0
14,3,71,O1,0.9800039804356317,0.6199135301078561,3.967659912315694,6.0
15,3,64,O1,-1.9666852419279262,-3.3913823749473644,0.5247443105319622,7.0
16,3,74,O1,0.3858434647379392,-3.687258198442538,-0.6131107461256751,7.0
17,3,68,O1,-1.7367934716835647,-3.1917332998448846,-2.0854505798264533,7.0
18,3,95,O1,4.064860927916967,-0.19443554296545518,-1.1560970626871248,8.0
19,3,87,O1,3.2693314508721687,-0.7240832305850012,1.2941886469316675,8.0
20,3,93,O1,2.6604436661164748,-2.3642111370046095,-0.6703020976225263,8.0
21,4,5,Si1,-1.2042005840497476,3.6893750532275886,2.095093178005312,9.0
22,4,12,Si1,1.0275363801952846,4.8542311771939675,-1.9938626435617477,10.0
23,4,3,Si1,-3.2391144147942867,3.912003668559991,-2.75181690532265,11.0
24,4,30,Si1,-2.2317369642450355,-1.1648561239663766,4.088955821567059,12.0
25,4,5,Si1,-1.2042005840497476,3.6893750532275886,2.095093178005312,13.0
26,4,17,Si1,2.034913830744538,-0.22262861533240086,4.846910083327963,14.0
27,4,24,Si1,-2.102115285940213,-3.549427813732322,2.1220194228037546,15.0
28,4,27,Si1,1.9896688257664825,-3.8263493843105874,-0.6183014162910265,16.0
29,4,17,Si1,-2.2549350885995576,-4.105268828392741,-3.3043056008989824,17.0
30,4,30,Si1,5.528403005020785,-0.421419012666866,-1.7867716158610745,18.0
31,4,25,Si1,3.7456532729107073,-1.4859692395453332,2.6301967585485384,19.0
32,4,27,Si1,1.9896688257664825,-3.8263493843105874,-0.6183014162910265,20.0
