,neighbor_num,isite,atom,x,y,z,front_index
0,0,12,Si1,0.0,0.0,0.0,
1,1,50,O1,1.526176617740018,2.465190328815662e-32,-0.514861574541777,0.0
2,1,58,O1,-0.7754866526674792,-1.2965069892574679,-0.5515444603884286,0.0
3,1,48,O1,-0.7265546178243925,1.3422745756686283,-0.516068134811376,0.0
4,1,54,O1,-5.551115123125783e-17,-3.0814879110195774e-33,1.6109372720552486,0.0
5,2,6,Si1,2.476980340886578,0.14287699757810418,-1.8051392034178522,1.0
6,2,13,Si1,-1.500955130197271,-2.1015774130445446,-1.7398492673710209,2.0
7,2,2,Si1,-0.37525029784796393,2.890971304216247,-0.788157617680233,3.0
8,2,23,Si1,-0.4091487964615993,0.8999006609050288,2.881799272835509,4.0
