,neighbor_num,isite,atom,x,y,z,front_index
0,0,15,Si1,0.0,0.0,0.0,
1,1,57,O1,-0.7217432526864609,-1.3446041459572138,-0.515989595217825,0.0
2,1,59,O1,-0.7807689423830684,1.292387872016488,-0.553755054440826,0.0
3,1,53,O1,1.523300603258104,0.0,-0.5233094510798487,0.0
4,1,25,O1,-1.1102230246251565e-16,6.162975822039155e-33,1.611182475368957,0.0
5,2,20,Si1,-1.3801096278329634,-2.716093498953259,0.011158233067029066,1.0
6,2,14,Si1,-1.0932389868124015,2.869568938163731,-0.516693357703859,2.0
7,2,5,Si1,2.9475751680091373,0.7416043082007486,-0.4197578686404254,3.0
8,2,1,Si1,0.8626852828834677,-0.6048499917315127,2.830132662675519,4.0
