,neighbor_num,isite,atom,x,y,z,front_index
0,0,13,Si1,0.0,0.0,0.0,
1,1,58,O1,-0.7694531782286902,-1.2991567879355606,-0.5537550544408252,0.0
2,1,49,O1,0.0,1.8488927466117464e-32,1.6111824753689572,0.0
3,1,55,O1,1.526064753581498,-1.232595164407831e-32,-0.5159895952178235,0.0
4,1,51,O1,-0.7204359642240024,1.3421686739523995,-0.5233094510798476,0.0
5,2,12,Si1,-2.011314671841963,-2.3203901964958336,-0.5166933577038599,1.0
6,2,3,Si1,0.12492689055552808,1.0461657047607054,2.8301326626755205,2.0
7,2,22,Si1,3.045844142882771,0.06855608769540773,0.011158233067031231,3.0
8,2,7,Si1,-2.047460115588303,2.246348903461158,-0.4197578686404251,4.0
