,neighbor_num,isite,atom,x,y,z,front_index
0,0,4,Si1,0.0,0.0,0.0,
1,1,40,O1,-0.7606403550878716,-1.3154523775923368,-0.5214469328986642,0.0
2,1,42,O1,1.5069437379181507,0.0,-0.5619246682197111,0.0
3,1,52,O1,-1.1102230246251565e-16,-3.0814879110195774e-33,1.6091171231344101,0.0
4,1,36,O1,-0.7584843783267688,1.3199869857998054,-0.5277101841649057,0.0
5,2,18,Si1,-1.6197251556154395,-2.587792444657076,-0.9947540959283023,1.0
6,2,5,Si1,3.0486746268048837,-0.44932443408370015,-0.6503112124017774,2.0
7,2,14,Si1,-0.7106733744977365,0.600802872473618,2.923756530988687,3.0
8,2,11,Si1,-0.9124218316497616,2.9213997143571255,-0.5415317471470699,4.0
