,neighbor_num,isite,atom,x,y,z,front_index
0,0,13,Si1,0.0,0.0,0.0,
1,1,58,O1,1.5099226977316669,2.465190328815662e-32,-0.5537550544408252,0.0
2,1,49,O1,1.1102230246251565e-16,2.465190328815662e-32,1.6111824753689568,0.0
3,1,55,O1,-0.7776791332364905,1.313045619105558,-0.5159895952178235,0.0
4,1,51,O1,-0.7876865502611855,-1.3038384203666276,-0.5233094510798475,0.0
5,2,12,Si1,3.0214547724576555,-0.548095275616903,-0.5166933577038597,1.0
6,2,3,Si1,-0.9637968035156039,-0.42563497428482067,2.830132662675519,2.0
7,2,22,Si1,-1.6111417931982808,2.585747203827786,0.011158233067030565,3.0
8,2,7,Si1,-0.8894062820465798,-2.9063951531858305,-0.41975786864042464,4.0
