,neighbor_num,isite,atom,x,y,z,front_index
0,0,3,Si1,0.0,0.0,0.0,
1,1,33,O1,0.0,0.0,1.6109372720552506,0.0
2,1,49,O1,-0.7789834885637175,-1.3125423321605463,-0.516068134811377,0.0
3,1,35,O1,1.5107315849146978,-2.465190328815662e-32,-0.5515444603884284,0.0
4,1,29,O1,-0.7834148756063813,1.309761887220346,-0.5148615745417761,0.0
5,2,8,Si1,-0.5622693497454179,-0.8130664889663987,2.8817992728355106,1.0
6,2,13,Si1,-2.288403141093896,-1.80602849691481,-0.7881576176802343,2.0
7,2,2,Si1,2.574037978042415,-0.20933803639048248,-1.7398492673710226,3.0
8,2,17,Si1,-1.394096899986593,2.05239842112181,-1.80513920341785,4.0
