,neighbor_num,isite,atom,x,y,z,front_index
0,0,10,Si1,0.0,0.0,0.0,
1,1,37,O1,-0.75251890063211,1.3166364097449228,-0.5372098017066319,0.0
2,1,47,O1,1.528179925948284,0.0,-0.49650059919897044,0.0
3,1,31,O1,-0.7471701488964166,-1.3249262930221237,-0.5278458570712201,0.0
4,1,45,O1,-5.551115123125783e-17,3.0814879110195774e-33,1.6071802888716753,0.0
5,2,5,Si1,-1.8069592899678733,2.002973471845009,-1.543807604129837,1.0
6,2,9,Si1,3.0159381042862967,-0.20924089358684084,-1.0662729943846099,2.0
7,2,1,Si1,-2.210241425301935,-1.9773606758594466,-0.6977596903680414,3.0
8,2,11,Si1,-0.4741943199869796,0.11825751554292198,3.138252915446699,4.0
