,neighbor_num,isite,atom,x,y,z,front_index
0,0,1,Si1,0.0,0.0,0.0,
1,1,45,O1,-0.8066303073710248,-1.2770347815223542,-0.5466386867553819,0.0
2,1,37,O1,0.0,6.162975822039155e-33,1.6125574099690507,0.0
3,1,29,O1,1.5160923712798013,-2.465190328815662e-32,-0.54238524455924,0.0
4,1,21,O1,-0.7316012638618278,1.3520674490987459,-0.48813505878478414,0.0
5,2,4,Si1,-1.1027314334905944,-2.701724793274542,-1.2269817130070262,1.0
6,2,16,Si1,-0.5213757930778969,1.0856591540803069,2.682860421493807,2.0
7,2,15,Si1,2.6106294245117128,1.1294934772430427,-0.8888168070150875,3.0
8,2,11,Si1,-1.1073373835770777,2.704943402330821,0.3042525399818893,4.0
