,neighbor_num,isite,atom,x,y,z,front_index
0,0,0,Si1,0.0,0.0,0.0,
1,1,28,O1,5.551115123125783e-17,5.551115123125783e-17,1.6101918617880298,0.0
2,1,20,O1,1.5253149272801396,1.1102230246251565e-16,-0.5244206369202321,0.0
3,1,44,O1,-0.7679736555375984,-1.288201614049384,-0.5753583281797082,0.0
4,1,36,O1,-0.702806792838939,1.3458667294786617,-0.5431820678814345,0.0
5,2,14,Si1,0.981529840832053,0.5605008642395656,2.7574580280461842,1.0
6,2,10,Si1,2.437765015847326,1.1753756113950249,-1.1451106490704146,2.0
7,2,5,Si1,-1.688160714624763,-2.6039056456186604,-0.6249851097179235,3.0
8,2,17,Si1,-0.125639325440146,2.586018608104731,-1.39461502792094,4.0
