,neighbor_num,isite,atom,x,y,z,front_index
0,0,2,Si1,0.0,0.0,0.0,
1,1,38,O1,-0.762850480039839,-1.3144184822668519,-0.5280956247807492,0.0
2,1,41,O1,1.5197489271000342,9.366175893287455e-33,-0.5280956247807493,0.0
3,1,46,O1,-0.7505386150506836,1.3033740934589704,-0.5768566382248277,0.0
4,1,66,O1,-5.551115123125783e-17,-3.0808578599287913e-33,1.612310225551857,0.0
5,2,5,Si1,-1.4493034780653993,-2.761507685088414,-0.6805322047517504,1.0
6,2,5,Si1,3.115895336214347,-0.13267072055471058,-0.6805322047517509,2.0
7,2,14,Si1,-1.5361018849497576,2.6675714768144245,-0.2475944751304922,3.0
8,2,23,Si1,0.5623840450212347,-0.9766276913091835,2.765335291147886,4.0
9,3,49,O1,-1.1137757007955054,-3.344180186888898,-2.144352442203102,5.0
10,3,64,O1,-0.8869194330441651,-3.7381353763975964,0.4724928608442779,5.0
11,3,41,O1,-3.0454498871797124,-2.6288369645337024,-0.5280956247807486,5.0
12,3,38,O1,3.802348334239908,1.3144184822668514,-0.5280956247807496,6.0
13,3,49,O1,3.4514231134842417,-0.7153432223551942,-2.1443524422031026,6.0
14,3,64,O1,3.678279381235582,-1.1092984118638929,0.472492860844278,6.0
15,3,56,O1,-2.85582031571458,2.3202015192973833,0.601823398636997,7.0
16,3,54,O1,-0.5732209085747059,3.6346200015642345,0.6018233986369966,7.0
17,3,48,O1,-1.9676938647513484,3.4170676308265326,-1.603522792522661,7.0
18,3,75,O1,-0.12406895300432608,-2.4237168941307448,2.6128987111768844,8.0
19,3,68,O1,2.1585304541355486,-1.109298411863893,2.612898711176884,8.0
20,3,83,O1,0.22685626775134016,-0.39395518950869934,4.229155528599237,8.0
21,4,13,Si1,-0.43714045363936993,-4.519214800937314,-3.009231694993917,9.0
22,4,16,Si1,-0.8869194330441649,-3.738135376397597,2.084803086396133,10.0
23,4,2,Si1,-4.565198814279747,-2.6288369645337015,6.661338147750939e-16,11.0
24,4,2,Si1,4.565198814279746,2.6288369645337024,-8.881784197001252e-16,12.0
25,4,13,Si1,4.128058360640377,-1.8903778364036115,-3.0092316949939173,13.0
26,4,16,Si1,3.678279381235584,-1.109298411863894,2.084803086396133,14.0
27,4,10,Si1,-4.175180475942867,1.9722093945441634,1.4495356140234261,15.0
28,4,10,Si1,0.3900183383368828,4.601046359077867,1.449535614023426,16.0
29,4,4,Si1,-2.6981693297560216,4.685600359059565,-2.2758963000868073,17.0
30,4,16,Si1,-0.8869194330441649,-3.738135376397597,2.084803086396133,18.0
31,4,16,Si1,3.678279381235584,-1.109298411863894,2.084803086396133,19.0
32,4,31,Si1,-0.4497789794047957,0.7810794245397179,5.094034781390049,20.0
