,neighbor_num,isite,atom,x,y,z,front_index
0,0,24,Si1,0.0,0.0,0.0,
1,1,92,O1,6.162975822039155e-33,1.232595164407831e-32,1.6064284637882258,0.0
2,1,90,O1,-0.7533377219912473,-1.317,-0.527654269411591,0.0
3,1,95,O1,1.5097069841112312,-1.4395679298600575e-16,-0.5489965677440731,0.0
4,1,84,O1,-0.7533377219912474,1.3170000000000006,-0.5276542694115912,0.0
5,2,9,Si1,0.5489965677440726,-7.35100563381784e-18,3.1161354478994565,1.0
6,2,28,Si1,-1.5081912140468627,-2.634,-1.0563702174336675,2.0
7,2,11,Si1,3.116135447899457,-3.293449052349009e-17,-0.5489965677440731,3.0
8,2,28,Si1,-1.508191214046863,2.634000000000001,-1.0563702174336682,4.0
9,3,53,O1,0.021342298332481267,1.317,3.8694731698907034,5.0
10,3,59,O1,0.02134229833248149,-1.3170000000000004,3.8694731698907043,5.0
11,3,61,O1,2.1554250315322996,-3.510658124944673e-17,3.116135447899457,5.0
12,3,84,O1,-0.7533377219912474,-3.951,-0.5276542694115909,6.0
13,3,76,O1,-3.0160818323425627,-2.6339999999999995,-0.49706385499017586,6.0
14,3,82,O1,-1.4978814193474423,-2.634,-2.664615047037425,6.0
15,3,55,O1,3.643789717311048,1.3170000000000002,-1.3023342897353198,7.0
16,3,62,O1,3.6651320156435316,-6.085004706657145e-16,0.9607104163671579,7.0
17,3,57,O1,3.6437897173110483,-1.3170000000000006,-1.3023342897353196,7.0
18,3,76,O1,-3.0160818323425636,2.634000000000001,-0.4970638549901762,8.0
19,3,82,O1,-1.4978814193474426,2.6340000000000003,-2.664615047037425,8.0
20,3,90,O1,-0.7533377219912476,3.951,-0.5276542694115917,8.0
21,4,13,Si1,-0.5073736496895956,2.634,4.624326661946318,9.0
22,4,13,Si1,-0.5073736496895952,-2.6340000000000003,4.624326661946318,10.0
23,4,26,Si1,3.6651320156435307,-7.341748865480307e-16,2.5671388801553845,11.0
24,4,24,Si1,4.440892098500626e-16,-5.268,3.1602910887163534e-16,12.0
25,4,16,Si1,-3.9821837852677926,-2.6340000000000003,0.7919290999169882,13.0
26,4,22,Si1,-0.6166625900268607,-2.6340000000000003,-4.013062004131809,14.0
27,4,15,Si1,4.172505665333125,2.634,-2.0571877817909345,15.0
28,4,26,Si1,3.6651320156435307,-7.341748865480307e-16,2.5671388801553845,16.0
29,4,15,Si1,4.172505665333125,-2.6340000000000003,-2.0571877817909345,17.0
30,4,16,Si1,-3.982183785267792,2.6340000000000003,0.7919290999169877,18.0
31,4,22,Si1,-0.6166625900268613,2.634,-4.013062004131808,19.0
32,4,24,Si1,-4.440892098500626e-16,5.267999999999999,-3.1602910887163524e-16,20.0
