,neighbor_num,isite,atom,x,y,z,front_index
0,0,7,Si1,0.0,0.0,0.0,
1,1,36,O1,-0.7550078123663362,1.3225540830189104,-0.5189756170477416,0.0
2,1,43,O1,1.5228874217236794,2.465190328815662e-32,-0.5189756170477428,0.0
3,1,51,O1,-5.551115123125783e-17,-6.162975822039155e-33,1.61085561775295,0.0
4,1,34,O1,-0.7558660117722253,-1.3018625158196713,-0.5773775416227278,0.0
5,2,0,Si1,-1.6586003633031834,2.389193892138569,-1.315418841532011,1.0
6,2,0,Si1,2.8971901048768474,-0.25591427389925303,-1.3154188415320127,2.0
7,2,15,Si1,-0.437417073616299,-0.7533833815141755,2.962757059419901,3.0
8,2,18,Si1,-1.093775398122278,-1.8838592678648272,-2.0425196134521117,4.0
9,3,32,O1,-1.996509749653236,1.8071971400934121,-2.7805609133613944,5.0
10,3,44,O1,-0.8514497189395046,3.7793862703525787,-1.4189988111458924,5.0
11,3,43,O1,-3.032903046456352,2.6451081660378213,-0.5189756170477411,5.0
12,3,36,O1,3.800782655813694,-1.3225540830189113,-0.5189756170477433,6.0
13,3,32,O1,2.5592807185267947,-0.8379110259444097,-2.7805609133613967,6.0
14,3,44,O1,3.7043407492405267,1.1342781043147567,-1.418998811145893,6.0
15,3,57,O1,0.23902731882162775,-2.2112508268571713,2.9924023610680113,7.0
16,3,55,O1,-2.038867915268387,-0.8886967438382614,2.992402361068013,7.0
17,3,47,O1,0.042742531305145715,0.0736174116454209,4.255844127535981,7.0
18,3,73,O1,-1.9973679490591254,-0.8172194587451702,-2.8389628379363803,8.0
19,3,78,O1,-1.9009260424859573,-3.2740516460788363,-1.9389396438382298,8.0
20,3,70,O1,0.28052728503089097,-2.1397735417640806,-2.838962837936381,8.0
21,4,21,Si1,-2.7523757614254607,0.5053346242737404,-3.357938454984122,9.0
22,4,12,Si1,-0.20217956645815427,4.897653874652141,-2.375285148016245,10.0
23,4,7,Si1,-4.555790468180031,2.6451081660378217,1.1102230246251565e-15,11.0
24,4,7,Si1,4.555790468180031,-2.6451081660378217,-1.1102230246251565e-15,12.0
25,4,21,Si1,1.8034147067545705,-2.13977354176408,-3.3579384549841236,13.0
26,4,12,Si1,4.353610901721876,2.2525457086143192,-2.3752851480162467,14.0
27,4,11,Si1,0.9164004325941076,-3.667518693076005,3.021988133997953,15.0
28,4,11,Si1,-3.639390035585924,-1.0224105270381831,3.021988133997955,16.0
29,4,3,Si1,0.09475092604007851,0.1631938425985904,5.863366137071473,17.0
30,4,21,Si1,-2.7523757614254607,0.5053346242737404,-3.357938454984122,18.0
31,4,30,Si1,-2.550196194967307,-4.392319250378399,-0.982653306967877,19.0
32,4,21,Si1,1.8034147067545705,-2.13977354176408,-3.3579384549841236,20.0
