,neighbor_num,isite,atom,x,y,z,front_index
0,0,14,Si1,0.0,0.0,0.0,
1,1,108,O1,1.5149162846335977,0.0,-0.5391598398110039,0.0
2,1,50,O1,-1.1102230246251565e-16,-9.244463733058732e-33,1.6097748870093347,0.0
3,1,68,O1,-0.7544135509925622,-1.314827416882385,-0.5358647465125599,0.0
4,1,74,O1,-0.7639302801743717,1.31244447819028,-0.5357909949536395,0.0
5,2,22,Si1,3.010811046426823,0.43151984965675105,-0.941346566723874,1.0
6,2,22,Si1,0.0410503712966902,-0.9266813364151069,2.92511590827878,2.0
7,2,20,Si1,-1.6008470233194787,-2.552856316252473,-1.1154307590069188,3.0
8,2,2,Si1,-2.2009358321049373,1.836869520323516,-1.0452485498593016,4.0
