,neighbor_num,isite,atom,x,y,z,front_index
0,0,21,Si1,0.0,0.0,0.0,
1,1,86,O1,-0.7586196148648658,-1.317644841371453,-0.5365276622162778,0.0
2,1,107,O1,-0.7539535907026356,1.3140495627352153,-0.5389734799181429,0.0
3,1,49,O1,0.0,-6.162975822039155e-33,1.609517143269319,0.0
4,1,63,O1,1.5158272258764351,-6.162975822039155e-33,-0.536031506036618,0.0
5,2,27,Si1,-0.4980875393683911,-2.823077575668296,-1.0454159495649245,1.0
6,2,13,Si1,-1.8727175119500226,2.3968446900256675,-0.9409519181343683,2.0
7,2,13,Si1,0.7836774592678233,0.49653667127975126,2.925068799706979,3.0
8,2,9,Si1,3.010829682147523,-0.11803134684576855,-1.1157712883476412,4.0
