,neighbor_num,isite,atom,x,y,z,front_index
0,0,32,Si1,0.0,0.0,0.0,
1,1,56,O1,5.551115123125783e-17,0.0,1.6078127857969455,0.0
2,1,39,O1,1.5174340743118193,0.0,-0.5365997247439258,0.0
3,1,97,O1,-0.7594998400177904,1.3140495627352136,-0.531129383485251,0.0
4,1,85,O1,-0.7579602116117132,-1.3157098978347845,-0.5362609009856741,0.0
5,2,2,Si1,-0.048150461590537486,-0.11803134684576966,3.2105641989921523,1.0
6,2,3,Si1,3.0189924989626578,0.4965366790164558,-0.23635177895433745,2.0
7,2,3,Si1,-1.5114670926655693,2.3968446977623694,-1.4518707308895884,3.0
8,2,20,Si1,-1.1516642913521018,-2.8230775756682958,-0.12105810383137428,4.0
