,neighbor_num,isite,atom,x,y,z,front_index
0,0,21,Si1,0.0,0.0,0.0,
1,1,86,O1,-0.7620220036901779,-1.313748973820844,-0.5412390230299997,0.0
2,1,107,O1,1.1102230246251565e-16,0.0,1.6080002121620136,0.0
3,1,49,O1,1.5164117788907814,1.1102230246251565e-16,-0.5394819286307219,0.0
4,1,63,O1,-0.7578767326578569,1.3147821676868734,-0.5310674757510508,0.0
5,2,27,Si1,-1.722601694425486,-1.8369723805378202,-1.7230579149360097,1.0
6,2,13,Si1,0.12269188474695286,-0.43151252591864975,3.152153153211597,2.0
7,2,13,Si1,2.7694955631514935,0.9268467052783764,-0.9421125302786699,3.0
8,2,9,Si1,-1.5877745115275137,2.5527615144253604,-1.1341750714294687,4.0
