,neighbor_num,isite,atom,x,y,z,front_index
0,0,25,Si1,0.0,0.0,0.0,
1,1,93,O1,1.5184189873209624,1.1987097922919953e-16,-0.5362608985540263,0.0
2,1,47,O1,-0.7574685689682277,-1.3148564710810804,-0.5365997241156444,0.0
3,1,70,O1,1.1102230246251565e-16,-1.5087836059360868e-16,1.6078127857521043,0.0
4,1,105,O1,-0.7594987751913743,1.3140501813628305,-0.5311293788787369,0.0
5,2,90,O1,1.5204896391671336,-0.00028190480115181896,-0.5363438718933118,1.0
6,2,11,Si1,-1.9372613479586733,-2.368096881839426,-0.2363517806222185,2.0
7,2,16,Si1,0.12630976261648885,-0.017196192870277807,3.210564197807784,3.0
8,2,11,Si1,-1.3223756982299237,2.5061364259476138,-1.451870722892181,4.0
