,neighbor_num,isite,atom,x,y,z,front_index
0,0,18,Si1,0.0,0.0,0.0,
1,1,110,O1,-0.7597423807557319,1.3139093390705179,-0.5311294044592303,0.0
2,1,66,O1,0.0,0.0,1.607812761111278,0.0
3,1,52,O1,-0.7572247527316932,-1.3149968918121897,-0.5365997292559016,0.0
4,1,83,O1,1.5204896813013509,1.6653345369377348e-16,-0.5363438359879701,0.0
5,2,16,Si1,-1.3228402962737482,2.5058911934771952,-1.4518707807802267,1.0
6,2,12,Si1,0.1263128688704937,-0.01717275121753936,3.210564202350276,2.0
7,2,16,Si1,-1.9368222482554407,-2.36845602381843,-0.2363518101824158,3.0
8,2,30,Si1,3.0211572544726906,-0.410738969630994,-0.12105802449019104,4.0
