,neighbor_num,isite,atom,x,y,z,front_index
0,0,8,Si1,0.0,0.0,0.0,
1,1,44,O1,-0.7606767602962599,-1.3120254282464918,-0.5397548809747527,0.0
2,1,62,O1,-0.757389187153296,1.3150630839222266,-0.5310674707757705,0.0
3,1,82,O1,1.5170726040766114,-1.033032933297408e-33,-0.5400580397836874,0.0
4,1,102,O1,-6.842277657836021e-49,-3.4211388289180104e-49,1.6080002132353717,0.0
5,2,28,Si1,-2.190813831625151,-1.931187525750818,-0.9421125269660537,1.0
6,2,35,Si1,-1.41221274364884,2.6539168207899966,-1.134175061799653,2.0
7,2,80,O1,1.5187540079120414,0.0003900105516282393,-0.5412390253347508,3.0
8,2,28,Si1,0.3117891536250387,-0.3225583473539436,3.152153153791244,4.0
