,neighbor_num,isite,atom,x,y,z,front_index
0,0,19,Si1,0.0,0.0,0.0,
1,1,53,O1,-0.7605099078482483,1.3119181914329419,-0.5394819367826508,0.0
2,1,92,O1,1.517072614873475,3.223804206601376e-17,-0.5400580344680483,0.0
3,1,67,O1,-0.7573891794173706,-1.3150630803359866,-0.5310674789781789,0.0
4,1,111,O1,0.0,-1.2181832707754152e-16,1.608000207584961,0.0
5,2,17,Si1,-2.190813812161257,1.9311875407033956,-0.942112541577403,1.0
6,2,84,O1,1.518754013951628,-0.0003900122324359682,-0.5412390177568984,2.0
7,2,13,Si1,-1.4122127394118529,-2.6539168097906245,-1.134175068934848,3.0
8,2,17,Si1,0.31178914605391195,0.32255835686477186,3.1521531535668927,4.0
