,neighbor_num,isite,atom,x,y,z,front_index
0,0,3,Si1,0.0,0.0,0.0,
1,1,97,O1,-0.7626620120292447,1.3089377422404562,-0.5391598322010299,0.0
2,1,75,O1,1.5204319635542622,1.7143154157342355e-18,-0.5365074111904335,0.0
3,1,57,O1,-0.7562561012480551,-1.3137684880762839,-0.5358647434147743,0.0
4,1,39,O1,1.1102230246251565e-16,-1.115918537475368e-16,1.6097748927099929,0.0
5,2,32,Si1,-1.142900509143514,2.818682492207006,-0.941346551988989,1.0
6,2,9,Si1,2.6951442935713725,-0.9769367338716473,-1.045248562573433,2.0
7,2,27,Si1,-1.399829704161785,-2.668382142364591,-1.1154307362409486,3.0
8,2,32,Si1,-0.8213494957076846,-0.43105502595547673,2.925115915022108,4.0
