,neighbor_num,isite,atom,x,y,z,front_index
0,0,20,Si1,0.0,0.0,0.0,
1,1,51,O1,-0.759341559542043,1.3137756871008182,-0.5365997213918685,0.0
2,1,68,O1,-5.551115123125783e-17,0.0,1.6078127818839865,0.0
3,1,85,O1,-0.761113586650423,-1.3162807245409658,-0.5363438670892149,0.0
4,1,109,O1,1.5177503886990962,-1.6653345369377348e-16,-0.5311293864935531,0.0
5,2,15,Si1,-1.0808434348550628,2.862279130143825,-0.23635178949150926,1.0
6,2,14,Si1,-0.07809502372733068,-0.100752313746854,3.2105641996670014,2.0
7,2,32,Si1,-1.8678795932878105,-2.409797391248232,-0.12105808866883638,3.0
8,2,15,Si1,2.8315141538033384,-0.10920076525538558,-1.4518707443849874,4.0
