,neighbor_num,isite,atom,x,y,z,front_index
0,0,8,Si1,0.0,0.0,0.0,
1,1,44,O1,0.0,1.232595164407831e-32,1.6097748878511784,0.0
2,1,62,O1,1.5158861897023521,3.0814879110195774e-33,-0.5358647347023554,0.0
3,1,82,O1,-0.7581826680838679,1.3157731603138154,-0.5357910085003399,0.0
4,1,102,O1,-0.753930840070995,-1.3139861665764558,-0.5391598354853169,0.0
5,2,28,Si1,0.7833418315542614,-0.49678866696797985,2.925115914494911,1.0
6,2,35,Si1,3.0109557099327957,0.11803536286560021,-1.1154307516564193,2.0
7,2,80,O1,-0.7585239250974138,1.3177081662714667,-0.5365074228738411,3.0
8,2,28,Si1,-1.8726806522086725,-2.39671852532995,-0.9413465641863994,4.0
