,neighbor_num,isite,atom,x,y,z,front_index
0,0,15,Si1,0.0,0.0,0.0,
1,1,78,O1,1.5170725941662255,-3.123533185317811e-17,-0.5400580446834021,0.0
2,1,51,O1,-0.7606767844154899,1.312025414262818,-0.539754880974753,0.0
3,1,69,O1,-0.7573891629782245,-1.3150630978454652,-0.531067470775772,0.0
4,1,109,O1,0.0,1.214825352878799e-16,1.6080002132353703,0.0
5,2,6,Si1,2.4531682063524913,-0.5690253497286185,-1.7230579190016462,1.0
6,2,20,Si1,-2.1908138671265633,1.9311874854766449,-0.942112526966055,2.0
7,2,24,Si1,-1.4122126915578856,-2.653916837454773,-1.1341750601664171,3.0
8,2,20,Si1,0.3117891476953826,0.32255835308562575,3.152153153791243,4.0
