,neighbor_num,isite,atom,x,y,z,front_index
0,0,18,Si1,0.0,0.0,0.0,
1,1,110,O1,0.0,5.390570835593796e-33,1.6080002116586702,0.0
2,1,66,O1,1.517573456937399,-1.722406947878123e-33,-0.5310674887350406,0.0
3,1,52,O1,-0.7572965931820019,-1.3137756781995875,-0.5394819351831418,0.0
4,1,83,O1,-0.7576403691530045,1.316280733440641,-0.5412390258922949,0.0
5,2,16,Si1,-0.4351224683577307,0.10920077723162237,3.1521531553618782,1.0
6,2,12,Si1,3.004574556238461,0.10075226631254564,-1.1341750563634676,2.0
7,2,16,Si1,-0.5800936933881383,-2.862279131233637,-0.9421125294099926,3.0
8,2,30,Si1,-0.7312322662112513,2.4097973953941585,-1.7230579179827514,4.0
