,neighbor_num,isite,atom,x,y,z,front_index
0,0,19,Si1,0.0,0.0,0.0,
1,1,67,O1,1.5175123754488364,1.058279798273731e-32,-0.5372705260779443,0.0
2,1,37,O1,0.0,1.840886791204938e-32,1.6099109932930085,0.0
3,1,42,O1,-0.7588313805776563,-1.3153323514921222,-0.5346860268367725,0.0
4,1,68,O1,-0.7594673486334368,1.3139693127859136,-0.5368402176151241,0.0
5,2,23,Si1,2.8702471829521827,0.8606414569640305,-0.6818673827386479,1.0
6,2,5,Si1,0.4971771849746158,0.6229593621261054,3.008141140035007,2.0
7,2,10,Si1,-1.3904750588981571,-2.1713713323800445,-1.7423840810772002,3.0
8,2,21,Si1,-1.0978058028257194,2.2116477868320774,-1.8295907254399588,4.0
