,neighbor_num,isite,atom,x,y,z,front_index
0,0,0,Si1,0.0,0.0,0.0,
1,1,32,O1,-2.7755575615628914e-17,1.1102230246251565e-16,1.6094443337307438,0.0
2,1,56,O1,1.517046997207483,1.3877787807814457e-16,-0.5382697407547312,0.0
3,1,24,O1,-0.7547272103916486,1.3138305770759644,-0.5411776987900071,0.0
4,1,48,O1,-0.7566779560132414,-1.3166775754791187,-0.5380409580400127,0.0
5,2,20,Si1,-0.7725539786247704,0.196957644897107,3.008079898326935,1.0
6,2,7,Si1,3.0633155724358465,-0.38947337071679655,-0.3179747287545609,2.0
7,2,6,Si1,-2.0160296141964613,2.307896666501848,-0.6390863554180182,3.0
8,2,15,Si1,-0.4744923700699773,-2.7654374245056728,-1.1839168240924407,4.0
