,neighbor_num,isite,atom,x,y,z,front_index
0,0,19,Si1,0.0,0.0,0.0,
1,1,67,O1,0.0,-5.551115123125783e-17,1.6098147184792548,0.0
2,1,37,O1,-0.7572101693665587,-1.3152003725622492,-0.5373026574898642,0.0
3,1,42,O1,1.5177554199567884,-1.1102230246251565e-16,-0.5368723232924886,0.0
4,1,68,O1,-0.7597571207968727,1.3138374706217704,-0.5367528723920135,0.0
5,2,23,Si1,-0.9031096278218105,0.1562869264306806,2.9332461766949205,1.0
6,2,5,Si1,-2.037524670677105,-2.2904448437662603,-0.5352870935653742,2.0
7,2,10,Si1,2.9328401159315107,0.7421882393821,-0.7292339200810012,3.0
8,2,21,Si1,-0.8733349264065611,2.915694047409019,-0.4242405739141717,4.0
