,neighbor_num,isite,atom,x,y,z,front_index
0,0,7,Si1,0.0,0.0,0.0,
1,1,27,O1,-0.7508584982820787,1.3171319032468027,-0.5385279138911991,0.0
2,1,56,O1,1.518997739419829,-2.38193890803942e-50,-0.5327398738463834,0.0
3,1,39,O1,-0.7588253173693362,-1.3136235989986256,-0.537483247414487,0.0
4,1,55,O1,0.0,6.455136665190817e-50,1.611114347094755,0.0
5,2,3,Si1,-2.0415410930850033,2.259304269172075,-0.7258429463700027,1.0
6,2,0,Si1,2.816348013502636,-0.8223200724667469,-1.0142353258539345,2.0
7,2,17,Si1,-2.119018320036584,-2.1329854189903314,-0.802689977646995,3.0
8,2,8,Si1,0.9551093263182856,-0.27887376370611494,2.8782706271607847,4.0
