,neighbor_num,isite,atom,x,y,z,front_index
0,0,0,Si1,0.0,0.0,0.0,
1,1,32,O1,1.5156676382584033,0.0,-0.5413526334231606,0.0
2,1,56,O1,-0.7610798236260001,1.315451330461202,-0.5305762949903392,0.0
3,1,24,O1,5.551115123125783e-17,5.551115123125783e-17,1.6089242521116307,0.0
4,1,48,O1,-0.763938799452854,-1.3119773471122027,-0.5392609672222913,0.0
5,2,20,Si1,3.0196920057588583,-0.5717848501781859,-0.48856822855534887,1.0
6,2,7,Si1,-0.9262843643100008,2.46223998795244,-1.6480507422754855,2.0
7,2,6,Si1,0.40905210018487503,-0.598536292270299,3.045262629793797,3.0
8,2,15,Si1,-1.8420088181064904,-1.7889341765709683,-1.63742609921627,4.0
