,neighbor_num,isite,atom,x,y,z,front_index
0,0,23,Si1,0.0,0.0,0.0,
1,1,67,O1,1.5175123754488358,-4.676196039768191e-33,-0.5372705260779446,0.0
2,1,70,O1,-0.7594673486334378,-1.3139693127859127,-0.5368402176151241,0.0
3,1,46,O1,-0.7588313805776568,1.3153323514921225,-0.5346860268367717,0.0
4,1,33,O1,-1.1102230246251565e-16,1.5607588440268123e-33,1.6099109932930087,0.0
5,2,19,Si1,2.870247182952182,-0.8606414569640305,-0.6818673827386488,1.0
6,2,17,Si1,-1.0978058028257203,-2.2116477868320765,-1.8295907254399593,2.0
7,2,14,Si1,-1.3904750588981578,2.1713713323800454,-1.742384081077199,3.0
8,2,1,Si1,0.4971771849746166,-0.6229593621261064,3.0081411400350064,4.0
