,neighbor_num,isite,atom,x,y,z,front_index
0,0,17,Si1,0.0,0.0,0.0,
1,1,65,O1,0.0,0.0,1.609814718479254,0.0
2,1,39,O1,-0.757210169366557,-1.3152003725622503,-0.5373026574898637,0.0
3,1,40,O1,1.517755419956788,5.551115123125783e-17,-0.5368723232924884,0.0
4,1,70,O1,-0.7597571207968726,1.3138374706217686,-0.536752872392015,0.0
5,2,21,Si1,-0.9031096278218104,0.15628692643068137,2.9332461766949183,1.0
6,2,7,Si1,-2.037524670677102,-2.290444843766262,-0.5352870935653725,2.0
7,2,8,Si1,2.93284011593151,0.742188239382102,-0.7292339200810017,3.0
8,2,23,Si1,-0.873334926406562,2.9156940474090165,-0.4242405739141736,4.0
