,neighbor_num,isite,atom,x,y,z,front_index
0,0,4,Si1,0.0,0.0,0.0,
1,1,36,O1,-0.7654036820228997,1.3098015214804735,-0.5374832474144862,0.0
2,1,26,O1,1.5161216755237568,-1.232595164407831e-32,-0.5385279138911987,0.0
3,1,52,O1,0.0,6.162975822039155e-33,1.611114347094755,0.0
4,1,59,O1,-0.7522828674820115,-1.3196304860284145,-0.5327398738463847,0.0
5,2,16,Si1,-0.8035900090120685,2.897258796809842,-0.8026899776469922,1.0
6,2,2,Si1,2.973844569464142,0.6546711328006604,-0.7258429463700022,2.0
7,2,11,Si1,-0.7152892166360942,-0.6916398903099111,2.878270627160784,3.0
8,2,3,Si1,-2.1091861516192494,-2.0394509586061487,-1.014235325853936,4.0
