,neighbor_num,isite,atom,x,y,z,front_index
0,0,18,Si1,0.0,0.0,0.0,
1,1,41,O1,0.0,0.0,1.609910993293009,0.0
2,1,38,O1,-0.7590601023919699,1.3152003725622503,-0.5346860268367718,0.0
3,1,66,O1,1.5176646561686098,2.465190328815662e-32,-0.5368402176151246,0.0
4,1,71,O1,-0.7593911445563224,-1.313837470621769,-0.5372705260779447,0.0
5,2,9,Si1,0.29055143682788176,-0.7421882393821018,3.008141140035008,1.0
6,2,6,Si1,-1.1841185625452664,2.290444843766262,-1.742384081077199,2.0
7,2,20,Si1,2.4641708362741186,-0.15628692643068148,-1.8295907254399595,3.0
8,2,22,Si1,-0.6911952188736037,-2.9156940474090174,-0.6818673827386479,4.0
