,neighbor_num,isite,atom,x,y,z,front_index
0,0,3,Si1,0.0,0.0,0.0,
1,1,59,O1,-0.7538103747542515,-1.319630486028415,-0.5305762949903374,0.0
2,1,35,O1,-0.7626718586595707,1.309801521480473,-0.5413526334231602,0.0
3,1,27,O1,1.1102230246251565e-16,3.928183944865872e-17,1.6089242521116307,0.0
4,1,51,O1,1.5181854460654791,-2.1663902308714028e-17,-0.539260967222292,0.0
5,2,4,Si1,-1.661706432941055,-2.039450958606149,-1.6480507422754826,1.0
6,2,21,Si1,-1.0253629546873813,2.89725879680984,-0.48856822855534976,2.0
7,2,7,Si1,0.3114081272347222,0.6546711328006619,3.045262629793795,3.0
8,2,12,Si1,2.4728356670465996,-0.6916398903099114,-1.637426099216269,4.0
