,neighbor_num,isite,atom,x,y,z,front_index
0,0,19,Si1,0.0,0.0,0.0,
1,1,67,O1,1.5176955497764912,-1.1102230246251565e-16,-0.5367528723920135,0.0
2,1,37,O1,-0.7597870917589746,-1.3138892989916038,-0.5368723232924879,0.0
3,1,42,O1,-0.7594828309944632,1.313889298991603,-0.5373026574898639,0.0
4,1,68,O1,-5.551115123125783e-17,2.220446049250313e-16,1.6098147184792546,0.0
5,2,23,Si1,2.9612464253418165,-0.7035661164227982,-0.4242405739141718,1.0
6,2,5,Si1,-0.8256803831751591,-2.910437498578861,-0.7292339200810003,2.0
7,2,10,Si1,-0.962807318636141,2.910437498578861,-0.5352870935653744,3.0
8,2,21,Si1,0.587390264695747,0.7035661164227994,2.93324617669492,4.0
