,neighbor_num,isite,atom,x,y,z,front_index
0,0,3,Si1,0.0,0.0,0.0,
1,1,59,O1,-0.7558950556432762,1.3153152688957472,-0.5382697407547319,0.0
2,1,35,O1,0.0,0.0,1.6094443337307436,0.0
3,1,27,O1,-0.7630659130577462,-1.309005103005588,-0.5411776987900072,0.0
4,1,51,O1,1.5186182426422856,1.1102230246251565e-16,-0.5380409580400131,0.0
5,2,4,Si1,-1.1886677387494142,2.8500282120852436,-0.3179747287545608,1.0
6,2,21,Si1,0.21417156857972874,-0.7679599618368617,3.008079898326934,2.0
7,2,7,Si1,-0.9964786258201859,-2.8978945420513473,-0.639086355418017,3.0
8,2,12,Si1,2.634123078230421,0.9665313067071694,-1.1839168240924418,4.0
