,neighbor_num,isite,atom,x,y,z,front_index
0,0,10,Si1,0.0,0.0,0.0,
1,1,30,O1,-0.7566797960128013,-1.3171319032468034,-0.5303173434731794,0.0
2,1,53,O1,1.520323058159006,-4.434127623244394e-17,-0.5332046870054786,0.0
3,1,42,O1,-0.7583306501250597,1.3136235989986242,-0.5381809441189873,0.0
4,1,62,O1,0.0,1.5747306049697563e-16,1.6097098824162104,0.0
5,2,12,Si1,-1.3605955725417376,-2.2593042691720773,-1.686273318750437,1.0
6,2,5,Si1,3.0321683748264485,0.27887376370611433,-0.05128913236787547,2.0
7,2,19,Si1,-1.458753431065821,2.1329854189903292,-1.7339516337600966,3.0
8,2,13,Si1,-0.024998468500764703,0.8223200724667491,2.9933032766398564,4.0
