,neighbor_num,isite,atom,x,y,z,front_index
0,0,0,Si1,0.0,0.0,0.0,
1,1,24,O1,1.5188356084528998,-4.680273566273675e-33,-0.5337734757399907,0.0
2,1,28,O1,-0.7564741927247567,1.3165323781509803,-0.5353805527836801,0.0
3,1,20,O1,-0.7596389622473749,-1.312624735477444,-0.5379850135568021,0.0
4,1,12,O1,1.1102230246251565e-16,2.6204086583695095e-32,1.610320034106714,0.0
5,2,2,Si1,2.5405291070975062,-0.3679906373485267,-1.7222603349686527,1.0
6,2,6,Si1,-0.7237417255393015,2.5187497260318064,-1.6057753758857707,2.0
7,2,1,Si1,-0.8009591281197852,-2.921158410083398,-0.5573495562612655,3.0
8,2,8,Si1,-0.7084888763357605,-0.37909450330442845,3.0050543871456217,4.0
