,neighbor_num,isite,atom,x,y,z,front_index
0,0,7,Si1,0.0,0.0,0.0,
1,1,29,O1,-0.7610148889575186,-1.3135888189050873,-0.536175155065878,0.0
2,1,19,O1,-0.7607981629917586,1.3150109131072902,-0.5339129759076328,0.0
3,1,27,O1,0.0,1.56389370924007e-33,1.6098992915421875,0.0
4,1,23,O1,1.5164757999637168,-4.673001844941936e-33,-0.5382973825754803,0.0
5,2,1,Si1,-1.3013502290116532,-2.780339022302253,-0.15039723397608262,1.0
6,2,11,Si1,-0.973972529478424,2.440485933420653,-1.6647603192735023,2.0
7,2,5,Si1,0.7103878436529908,-0.4930406383414758,2.9678520777030037,3.0
8,2,6,Si1,2.9247930649050446,0.7778464451874879,-0.5708598293596536,4.0
