,neighbor_num,isite,atom,x,y,z,front_index
0,0,7,Si1,0.0,0.0,0.0,
1,1,55,O1,1.5020078534886212,0.0,-0.5835963119032029,0.0
2,1,51,O1,0.0,0.0,1.6067895953517513,0.0
3,1,59,O1,-0.7374418554783493,-1.3128416,-0.5760259638775435,0.0
4,1,57,O1,-0.7374418554783493,1.3128416,-0.5760259638775435,0.0
5,2,5,Si1,3.0600328597623645,0.0,-0.18658782222609127,1.0
6,2,9,Si1,3.1086244689504383e-15,0.0,3.213579190703505,2.0
7,2,13,Si1,-1.6365117427783342,-2.632,-0.7775497714527282,3.0
8,2,13,Si1,-1.6365117427783342,2.632,-0.7775497714527282,4.0
