,neighbor_num,isite,atom,x,y,z,front_index
0,0,24,Si1,0.0,0.0,0.0,
1,1,84,O1,-0.80789699660607,1.30955274277232,-0.47852513411617437,0.0
2,1,94,O1,-0.8179317033550969,-1.2859040679897418,-0.5259447922900502,0.0
3,1,82,O1,1.5007294865047516,0.0,-0.5740939052679803,0.0
4,1,92,O1,0.0,0.0,1.6121970933986218,0.0
5,2,20,Si1,-0.7097183503556836,2.6679450544601218,-1.3330360714469458,1.0
6,2,30,Si1,-1.2597671597966227,-2.7158200563881345,-1.1169093319314138,2.0
7,2,22,Si1,3.0014589730095014,6.661338147750943e-16,-1.1481878105359609,3.0
8,2,30,Si1,0.38003176433147823,-0.1378247316292286,3.169662211149324,4.0
