,neighbor_num,isite,atom,x,y,z,front_index
0,0,24,Si1,0.0,0.0,0.0,
1,1,84,O1,1.5020078534886223,5.551115123125783e-17,-0.5835963119032006,0.0
2,1,94,O1,-0.7374418554783481,-1.3128415999999998,-0.5760259638775418,0.0
3,1,82,O1,0.0,0.0,1.6067895953517544,0.0
4,1,92,O1,-0.7374418554783482,1.3128416000000003,-0.5760259638775423,0.0
5,2,20,Si1,3.0600328597623654,-2.220446049250313e-16,-0.18658782222608827,1.0
6,2,30,Si1,-1.6365117427783336,-2.6319999999999997,-0.7775497714527286,2.0
7,2,22,Si1,8.881784197001252e-16,-3.3306690738754696e-16,3.213579190703507,3.0
8,2,30,Si1,-1.636511742778334,2.6320000000000006,-0.7775497714527299,4.0
