,neighbor_num,isite,atom,x,y,z,front_index
0,0,1,Si1,0.0,0.0,0.0,
1,1,77,O1,-0.7514803307848501,-1.3135424330312135,-0.5449862145490136,0.0
2,1,75,O1,0.0,0.0,1.608454657420759,0.0
3,1,47,O1,-0.7908289614459015,1.3045631885428528,-0.5197759129351388,0.0
4,1,32,O1,1.5218217515360513,-5.551115123125783e-17,-0.5310659457270415,0.0
5,2,18,Si1,-1.091083201227689,-2.764784805958821,-1.1497108216099174,1.0
6,2,18,Si1,0.4118774603420115,-0.1376999398963934,3.1571709223296276,2.0
7,2,13,Si1,-0.667407057044787,2.6539641282154514,-1.3859452845935487,3.0
8,2,0,Si1,2.8228034861656326,-0.9437269766147726,-0.40941726332990114,4.0
