,neighbor_num,isite,atom,x,y,z,front_index
0,0,27,Si1,0.0,0.0,0.0,
1,1,72,O1,0.0,-1.8488927466117464e-32,1.6056864152219141,0.0
2,1,68,O1,1.5154896512987275,0.0,-0.5292197981533768,0.0
3,1,73,O1,-0.7538961318223001,1.305314855062802,-0.5531931087820521,0.0
4,1,69,O1,-0.7573342192966412,-1.3126895152608964,-0.5292197981533765,0.0
5,2,21,Si1,-0.0003014378775777482,0.0005219171751551509,3.2105096239168374,1.0
6,2,30,Si1,3.055983976997836,0.25539075896657915,-0.9127554945679024,2.0
7,2,21,Si1,-1.5074908257670223,2.6101077929504486,-1.105523011037113,3.0
8,2,31,Si1,-1.7483788218032255,-2.5194114397817198,-0.9127554945679022,4.0
