,neighbor_num,isite,atom,x,y,z,front_index
0,0,23,Si1,0.0,0.0,0.0,
1,1,91,O1,-0.7374418554783475,-1.3128416000000003,-0.5760259638775428,0.0
2,1,83,O1,-2.7755575615628914e-16,0.0,1.6067895953517526,0.0
3,1,87,O1,1.502007853488624,-1.1102230246251565e-16,-0.5835963119032005,0.0
4,1,89,O1,-0.7374418554783473,1.3128416000000003,-0.5760259638775426,0.0
5,2,29,Si1,-1.6365117427783336,-2.632000000000001,-0.7775497714527304,1.0
6,2,25,Si1,5.551115123125783e-16,-1.1102230246251565e-16,3.2135791907035074,2.0
7,2,21,Si1,3.0600328597623667,-4.440892098500626e-16,-0.18658782222608722,3.0
8,2,29,Si1,-1.6365117427783324,2.6320000000000006,-0.7775497714527293,4.0
