,neighbor_num,isite,atom,x,y,z,front_index
0,0,9,Si1,0.0,0.0,0.0,
1,1,61,O1,1.505780049310625,-2.7755575615628914e-17,-0.5760259638775425,0.0
2,1,51,O1,0.0,-5.551115123125783e-17,1.6067895953517528,0.0
3,1,63,O1,-0.7834693898483489,-1.2859040679897409,-0.5760259638775425,0.0
4,1,53,O1,-0.735594457455324,1.3095527427723213,-0.5835963119032012,0.0
5,2,15,Si1,3.096223349114645,-0.13782473162922954,-0.77754977145273,1.0
6,2,7,Si1,0.0,-1.1102230246251565e-16,3.2135791907035056,2.0
7,2,15,Si1,-1.493290362110243,-2.7158200563881323,-0.77754977145273,3.0
8,2,4,Si1,-1.498622797506838,2.667945054460122,-0.18658782222608783,4.0
