,neighbor_num,isite,atom,x,y,z,front_index
0,0,27,Si1,0.0,0.0,0.0,
1,1,72,O1,-5.551115123125783e-17,0.0,1.6056864152219141,0.0
2,1,68,O1,-0.7573342192966412,1.312689515260896,-0.5292197981533768,0.0
3,1,73,O1,-0.7538961318222998,-1.3053148550628018,-0.5531931087820521,0.0
4,1,69,O1,1.5154896512987277,0.0,-0.5292197981533765,0.0
5,2,21,Si1,-0.0003014378775778592,-0.00052191717515504,3.210509623916838,1.0
6,2,30,Si1,-1.7483788218032263,2.5194114397817193,-0.9127554945679022,2.0
7,2,21,Si1,-1.507490825767021,-2.6101077929504477,-1.1055230110371133,3.0
8,2,31,Si1,3.0559839769978354,-0.25539075896657837,-0.9127554945679024,4.0
