,neighbor_num,isite,atom,x,y,z,front_index
0,0,1,Si1,0.0,0.0,0.0,
1,1,77,O1,-0.7579028818477188,-1.3159999999999998,-0.5299562308959623,0.0
2,1,75,O1,-0.7579028818477178,1.3160000000000003,-0.5299562308959624,0.0
3,1,47,O1,1.5054438673403423,0.0,-0.575414043205074,0.0
4,1,32,O1,0.0,-3.851859888774472e-34,1.6118227204501159,0.0
5,2,18,Si1,-1.6747091666664395,-2.6319999999999997,-0.6513507163367296,1.0
6,2,18,Si1,-1.6747091666664367,2.6320000000000006,-0.6513507163367295,2.0
7,2,13,Si1,3.0626297415504355,-2.220446049250313e-16,-0.17349689249492606,3.0
8,2,0,Si1,-1.0890449783235492,-3.8857805861880474e-16,2.8000792236292384,4.0
