,neighbor_num,isite,atom,x,y,z,front_index
0,0,25,Si1,0.0,0.0,0.0,
1,1,85,O1,-0.8078969966060703,1.3095527427723224,-0.4785251341161748,0.0
2,1,95,O1,0.0,-3.0814879110195774e-33,1.612197093398621,0.0
3,1,93,O1,-0.8179317033550981,-1.285904067989742,-0.5259447922900498,0.0
4,1,83,O1,1.5007294865047511,0.0,-0.5740939052679798,0.0
5,2,20,Si1,-0.7097183503556835,2.667945054460124,-1.3330360714469465,1.0
6,2,31,Si1,0.38003176433147934,-0.1378247316292294,3.1696622111493227,2.0
7,2,31,Si1,-1.2597671597966247,-2.7158200563881345,-1.1169093319314132,3.0
8,2,23,Si1,3.001458973009501,-1.1102230246251559e-16,-1.1481878105359593,4.0
