,neighbor_num,isite,atom,x,y,z,front_index
0,0,9,Si1,0.0,0.0,0.0,
1,1,58,O1,0.0,0.0,1.6085968948043663,0.0
2,1,53,O1,-0.7518972202841883,-1.3163085443258555,-0.5381137019607547,0.0
3,1,33,O1,-0.7554601092412312,1.3130785922749364,-0.5405424540957605,0.0
4,1,49,O1,1.5203696642012763,-1.1102230246251565e-16,-0.5325178559420052,0.0
5,2,13,Si1,-0.16416964438298376,0.11254435763239912,3.205685764103194,1.0
6,2,13,Si1,-1.6679640849513606,-2.5200727310193116,-1.087735429427048,2.0
7,2,1,Si1,-1.9597783749882296,2.359239444852596,-0.7602026697508781,3.0
8,2,22,Si1,2.899252495537174,-0.8311285128472858,-0.5058522238810603,4.0
