,neighbor_num,isite,atom,x,y,z,front_index
0,0,0,Si1,0.0,0.0,0.0,
1,1,32,O1,0.0,0.0,1.6103060656345793,0.0
2,1,24,O1,1.520754514395946,0.0,-0.5292651492508782,0.0
3,1,31,O1,-0.752818838254599,1.314,-0.5389620638494367,0.0
4,1,28,O1,-0.752818838254599,-1.314,-0.5389620638494367,0.0
5,2,8,Si1,-0.601363884261336,0.0,3.1020979376902917,1.0
6,2,4,Si1,2.6227885055588565,0.0,-1.7026458109090046,2.0
7,2,3,Si1,-1.505637676509199,2.628,-1.077924127698874,3.0
8,2,3,Si1,-1.505637676509199,-2.628,-1.077924127698874,4.0
