,neighbor_num,isite,atom,x,y,z,front_index
0,0,4,Si1,0.0,0.0,0.0,
1,1,36,O1,1.516986486884333,3.6136297133401036e-17,-0.5382918409974382,0.0
2,1,43,O1,-0.7593633882502495,-1.3132460721337686,-0.5382918409974379,0.0
3,1,44,O1,0.0,-1.2070010737806949e-17,1.6077356702184886,0.0
4,1,24,O1,-0.7573268756201246,1.3127326061237454,-0.5426695155568784,0.0
5,2,16,Si1,3.1174018470469864,-0.14461364804324237,-0.44491518566710764,1.0
6,2,16,Si1,-1.4352979032221787,-2.77110579231078,-0.44491518566710675,2.0
7,2,15,Si1,-0.13587749650219638,0.23552685879639831,3.193033416485605,3.0
8,2,0,Si1,-1.5543289262885895,2.694237228158027,-0.32120032628806683,4.0
