,neighbor_num,isite,atom,x,y,z,front_index
0,0,1,Si1,0.0,0.0,0.0,
1,1,30,O1,-0.7564606191666677,-1.3140000000000003,-0.5338385909147327,0.0
2,1,33,O1,1.520833615298386,0.0,-0.529292678579599,0.0
3,1,25,O1,1.1102230246251565e-16,-5.551115123125783e-17,1.6102223111319767,0.0
4,1,29,O1,-0.7564606191666674,1.3140000000000005,-0.5338385909147328,0.0
5,2,2,Si1,-1.5129212383333384,-2.6280000000000006,-1.067677181829467,1.0
6,2,9,Si1,2.7320752336306646,4.440892098500626e-16,-1.5875815110091807,2.0
7,2,5,Si1,-0.7459564714792164,-5.551115123125783e-16,3.036704010099753,3.0
8,2,2,Si1,-1.5129212383333388,2.6280000000000006,-1.0676771818294672,4.0
