,neighbor_num,isite,atom,x,y,z,front_index
0,0,20,Si1,0.0,0.0,0.0,
1,1,69,O1,-0.7591646488302867,-1.3120066728210813,-0.5382461742133824,0.0
2,1,68,O1,-2.220446049250313e-16,5.551115123125783e-17,1.6085401510736368,0.0
3,1,65,O1,1.5170167540382575,-5.551115123125783e-17,-0.5364602325735147,0.0
4,1,64,O1,-0.7559891244746441,1.3152263210979442,-0.5364602325735139,0.0
5,2,22,Si1,-1.5183292976605733,-2.6240133456421626,-1.0764923484267648,1.0
6,2,22,Si1,-4.440892098500626e-16,1.1102230246251565e-16,3.2170803021472736,2.0
7,2,17,Si1,3.0523351073388083,-0.3554740193998688,-0.8621447801334459,3.0
8,2,16,Si1,-1.8292882559103787,2.4691731131594756,-0.8621447801334445,4.0
