,neighbor_num,isite,atom,x,y,z,front_index
0,0,2,Si1,0.0,0.0,0.0,
1,1,30,O1,-0.7645659579491455,-1.3064185979424394,-0.5408527085956667,0.0
2,1,29,O1,8.326672684688674e-17,0.0,1.6074241224704364,0.0
3,1,34,O1,1.5170903019174367,-1.1102230246251565e-16,-0.5399283664038976,0.0
4,1,26,O1,-0.7521076583876123,1.319535245104929,-0.534767892068865,0.0
5,2,1,Si1,-1.5291319158982897,-2.6128371958848766,-1.0817054171913354,1.0
6,2,1,Si1,2.4424906541753444e-15,2.55351295663786e-15,3.2148482449408715,2.0
7,2,10,Si1,3.0227624528951265,-0.5217941705280594,-0.7584775100730622,3.0
8,2,6,Si1,-2.041252391437295,2.2757531480455118,-0.6574637525446597,4.0
