,neighbor_num,isite,atom,x,y,z,front_index
0,0,10,Si1,0.0,0.0,0.0,
1,1,30,O1,1.5188797963946037,0.0,-0.5327354023684254,0.0
2,1,42,O1,-0.7203696988271412,-1.3310917344496451,-0.5506729841573572,0.0
3,1,40,O1,-0.7625285501792438,1.3314798523888318,-0.48809612171517536,0.0
4,1,23,O1,0.0,6.162975822039155e-33,1.610481113416559,0.0
5,2,2,Si1,2.763196383256184,0.5494641864241153,-1.3907042009371333,1.0
6,2,9,Si1,-1.516792502872551,-2.715711978347726,-0.3480311608007194,2.0
7,2,8,Si1,-0.8205481369264209,2.9043880701672093,-0.8295224094965573,3.0
8,2,7,Si1,-0.1974902569789383,-0.816678100013169,2.9833971889102933,4.0
