,neighbor_num,isite,atom,x,y,z,front_index
0,0,4,Si1,0.0,0.0,0.0,
1,1,32,O1,-0.7399615071276507,-1.3069193811084436,-0.5751206995679288,0.0
2,1,20,O1,-0.7165637791883878,1.331096632405894,-0.5527948774588853,0.0
3,1,39,O1,5.551115123125783e-17,1.498347073619469e-16,1.6098917061889613,0.0
4,1,26,O1,1.5312730977917093,-2.85077333248786e-17,-0.4990498263053355,0.0
5,2,12,Si1,-0.8367929064596504,-2.848043490170336,-1.0293926505003603,1.0
6,2,8,Si1,-0.9201572083745296,2.383374846151486,-1.7548388421873196,2.0
7,2,3,Si1,-0.21671887172276028,0.9989279967759799,2.8536469447919357,3.0
8,2,2,Si1,2.3420152573098347,-0.45538254759909447,-1.8140296418455018,4.0
