,neighbor_num,isite,atom,x,y,z,front_index
0,0,2,Si1,0.0,0.0,0.0,
1,1,18,O1,-0.7627702662444718,1.322475669452804,-0.5100036231543175,0.0
2,1,38,O1,-0.7815460975663266,-1.3160879882268204,-0.49884808336799713,0.0
3,1,26,O1,0.0,3.0814879110195774e-33,1.6105427747054732,0.0
4,1,30,O1,1.5199906795426008,-6.162975822039155e-33,-0.5253317560576604,0.0
5,2,15,Si1,-1.0517788718954482,2.8966799098385088,-0.331105741437459,1.0
6,2,5,Si1,-2.20995637677052,-1.7650703368671503,-1.090295655456356,2.0
7,2,4,Si1,0.9016519884529435,0.6264764179748883,2.7888462239901686,3.0
8,2,10,Si1,3.080934392320787,-0.38972573326589516,-0.4766344953444567,4.0
