,neighbor_num,isite,atom,x,y,z,front_index
0,0,5,Si1,0.0,0.0,0.0,
1,1,33,O1,-0.8000227984628262,1.2710408422577169,-0.5751206995679281,0.0
2,1,38,O1,0.0,0.0,1.60989170618896,0.0
3,1,27,O1,-0.7258345132343609,-1.3483180483174038,-0.499049826305335,0.0
4,1,21,O1,1.5117148853031313,0.0,-0.5527948774588842,0.0
5,2,13,Si1,-2.1111160856371134,2.0868068820969135,-1.0293926505003603,1.0
6,2,2,Si1,0.9823033435103145,-0.28267358106500556,2.853646944791934,2.0
7,2,3,Si1,-1.5111060302897688,-1.8463388896277366,-1.8140296418455009,3.0
8,2,9,Si1,2.5347726581293037,-0.31951919659284733,-1.754838842187318,4.0
