,neighbor_num,isite,atom,x,y,z,front_index
0,0,24,Si1,0.0,0.0,0.0,
1,1,77,O1,1.5146145803562345,-3.559872867521623e-17,-0.5437860214694392,0.0
2,1,78,O1,-0.7634765219354025,1.3081134994644437,-0.5437860214694394,0.0
3,1,80,O1,0.0,1.2023525134429466e-17,1.6085290216954642,0.0
4,1,72,O1,-0.7562044525050392,-1.3169366690813473,-0.5348708675774749,0.0
5,2,23,Si1,3.110409787393055,0.13926575546810463,-0.39269697936649506,1.0
6,2,23,Si1,-1.4475956193529174,2.75653966396039,-0.3926969793664962,2.0
7,2,26,Si1,0.05400627234913957,0.0940523957262758,3.2134546497465983,3.0
8,2,20,Si1,-1.2076843769505354,-2.1031929069106106,-1.8681106971037782,4.0
9,3,75,O1,3.676741564126221,1.125537498745003,-1.5314659520592702,5.0
10,3,71,O1,3.4595143426409423,0.7472343922915091,1.056566516842512,5.0
11,3,78,O1,3.7945288848105694,-1.3091604090278406,-0.5437860214694391,5.0
12,3,75,O1,-0.8812638426197513,3.7428114072372876,-1.5314659520592708,6.0
13,3,71,O1,-1.09849106410503,3.3645083007837946,1.0565665168425113,6.0
14,3,77,O1,-3.043390826389738,2.6172739084922845,-0.54378602146944,6.0
15,3,82,O1,-0.6941705684213151,1.4298659317960154,3.7063146076986557,7.0
16,3,68,O1,-0.6813880585157612,-1.1866432644782314,3.857196345508834,7.0
17,3,83,O1,1.5848321349516714,0.12122897754987294,3.7063146076986566,7.0
18,3,74,O1,-0.7332152656828259,-1.2769007991281311,-3.1643917413403746,8.0
19,3,65,O1,-2.8101489372311086,-2.2551289074137983,-1.8859846533190363,8.0
20,3,66,O1,-0.5311462338581229,-3.56376586165994,-1.885984653319036,8.0
21,4,21,Si1,4.15121067539393,1.9518296065274816,-2.8277469962958666,9.0
22,4,19,Si1,4.100020279633726,1.8626810845132575,2.023536028901348,10.0
23,4,24,Si1,4.5580054067459725,-2.617273908492285,8.881784197001252e-16,11.0
24,4,21,Si1,-0.4067947313520419,4.569103515019767,-2.8277469962958675,12.0
25,4,19,Si1,-0.4579851271122459,4.479954993005542,2.0235360289013475,13.0
26,4,24,Si1,-4.5580054067459725,2.617273908492285,-8.881784197001252e-16,14.0
27,4,27,Si1,-1.4423474044339524,2.765679476151535,4.199174568601812,15.0
28,4,18,Si1,-0.9303560064420928,-1.6202231236869253,5.389093199001694,16.0
29,4,27,Si1,3.1156580023120197,0.1484055676592506,4.199174568601812,17.0
30,4,22,Si1,-0.16688348419184318,-0.29062904756545344,-4.303160711082052,18.0
31,4,17,Si1,-4.210337614379688,-2.0547996879954433,-2.654468216163693,19.0
32,4,17,Si1,0.3476677923662843,-4.672073596487728,-2.6544682161636923,20.0
