,neighbor_num,isite,atom,x,y,z,front_index
0,0,44,Si1,0.0,0.0,0.0,
1,1,120,O1,0.0,-3.0814879110195774e-33,1.608199581488399,0.0
2,1,88,O1,-0.812426413275655,-1.2792823404158982,-0.5250888266405954,0.0
3,1,114,O1,1.506493259137173,0.0,-0.5541564717776226,0.0
4,1,94,O1,-0.8198365978022237,1.2601282991282354,-0.5811089290823406,0.0
5,2,32,Si1,-0.4776737019214502,-0.6637506600033071,2.997596209526136,1.0
6,2,16,Si1,-1.6248528265513082,-2.5585646808317963,-1.0501776532811902,2.0
7,2,2,Si1,2.6247178012783046,0.633130827040269,-1.5260985790432597,3.0
8,2,18,Si1,-1.9938852739608863,2.1014324031713087,0.1341253509611573,4.0
9,3,132,O1,-0.570165679367758,-2.262945709663962,2.848640358010112,5.0
10,3,101,O1,0.5761223062491467,-0.24969704896549672,4.145825365476343,5.0
11,3,128,O1,-1.9053252250235748,-0.023365201939199987,3.3915557440452284,5.0
12,3,140,O1,-0.8050162287490861,-3.8186929799600318,-0.4690687241988498,6.0
13,3,70,O1,-3.131346085688481,-2.558564680831796,-0.4960211815035678,6.0
14,3,76,O1,-1.6248528265513082,-2.5585646808317977,-2.6583772347695893,6.0
15,3,58,O1,2.7069979591528797,-0.2617260871011735,-2.8600271648191695,7.0
16,3,50,O1,2.218466929033609,2.1529386000716384,-1.879849176964091,7.0
17,3,109,O1,4.045357970099769,0.6212643400156047,-0.7734232505202977,7.0
18,3,90,O1,-1.2325406784368267,3.320315049419329,0.8461631033959909,8.0
19,3,126,O1,-2.7392765356255784,1.22007370801107,1.253904173496582,8.0
20,3,68,O1,-3.052740498590679,2.6307244599582513,-0.9499811322475747,8.0
21,4,37,Si1,-0.38758666613229653,-3.8596623622941038,2.7756454705760936,9.0
22,4,29,Si1,0.7407234531731366,0.8761835966363574,5.2883200735542175,10.0
23,4,38,Si1,-3.0654693341107757,0.9333239176882763,2.806493272431335,11.0
24,4,46,Si1,0.36903244740957863,-4.659997084003106,-1.1843030042423481,12.0
25,4,30,Si1,-4.249570627829615,-3.1916955078720672,0.4759209257620699,13.0
26,4,12,Si1,-1.1471791246298575,-1.8948140208284912,-4.047773862807325,14.0
27,4,7,Si1,3.3358477478626622,-1.1516583941560086,-4.043020328458103,15.0
28,4,15,Si1,1.0547690290968497,2.942139666214723,-2.669358828016727,16.0
29,4,3,Si1,5.65049869877779,0.6603931943759396,-0.690527974141175,17.0
30,4,46,Si1,-0.47119608291276494,4.5391976956673465,1.558200855830825,18.0
31,4,38,Si1,-3.0654693341107757,0.9333239176882763,2.806493272431335,19.0
32,4,4,Si1,-3.4840490178090753,2.809810572912358,-2.4920101060570916,20.0
