,neighbor_num,isite,atom,x,y,z,front_index
0,0,15,Si1,0.0,0.0,0.0,
1,1,50,O1,1.5308346971960038,0.0,-0.5068547563993864,0.0
2,1,81,O1,-0.6792336734584458,1.375959496156213,-0.4988623085902344,0.0
3,1,79,O1,8.326672684688674e-17,-5.551115123125783e-17,1.612191084879457,0.0
4,1,86,O1,-0.7925044651729534,-1.28427886647352,-0.5574333002811731,0.0
5,2,2,Si1,2.6492348901688136,1.0611796846418116,-0.979161445910954,1.0
6,2,9,Si1,-1.4743854983147289,2.665888670183064,0.055486699324830635,2.0
7,2,43,Si1,-0.747371935079012,-0.32690218960889195,2.9981478096672927,3.0
8,2,10,Si1,-1.3323618162324795,-2.7001584601958526,-1.097809497980157,4.0
9,3,58,O1,2.852079474182901,2.2090632994399453,0.12904506676204405,5.0
10,3,109,O1,4.040065116761481,0.29500768708774383,-1.2310566699838512,5.0
11,3,114,O1,2.172117241816969,1.7554099491354318,-2.3526079574882086,5.0
12,3,85,O1,-0.6029518396020412,4.008745972076324,-0.10421634906971589,6.0
13,3,73,O1,-1.8227224557815975,2.407365390618452,1.6082220831396912,6.0
14,3,52,O1,-2.859303125535061,2.774183120903692,-0.7634345984696409,6.0
15,3,139,O1,-2.1507518107135386,-1.0366171945785738,2.683270379965466,7.0
16,3,143,O1,-1.1496050666933901,1.0268666061086815,3.7748469279827765,7.0
17,3,117,O1,0.17992441235689582,-1.2559242595129412,3.9220800651395122,7.0
18,3,82,O1,-2.8941408562736695,-2.908802414651546,-0.7502459045020704,8.0
19,3,55,O1,-0.5171875966609285,-3.9221652132205542,-0.43256736046044086,8.0
20,3,74,O1,-1.1617429859221113,-2.7890316785976497,-2.698481500596317,8.0
21,4,7,Si1,3.5569371550717244,3.0954545600943337,1.2711442637866646,9.0
22,4,3,Si1,5.428353145416533,-0.3864283150951433,-0.7915333175068701,10.0
23,4,44,Si1,0.9834707073862059,2.1735548161477043,-3.347035240609398,11.0
24,4,12,Si1,0.015834704997218285,5.4832040012183985,-0.28097650004645147,12.0
25,4,21,Si1,-1.3983485857784699,2.494549923841764,3.1569672427849644,13.0
26,4,4,Si1,-3.8303299903488126,1.8223786699238325,-1.6301352610979767,14.0
27,4,23,Si1,-3.5541316863480628,-1.7463321995482552,2.3683929502636416,15.0
28,4,21,Si1,-1.3983485857784699,2.494549923841764,3.1569672427849644,16.0
29,4,29,Si1,0.8652510430146403,-1.54315568570278,5.3516876154104445,17.0
30,4,12,Si1,-4.34000174491702,-3.0314160469778786,-1.4558936275292835,18.0
31,4,7,Si1,-0.7988992948425144,-5.419165488101942,0.09622713630383228,19.0
32,4,46,Si1,-1.1723123931833865,-2.067327307242315,-4.1356095331307205,20.0
