,neighbor_num,isite,atom,x,y,z,front_index
0,0,46,Si1,0.0,0.0,0.0,
1,1,74,O1,-1.1102230246251565e-16,0.0,1.6081995814883991,0.0
2,1,90,O1,-0.8124264132756549,1.2792823404158984,-0.5250888266405951,0.0
3,1,140,O1,-0.819836597802224,-1.260128299128236,-0.5811089290823398,0.0
4,1,112,O1,1.5064932591371734,2.465190328815662e-32,-0.5541564717776225,0.0
5,2,10,Si1,-0.4776737019214502,0.6637506600033075,2.997596209526136,1.0
6,2,18,Si1,-1.6248528265513076,2.5585646808317963,-1.0501776532811902,2.0
7,2,16,Si1,-1.9938852739608874,-2.1014324031713096,0.13412535096115796,3.0
8,2,24,Si1,2.6247178012783046,-0.6331308270402698,-1.5260985790432595,4.0
9,3,86,O1,-0.5701656793677581,2.2629457096639634,2.848640358010112,5.0
10,3,82,O1,-1.9053252250235744,0.023365201939200577,3.3915557440452284,5.0
11,3,55,O1,0.5761223062491467,0.24969704896549635,4.145825365476342,5.0
12,3,126,O1,-1.6248528265513078,2.558564680831797,-2.6583772347695898,6.0
13,3,68,O1,-3.1313460856884805,2.5585646808317972,-0.4960211815035679,6.0
14,3,94,O1,-0.8050162287490853,3.8186929799600335,-0.46906872419885093,6.0
15,3,88,O1,-1.2325406784368274,-3.320315049419328,0.8461631033959918,7.0
16,3,70,O1,-3.05274049859068,-2.6307244599582513,-0.9499811322475732,7.0
17,3,76,O1,-2.7392765356255793,-1.2200737080110695,1.253904173496582,7.0
18,3,104,O1,2.7069979591528797,0.2617260871011724,-2.860027164819169,8.0
19,3,108,O1,4.0453579700997695,-0.6212643400156045,-0.7734232505202971,8.0
20,3,96,O1,2.2184669290336085,-2.152938600071639,-1.8798491769640906,8.0
21,4,15,Si1,-0.38758666613229675,3.859662362294104,2.7756454705760936,9.0
22,4,12,Si1,-3.0654693341107766,-0.9333239176882749,2.8064932724313363,10.0
23,4,7,Si1,0.7407234531731364,-0.876183596636356,5.2883200735542175,11.0
24,4,38,Si1,-1.1471791246298573,1.8948140208284896,-4.047773862807326,12.0
25,4,4,Si1,-4.249570627829615,3.1916955078720672,0.47592092576207,13.0
26,4,44,Si1,0.369032447409579,4.6599970840031055,-1.1843030042423484,14.0
27,4,44,Si1,-0.4711960829127653,-4.5391976956673465,1.5582008558308251,15.0
28,4,30,Si1,-3.484049017809078,-2.80981057291236,-2.4920101060570903,16.0
29,4,12,Si1,-3.0654693341107766,-0.9333239176882749,2.8064932724313363,17.0
30,4,29,Si1,3.335847747862663,1.1516583941560072,-4.043020328458103,18.0
31,4,25,Si1,5.650498698777789,-0.6603931943759417,-0.6905279741411752,19.0
32,4,37,Si1,1.0547690290968488,-2.9421396662147243,-2.669358828016726,20.0
