,neighbor_num,isite,atom,x,y,z,front_index
0,0,2,Si1,0.0,0.0,0.0,
1,1,58,O1,-0.7793698291939335,1.2856297468432767,-0.5715270916506411,0.0
2,1,50,O1,0.0,0.0,1.612449975563735,0.0
3,1,109,O1,1.5164004361854386,0.0,-0.5342369980515642,0.0
4,1,114,O1,-0.7463315276105519,-1.3266082995254265,-0.5282536333960834,0.0
5,2,7,Si1,-1.0303519435838222,2.6926492307662753,-1.309232007747974,1.0
6,2,15,Si1,-1.0618844936877392,0.08966141084808832,2.8227056376839856,2.0
7,2,3,Si1,2.9251267610393916,0.6720072372975437,-0.9199517471003028,3.0
8,2,44,Si1,-1.7917427833976705,-2.517058880477394,-0.27027290616343413,4.0
9,3,111,O1,0.37837438127013195,3.36465646806382,-1.6949467567967123,5.0
10,3,119,O1,-1.820834357723596,3.666195876693819,-0.29765071501347806,5.0
11,3,55,O1,-1.9109981349238963,2.4903330023000723,-2.644718942567225,5.0
12,3,81,O1,-2.501747187912207,-0.34993888286787106,2.2421597525897963,6.0
13,3,79,O1,-1.1633221056557548,1.6277994158876692,3.2949364948882622,6.0
14,3,86,O1,-0.6133714620931157,-0.8431526771242904,4.054314892367467,6.0
15,3,59,O1,2.6741446466495025,2.0790267212205413,-1.6576566631976333,7.0
16,3,51,O1,3.8057729523794657,0.8743234657637459,0.41553518771895015,7.0
17,3,115,O1,3.7156091751791656,-0.3015394086300006,-1.931533039834797,7.0
18,3,120,O1,-1.1178022908618963,-3.93396730483041,-0.6230910227866511,8.0
19,3,88,O1,-3.1155917242086377,-2.330164257910821,-1.156169424567306,8.0
20,3,94,O1,-2.321976102909753,-2.4886272448394444,1.2514981783933454,8.0
21,4,6,Si1,1.8947748174555679,3.364656468063819,-2.2291837548482762,9.0
22,4,41,Si1,-3.206697292930257,4.298094987684191,0.2090037761229554,10.0
23,4,10,Si1,-3.318376491464215,1.8333927547722417,-3.078391961031376,11.0
24,4,9,Si1,-4.022456087595403,0.17226643704858421,2.1071317279816957,12.0
25,4,43,Si1,-1.512415924008992,2.7076223847207075,4.434419603963434,13.0
26,4,10,Si1,0.10106218414145096,-1.7148751980696189,5.202292170041829,14.0
27,4,6,Si1,1.8947748174555679,3.364656468063819,-2.2291837548482762,15.0
28,4,14,Si1,5.213151308919785,1.531263713291579,0.849208206183101,16.0
29,4,45,Si1,5.101472110385826,-0.9334385196203736,-2.43818753097123,17.0
30,4,32,Si1,-1.1558777768585915,-5.327335977394042,-1.4331737925387154,18.0
31,4,16,Si1,-4.439440665019602,-2.143269635344248,-2.042065942971177,19.0
32,4,18,Si1,-2.745159296098337,-3.733742238307732,2.183349884869301,20.0
