,neighbor_num,isite,atom,x,y,z,front_index
0,0,29,Si1,0.0,0.0,0.0,
1,1,110,O1,-1.3877787807814457e-17,-3.469446951953614e-18,1.6077560302951859,0.0
2,1,101,O1,1.520827663027406,0.0,-0.5357967367072041,0.0
3,1,117,O1,-0.7462338391851575,-1.326608299525425,-0.5283916232839482,0.0
4,1,104,O1,-0.7980266314135923,1.2856297468432778,-0.5451734060857122,0.0
5,2,28,Si1,0.10430420163607691,0.6720072372975426,3.0646041210346815,1.0
6,2,32,Si1,2.3094636288443127,0.08966141084808998,-1.9394956926976359,2.0
7,2,43,Si1,-0.8502889822327541,-2.517058880477391,-1.6001244615208066,3.0
8,2,24,Si1,-1.5772120079861929,2.692649230766275,-0.5367642495760216,4.0
9,3,105,O1,-0.674881174936524,2.0790267212205418,3.0730132775443715,5.0
10,3,116,O1,-0.5871299094167852,-0.3015394086300002,4.146305571966118,5.0
11,3,100,O1,1.6565339560651355,0.8743234657637446,3.4514449886531477,5.0
12,3,132,O1,3.6201258356041786,-0.8431526771242877,-1.925716160646219,6.0
13,3,120,O1,2.721155042258543,1.6277994158876703,-2.1920857790800063,6.0
14,3,128,O1,1.2834572412653813,-0.3499388828678696,-3.104634738291064,6.0
15,3,139,O1,-2.1257455268173775,-2.330164257910819,-2.5543777100259795,7.0
16,3,143,O1,0.4088225007088251,-2.4886272448394426,-2.6058942564731993,7.0
17,3,79,O1,-0.9591174344648644,-3.933967304830407,-0.8472414833086019,7.0
18,3,112,O1,-0.8857778969333301,3.6661958766938194,-1.6184657005074579,8.0
19,3,108,O1,-1.4729078063501162,3.364656468063818,0.9200838411634759,8.0
20,3,96,O1,-3.129441762415251,2.4903330023000727,-0.923605117194487,8.0
21,4,25,Si1,-1.4729078063501162,3.3646564680638176,2.52783987145866,9.0
22,4,42,Si1,-0.6044906511045257,-0.9334385196203729,5.621776159004838,10.0
23,4,33,Si1,2.5332189232631457,1.5312637132915783,4.6347495114582244,11.0
24,4,37,Si1,4.9402702425127805,-1.7148751980696169,-1.6333362539552878,12.0
25,4,44,Si1,3.6798912068426266,2.70762238472071,-2.899979285618005,13.0
26,4,38,Si1,0.650789414976291,0.17226643704858624,-4.494066113560775,14.0
27,4,23,Si1,-3.4012020714019986,-2.1432696353442457,-3.5086309585311497,15.0
28,4,21,Si1,1.1471062906862173,-3.7337422383077272,-3.3146739566029746,16.0
29,4,15,Si1,-1.735821844341838,-5.32733597739404,-0.6139731910768378,17.0
30,4,46,Si1,-0.8684171552455888,4.298094987684194,-3.0939362875461804,18.0
31,4,25,Si1,-1.4729078063501162,3.3646564680638176,2.52783987145866,19.0
32,4,37,Si1,-4.0061267296132606,1.833392754772241,-2.1069096399995657,20.0
