,neighbor_num,isite,atom,x,y,z,front_index
0,0,0,Si1,0.0,0.0,0.0,
1,1,64,O1,2.7755575615628914e-17,-1.1102230246251565e-16,1.6111959007741459,0.0
2,1,48,O1,1.5233215199646906,-1.1102230246251565e-16,-0.5286647997625282,0.0
3,1,56,O1,-0.7820121052398046,-1.3096224618977064,-0.5101474959931941,0.0
4,1,60,O1,-0.7484802660704752,1.3216088403645054,-0.5272635179148919,0.0
5,2,22,Si1,0.7519477459059372,-0.3274215953393324,2.9910440885727847,1.0
6,2,13,Si1,2.8117658149814586,-0.9694410875038294,-0.5074070782948695,2.0
7,2,5,Si1,-1.840645885711307,-2.2182516923072804,-1.3105173065224585,3.0
8,2,1,Si1,-1.5313631302042343,2.219877562551955,-1.6066555582486985,4.0
9,3,92,O1,2.266717565602236,-0.8034835139299694,2.714312435479012,5.0
10,3,122,O1,0.7151692005147817,0.9546829601022373,3.96117868821056,5.0
11,3,138,O1,0.07443369372649178,-1.5728513002929825,3.740842607155724,5.0
12,3,77,O1,2.8346810855867632,-1.812025600874279,-1.88170192379425,6.0
13,3,83,O1,2.6203938716205784,-2.008799887981402,0.7118535928982888,6.0
14,3,84,O1,4.1697453973561664,-0.12116667246577872,-0.35091621882632007,6.0
15,3,62,O1,-2.623528749845066,-1.3199829701198296,-2.389909346856264,7.0
16,3,53,O1,-2.9029312802898355,-2.886573744787503,-0.2981486491998141,7.0
17,3,69,O1,-1.0360926472923175,-3.384539195655119,-2.077602553907382,7.0
18,3,49,O1,-0.46907773562570765,2.8881996150321796,-2.619024215571344,8.0
19,3,65,O1,-2.335916368623225,3.386165065899796,-0.8395703108637754,8.0
20,3,57,O1,-2.5899969106757372,1.3112483321423833,-2.407025368777963,8.0
21,4,40,Si1,3.5708801386638838,-0.56180336571258,3.6300054264982786,9.0
22,4,34,Si1,0.3541371250728822,1.6046926946682707,5.3916692612785235,10.0
23,4,42,Si1,-0.6030803584529538,-2.8182810052466327,4.490641125738665,11.0
24,4,17,Si1,3.65874140694548,-2.6457329997859573,-2.98268441850593,12.0
25,4,11,Si1,2.58807635740693,-3.590210571930693,1.0305734512698341,13.0
26,4,8,Si1,5.3885101497123085,0.9289147937133588,-0.3404849555621975,14.0
27,4,4,Si1,-3.372009015915541,0.0016258702446749762,-2.917172864771157,15.0
28,4,8,Si1,-2.8986664394199115,-3.791055275022337,1.0368613083736373,16.0
29,4,19,Si1,-0.5152190901713578,-4.90221063932001,-2.1220487192655435,17.0
30,4,12,Si1,-0.4733425764956316,3.7926811452670144,-3.9540341731447946,18.0
31,4,23,Si1,-2.856789925744185,4.903836509564687,-0.7951241455056144,19.0
32,4,4,Si1,-3.372009015915542,0.0016258702446758644,-2.9171728647711577,20.0
