,neighbor_num,isite,atom,x,y,z,front_index
0,0,40,Si1,0.0,0.0,0.0,
1,1,124,O1,-0.7807759693618415,1.291684928109968,-0.5551980061744495,0.0
2,1,92,O1,-0.6498824503299747,-1.360824935751672,-0.5688156641729673,0.0
3,1,118,O1,-1.1102230246251565e-16,0.0,1.6051826484979075,0.0
4,1,136,O1,1.4948323698692176,0.0,-0.5812008648839908,0.0
5,2,36,Si1,-0.8019771494019878,2.6098614022879163,-1.483164270137475,1.0
6,2,22,Si1,-1.507446521624999,-1.5684369653062604,-1.9176018123918368,2.0
7,2,6,Si1,-0.26966170444618254,-0.7777929442339261,2.9901999522622,3.0
8,2,20,Si1,2.989664739738434,1.9984014443252818e-15,-1.1624017297679816,4.0
9,3,97,O1,-1.9019823732590138,3.6292560238238627,-0.8905600790497845,5.0
10,3,133,O1,0.6554546527311742,3.2901614195591886,-1.5185457212598932,5.0
11,3,130,O1,-1.2863261274809314,2.173214615497459,-2.9590477927007366,5.0
12,3,64,O1,-1.2449873953200228,-3.0258179814870165,-2.5370912116021316,6.0
13,3,122,O1,-1.1637083466658882,-0.4333417928990212,-3.0037458684695837,6.0
14,3,138,O1,-3.0322291821836727,-1.4021292217180668,-1.4488824594385643,6.0
15,3,54,O1,-1.3260218069903607,-1.9681459179574246,2.731051239365592,7.0
16,3,59,O1,1.1290837266144422,-1.3619665877665141,3.527932940282849,7.0
17,3,111,O1,-0.8786368499296768,0.2526106934583705,4.063650961188254,7.0
18,3,66,O1,2.9896647397384335,1.1379786002407855e-15,-2.767584378265889,8.0
19,3,142,O1,3.6395471900684075,1.3608249357516722,-0.5935860655950159,8.0
20,3,72,O1,3.7704407091002756,-1.291684928109966,-0.6072037235935329,8.0
21,4,25,Si1,-3.449588075455659,4.013104269215132,-1.1305018193409695,9.0
22,4,33,Si1,2.0247623050540366,4.111459539440178,-1.321991988092752,10.0
23,4,34,Si1,-1.6138301622124547,0.8656404346530363,-3.845883397521549,11.0
24,4,0,Si1,-0.5725730976550926,-4.484426536557496,-2.4095281838770237,12.0
25,4,34,Si1,-1.6138301622124556,0.8656404346530379,-3.845883397521549,13.0
26,4,42,Si1,-4.557011842742349,-1.2358214781298726,-0.980163106485294,14.0
27,4,11,Si1,-1.4102958851503709,-3.3543375438948186,1.9114615431424258,15.0
28,4,3,Si1,2.3527253275325206,-1.6659751702693977,4.5265241516320955,16.0
29,4,7,Si1,-1.2390273523594946,0.7731861844730017,5.541486979447316,17.0
30,4,26,Si1,3.2593264441846186,0.7777929442339251,-4.152601682030181,18.0
31,4,42,Si1,4.497111261363433,1.5684369653062615,0.755200082623855,19.0
32,4,8,Si1,3.7916418891404224,-2.6098614022879154,0.32076254036949314,20.0
