,neighbor_num,isite,atom,x,y,z,front_index
0,0,2,Si1,0.0,0.0,0.0,
1,1,58,O1,-0.798026631413591,-1.2856297468432765,-0.5451734060857132,0.0
2,1,50,O1,1.520827663027406,0.0,-0.5357967367072032,0.0
3,1,109,O1,2.498001805406602e-16,-5.551115123125783e-17,1.607756030295186,0.0
4,1,114,O1,-0.7462338391851562,1.3266082995254262,-0.5283916232839483,0.0
5,2,7,Si1,-1.5772120079861929,-2.692649230766275,-0.5367642495760239,1.0
6,2,15,Si1,2.3094636288443136,-0.08966141084808826,-1.9394956926976339,2.0
7,2,3,Si1,0.10430420163607523,-0.6720072372975437,3.064604121034683,3.0
8,2,44,Si1,-0.8502889822327518,2.5170588804773937,-1.6001244615208061,4.0
9,3,111,O1,-1.4729078063501173,-3.364656468063819,0.9200838411634741,5.0
10,3,119,O1,-0.8857778969333293,-3.666195876693818,-1.61846570050746,5.0
11,3,55,O1,-3.129441762415249,-2.490333002300072,-0.9236051171944905,5.0
12,3,81,O1,1.283457241265382,0.3499388828678711,-3.104634738291064,6.0
13,3,79,O1,2.7211550422585433,-1.6277994158876687,-2.1920857790800046,6.0
14,3,86,O1,3.6201258356041803,0.8431526771242903,-1.925716160646216,6.0
15,3,59,O1,-0.6748811749365247,-2.079026721220541,3.073013277544371,7.0
16,3,51,O1,1.6565339560651333,-0.8743234657637458,3.451444988653149,7.0
17,3,115,O1,-0.5871299094167868,0.3015394086300004,4.146305571966119,7.0
18,3,120,O1,-0.9591174344648618,3.933967304830409,-0.8472414833086015,8.0
19,3,88,O1,-2.1257455268173735,2.3301642579108206,-2.5543777100259804,8.0
20,3,94,O1,0.40882250070882664,2.488627244839444,-2.605894256473199,8.0
21,4,6,Si1,-1.4729078063501178,-3.364656468063818,2.5278398714586574,9.0
22,4,41,Si1,-0.8684171552455883,-4.29809498768419,-3.0939362875461827,10.0
23,4,10,Si1,-4.00612672961326,-1.8333927547722413,-2.1069096399995706,11.0
24,4,9,Si1,0.6507894149762934,-0.17226643704858402,-4.494066113560775,12.0
25,4,43,Si1,3.679891206842627,-2.707622384720707,-2.899979285618003,13.0
26,4,10,Si1,4.9402702425127805,1.7148751980696184,-1.6333362539552831,14.0
27,4,6,Si1,-1.4729078063501178,-3.364656468063818,2.5278398714586574,15.0
28,4,14,Si1,2.5332189232631435,-1.5312637132915787,4.63474951145823,16.0
29,4,45,Si1,-0.604490651104528,0.9334385196203732,5.62177615900484,17.0
30,4,32,Si1,-1.7358218443418347,5.327335977394041,-0.6139731910768373,18.0
31,4,16,Si1,-3.401202071401994,2.1432696353442475,-3.5086309585311524,19.0
32,4,18,Si1,1.1471062906862206,3.733742238307731,-3.314673956602973,20.0
