,neighbor_num,isite,atom,x,y,z,front_index
0,0,21,Si1,0.0,0.0,0.0,
1,1,33,O1,-0.7538254973858867,-1.3150456137214783,-0.5382624730692196,0.0
2,1,55,O1,-0.7598564983251159,1.3142756498034887,-0.5366117238443441,0.0
3,1,71,O1,1.51698659641973,0.0,-0.5369390503875975,0.0
4,1,58,O1,-1.1102230246251565e-16,-1.232595164407831e-32,1.6101722031759491,0.0
5,2,14,Si1,-2.0138500442436778,-2.302251754493335,-0.6966496996057168,1.0
6,2,7,Si1,-2.1710774461943703,2.0855115079145214,-0.616017084741652,2.0
7,2,17,Si1,2.999238403662361,0.6075963431358751,-0.6896090909394885,3.0
8,2,5,Si1,-0.9152130795155988,-0.08667753069994834,2.932112651394335,4.0
