,neighbor_num,isite,atom,x,y,z,front_index
0,0,7,Si1,0.0,0.0,0.0,
1,1,27,O1,0.0,5.551115123125783e-17,1.6085161909635135,0.0
2,1,46,O1,-0.7576181499548496,-1.3146657,-0.5388166292747375,0.0
3,1,67,O1,1.5189872083553642,1.6653345369377348e-16,-0.5312529890749127,0.0
4,1,55,O1,-0.7576181499548496,1.3146656999999997,-0.5388166292747373,0.0
5,2,4,Si1,-0.6950423634721381,1.1102230246251565e-16,3.059116221837232,1.0
6,2,23,Si1,-2.1188331582102107,-2.1728337000000004,-0.4814066218121993,2.0
7,2,20,Si1,2.654441157773838,2.220446049250313e-16,-1.671558301830335,3.0
8,2,21,Si1,-2.1188331582102107,2.1728337,-0.48140662181219895,4.0
