,neighbor_num,isite,atom,x,y,z,front_index
0,0,12,Si1,0.0,0.0,0.0,
1,1,63,O1,1.51698659641973,0.0,-0.5369390503875967,0.0
2,1,32,O1,-0.7538254973858867,1.3150456137214777,-0.5382624730692209,0.0
3,1,47,O1,-0.7598564983251153,-1.31427564980349,-0.5366117238443434,0.0
4,1,41,O1,0.0,-6.162975822039155e-33,1.6101722031759491,0.0
5,2,3,Si1,2.9992384036623614,-0.6075963431358756,-0.6896090909394864,1.0
6,2,15,Si1,-2.0138500442436778,2.3022517544933345,-0.6966496996057189,2.0
7,2,6,Si1,-2.1710774461943707,-2.0855115079145223,-0.616017084741652,3.0
8,2,2,Si1,-0.9152130795155994,0.08667753069994914,2.932112651394335,4.0
