,neighbor_num,isite,atom,x,y,z,front_index
0,0,17,Si1,0.0,0.0,0.0,
1,1,59,O1,1.518124626542001,9.356165368220572e-33,-0.536611723844344,0.0
2,1,28,O1,-0.7611583433273714,1.3108149461538452,-0.53826247306922,0.0
3,1,71,O1,-0.7592868879198978,-1.3132904307692312,-0.5369390503875973,0.0
4,1,56,O1,1.1102230246251565e-16,-3.118068997161151e-33,1.610172203175949,0.0
5,2,13,Si1,2.892150105025273,0.8357052692307697,-0.6160170847416522,1.0
6,2,6,Si1,-0.9851341264937259,2.8957668923076905,-0.6966496996057168,2.0
7,2,21,Si1,-0.9751779837259691,-2.9006261769230774,-0.6896090909394883,3.0
8,2,15,Si1,0.38304657448486845,0.8357052692307696,2.9321126513943354,4.0
