,neighbor_num,isite,atom,x,y,z,front_index
0,0,18,Si1,0.0,0.0,0.0,
1,1,48,O1,0.0,-5.551115123125783e-17,1.610172203175949,0.0
2,1,57,O1,1.5181246265420014,-5.551115123125783e-17,-0.5366117238443437,0.0
3,1,34,O1,-0.7611583433273723,1.3108149461538448,-0.5382624730692205,0.0
4,1,68,O1,-0.7592868879198966,-1.3132904307692324,-0.5369390503875966,0.0
5,2,8,Si1,0.38304657448486656,0.8357052692307717,2.932112651394334,1.0
6,2,22,Si1,2.8921501050252734,0.8357052692307717,-0.6160170847416526,2.0
7,2,16,Si1,-0.985134126493728,2.895766892307691,-0.6966496996057184,3.0
8,2,13,Si1,-0.9751779837259668,-2.9006261769230797,-0.6896090909394866,4.0
