,neighbor_num,isite,atom,x,y,z,front_index
0,0,18,Si1,0.0,0.0,0.0,
1,1,48,O1,-0.7623342458530826,1.3128400052226095,-0.5366117238443437,0.0
2,1,57,O1,0.0,7.823174802872847e-34,1.6101722031759491,0.0
3,1,34,O1,1.5157829154193472,-4.366277402477671e-33,-0.5382624730692206,0.0
4,1,68,O1,-0.7544241091129198,-1.3160898895236202,-0.5369390503875966,0.0
5,2,8,Si1,-0.7296092427601644,2.9207200961229933,-0.6160170847416531,1.0
6,2,22,Si1,0.5303502587721747,0.750903840891066,2.9321126513943336,2.0
7,2,16,Si1,2.998884296986578,0.6022027192359878,-0.6966496996057188,3.0
8,2,13,Si1,-2.0187054862847127,-2.2998766223080844,-0.6896090909394854,4.0
