,neighbor_num,isite,atom,x,y,z,front_index
0,0,10,Si1,0.0,0.0,0.0,
1,1,31,O1,-0.7538254973858867,-1.315045613721477,-0.5382624730692205,0.0
2,1,40,O1,-0.7598564983251166,1.3142756498034898,-0.5366117238443433,0.0
3,1,62,O1,1.5169865964197295,0.0,-0.5369390503875973,0.0
4,1,37,O1,0.0,0.0,1.6101722031759502,0.0
5,2,23,Si1,-2.013850044243678,-2.3022517544933345,-0.6966496996057189,1.0
6,2,4,Si1,-2.171077446194371,2.0855115079145214,-0.6160170847416522,2.0
7,2,2,Si1,2.999238403662361,0.6075963431358757,-0.6896090909394872,3.0
8,2,1,Si1,-0.9152130795155987,-0.08667753069995,2.9321126513943367,4.0
