,neighbor_num,isite,atom,x,y,z,front_index
0,0,16,Si1,0.0,0.0,0.0,
1,1,54,O1,-1.1102230246251565e-16,0.0,1.6101722031759487,0.0
2,1,34,O1,-0.7538254973858862,-1.3150456137214783,-0.5382624730692194,0.0
3,1,70,O1,1.5169865964197304,2.465190328815662e-32,-0.5369390503875976,0.0
4,1,51,O1,-0.759856498325117,1.3142756498034889,-0.536611723844344,0.0
5,2,20,Si1,-0.9152130795155988,-0.08667753069994802,2.932112651394335,1.0
6,2,18,Si1,-2.0138500442436773,-2.302251754493336,-0.6966496996057163,2.0
7,2,15,Si1,2.999238403662362,0.6075963431358758,-0.6896090909394885,3.0
8,2,11,Si1,-2.1710774461943734,2.0855115079145214,-0.6160170847416517,4.0
