,neighbor_num,isite,atom,x,y,z,front_index
0,0,2,Si1,0.0,0.0,0.0,
1,1,41,O1,-0.7607774211847995,-1.3128400052226115,-0.5388166292747383,0.0
2,1,38,O1,1.517343456142181,0.0,-0.5388166292747378,0.0
3,1,26,O1,-1.6653345369377348e-16,0.0,1.6085161909635133,0.0
4,1,62,O1,-0.7584388847105142,1.3160898895236195,-0.5312529890749134,0.0
5,2,12,Si1,-0.8246540852321226,-2.920720096122996,-0.48140662181219857,1.0
6,2,9,Si1,2.9405447899873574,-0.7509038408910639,-0.4814066218121981,2.0
7,2,19,Si1,0.3470385741754335,-0.6022027192359867,3.059116221837232,3.0
8,2,10,Si1,-1.325377448972357,2.299876622308082,-1.6715583018303362,4.0
