,neighbor_num,isite,atom,x,y,z,front_index
0,0,19,Si1,0.0,0.0,0.0,
1,1,59,O1,-0.7575015330502366,1.3148501983023722,-0.5397058460657681,0.0
2,1,77,O1,-0.7586870610363355,-1.3156668828118572,-0.5334067742836064,0.0
3,1,89,O1,1.5186010181682674,2.465190328815662e-32,-0.5343841150902435,0.0
4,1,40,O1,-1.1102230246251565e-16,1.232595164407831e-32,1.6104952627618254,0.0
5,2,1,Si1,-1.9942041727009254,1.8710599971574944,-1.4055021084163584,1.0
6,2,7,Si1,-2.0286464599081837,-2.28623447871592,-0.3386649153238578,2.0
7,2,28,Si1,2.672161491287093,-0.8428806304090917,-1.2747848967995736,3.0
8,2,6,Si1,0.3931513843472758,-0.921662455510099,2.870457693932092,4.0
