,neighbor_num,isite,atom,x,y,z,front_index
0,0,17,Si1,0.0,0.0,0.0,
1,1,87,O1,1.5183229519116312,9.357387642678502e-33,-0.535173659605021,0.0
2,1,75,O1,-0.7609042845175751,-1.3123007775751496,-0.5385160435964077,0.0
3,1,69,O1,0.0,-3.112006498083545e-33,1.6105657483121918,0.0
4,1,38,O1,-0.7570502706797271,1.3150334492087268,-0.5396822294536049,0.0
5,2,29,Si1,2.586352081207971,-0.6951409179018312,-1.5177395516427417,1.0
6,2,5,Si1,-2.191392805530853,-2.0041535224463725,-0.7988333410018195,2.0
7,2,11,Si1,-0.46486532135145175,-0.7838089324305461,2.936442716577206,3.0
8,2,4,Si1,-1.2864946589186435,1.9953310248856384,-1.899247916700872,4.0
