,neighbor_num,isite,atom,x,y,z,front_index
0,0,12,Si1,0.0,0.0,0.0,
1,1,64,O1,1.5189691640573002,9.71445146547012e-17,-0.5354014378619132,0.0
2,1,82,O1,5.551115123125783e-17,0.0,1.6098805645424,0.0
3,1,36,O1,-0.7606559835207181,-1.3150334475404695,-0.5345881600561089,0.0
4,1,70,O1,-0.7608373096308614,1.3123007807309275,-0.5386106598699113,0.0
5,2,6,Si1,2.6149049672286164,0.7838089279507061,-1.4145909535515986,1.0
6,2,24,Si1,-0.5716394746130373,0.695140912905962,2.943803450446569,2.0
7,2,2,Si1,-2.2189035927384473,-1.9953310163849545,-0.5819605072035843,3.0
8,2,0,Si1,-1.4818880084924322,2.0041535296374913,-1.8012065535581558,4.0
