,neighbor_num,isite,atom,x,y,z,front_index
0,0,13,Si1,0.0,0.0,0.0,
1,1,71,O1,-0.7609042855208566,-1.3123007761466887,-0.5385160454102135,0.0
2,1,83,O1,1.5183229516832024,-6.162975822039155e-33,-0.5351736626876262,0.0
3,1,65,O1,1.1102230246251565e-16,3.0814879110195774e-33,1.6105657443354524,0.0
4,1,34,O1,-0.757050269793353,1.3150334496688174,-0.539682227460031,0.0
5,2,1,Si1,-2.1913928070788655,-2.0041535193361706,-0.7988333442303341,1.0
6,2,25,Si1,2.5863520786614607,-0.6951409235248035,-1.517739557478202,2.0
7,2,7,Si1,-0.46486532271453485,-0.7838089333712969,2.936442705017156,3.0
8,2,0,Si1,-1.2864946582564452,1.995331026432142,-1.8992479182033866,4.0
