,neighbor_num,isite,atom,x,y,z,front_index
0,0,33,Si1,0.0,0.0,0.0,
1,1,55,O1,-0.7583062999706882,-1.3134250416967044,-0.5415924000000002,0.0
2,1,57,O1,-0.7583063024682473,1.313425041696704,-0.5415924000000003,0.0
3,1,100,O1,0.0,1.6653345369377348e-16,1.6076578999999995,0.0
4,1,56,O1,1.5166126024389315,-5.551115123125783e-17,-0.5415924000000018,0.0
5,2,9,Si1,-0.9134324331096111,-2.2746833578721937,-1.8239835999999992,1.0
6,2,11,Si1,-1.5132173542825198,1.928397366451186,-1.8239835999999992,2.0
7,2,30,Si1,1.1102230246251565e-15,3.3306690738754696e-16,3.2153158,3.0
8,2,10,Si1,2.426649788670152,0.34628598150300915,-1.8239836000000025,4.0
