,neighbor_num,isite,atom,x,y,z,front_index
0,0,28,Si1,0.0,0.0,0.0,
1,1,89,O1,1.5159474513976476,9.342747490445579e-33,-0.5396722750130095,0.0
2,1,99,O1,-0.7590109263677663,1.3236242071998312,-0.5191585092314424,0.0
3,1,86,O1,-0.7656861353177653,-1.3083659341259108,-0.5396722750130103,0.0
4,1,98,O1,0.0,-1.546401167459166e-32,1.6115585383109452,0.0
5,2,19,Si1,2.7551021832782174,0.8987914917055576,-1.0380544975472559,1.0
6,2,29,Si1,-1.453276967198931,2.534341083541153,0.2866207583903386,2.0
7,2,16,Si1,-2.167286016227341,-1.923872529491526,-1.0380544975472572,3.0
8,2,27,Si1,-0.6031610827029195,1.0518407340023075,2.6733645285688117,4.0
