,neighbor_num,isite,atom,x,y,z,front_index
0,0,13,Si1,0.0,0.0,0.0,
1,1,24,O1,1.494794734471623,-2.220446049250313e-16,-0.5982368317479896,0.0
2,1,21,O1,2.7755575615628914e-16,0.0,1.6100616750167798,0.0
3,1,27,O1,-0.7539951796927111,1.3332703629793174,-0.49616530063981135,0.0
4,1,30,O1,-0.7407995547789119,-1.3332703629793166,-0.5156595426289802,0.0
5,2,10,Si1,2.083190322540393,0.8827508806959221,-1.8134672519942896,1.0
6,2,7,Si1,-0.9096049779782543,-0.8827508800341884,2.6078658264312766,2.0
7,2,1,Si1,-0.10519338481487539,2.677192825683971,-1.1086782509207918,3.0
8,2,4,Si1,-1.0683919649458966,-2.677192822794599,0.3142796687143846,4.0
