,neighbor_num,isite,atom,x,y,z,front_index
0,0,22,Si1,0.0,0.0,0.0,
1,1,50,O1,1.5187809503450014,6.256887991409426e-34,-0.5374878177277919,0.0
2,1,47,O1,-0.759536834325119,1.3149088438345122,-0.5335844892023671,0.0
3,1,40,O1,-0.7587188633487548,-1.3156563940656008,-0.5345428221065569,0.0
4,1,69,O1,0.0,-2.2593599596758818e-33,1.6111601448057185,0.0
5,2,2,Si1,2.4648937753038553,0.3665632032723597,-1.7861101435652729,1.0
6,2,21,Si1,-1.5376566204175686,2.051946232949722,-1.7343756296368167,2.0
7,2,18,Si1,-1.591307271474935,-2.6111654057857723,-0.06500536597022294,3.0
8,2,19,Si1,-0.9168668501521291,0.3817953821865839,2.878034623810275,4.0
