,neighbor_num,isite,atom,x,y,z,front_index
0,0,21,Si1,0.0,0.0,0.0,
1,1,47,O1,-0.7564102430313646,1.314908843834513,-0.5380075780611329,0.0
2,1,39,O1,-0.7570407805430328,-1.3156563940656012,-0.536916752263947,0.0
3,1,49,O1,0.0,1.9277801472225106e-16,1.611083092002598,0.0
4,1,66,O1,1.5188535886404007,-8.447037220805828e-18,-0.5375135240015438,0.0
5,2,22,Si1,-2.1480011710981097,2.051946232949722,-0.8709406845206078,1.0
6,2,17,Si1,-0.5921713094259657,-2.6111654057857727,-1.4784511050916318,2.0
7,2,1,Si1,-0.8614451308783186,0.3665632032723599,2.919555283765747,3.0
8,2,16,Si1,2.4072621815057267,0.3817953821865832,-1.8245045646012854,4.0
