,neighbor_num,isite,atom,x,y,z,front_index
0,0,17,Si1,0.0,0.0,0.0,
1,1,35,O1,1.5172363905623147,0.0,-0.5372804403655862,0.0
2,1,57,O1,-0.7590336037613041,-1.3140978643459214,-0.536189808887287,0.0
3,1,39,O1,-0.7593707854622527,1.3148316108236133,-0.535337580293661,0.0
4,1,67,O1,1.1102230246251565e-16,6.162975822039155e-33,1.609777473403376,0.0
5,2,1,Si1,2.93789201405671,-0.7566875642640802,-0.518494319063427,1.0
6,2,15,Si1,-0.7358632435175161,-2.4396153997335714,-1.6890315256263633,2.0
7,2,21,Si1,-1.9839003686422958,2.3159974487993606,-0.2344449843398928,3.0
8,2,20,Si1,0.12585247692858204,0.9860369790052428,2.8777400979850856,4.0
