,neighbor_num,isite,atom,x,y,z,front_index
0,0,9,Si1,0.0,0.0,0.0,
1,1,63,O1,-0.7570407805430346,-1.3156563940656012,-0.5369167522639476,0.0
2,1,42,O1,1.5188535886404009,3.7330203779088816e-17,-0.5375135240015445,0.0
3,1,71,O1,-0.7564102430313642,1.314908843834514,-0.5380075780611318,0.0
4,1,25,O1,1.1102230246251565e-16,9.856883541937716e-17,1.6110830920025971,0.0
5,2,5,Si1,-0.5921713094259704,-2.6111654057857727,-1.4784511050916351,1.0
6,2,4,Si1,2.4072621815057267,0.3817953821865835,-1.8245045646012863,2.0
7,2,10,Si1,-2.1480011710981097,2.051946232949724,-0.8709406845206049,3.0
8,2,13,Si1,-0.8614451308783193,0.3665632032723604,2.9195552837657486,4.0
