,neighbor_num,isite,atom,x,y,z,front_index
0,0,5,Si1,0.0,0.0,0.0,
1,1,59,O1,-0.7591395369856693,-1.313788135577524,-0.5369771267446246,0.0
2,1,63,O1,-1.1102230246251565e-16,-6.162975822039155e-33,1.6099728194939336,0.0
3,1,33,O1,1.5173094964304366,6.162975822039155e-33,-0.5368953454016782,0.0
4,1,43,O1,-0.7582709127285179,1.3152535700807402,-0.5352726250955537,0.0
5,2,13,Si1,-1.2790974969339355,-2.117304390666741,-1.831271041018185,1.0
6,2,9,Si1,0.09744487437884586,0.9515415595907288,2.905123484992548,2.0
7,2,3,Si1,2.694413633272616,-0.9548967263848261,-1.083675653095166,3.0
8,2,8,Si1,-2.0085288679746895,2.278332420036651,-0.2109715900027822,4.0
