,neighbor_num,isite,atom,x,y,z,front_index
0,0,6,Si1,0.0,0.0,0.0,
1,1,60,O1,-0.7591395369856719,1.313788135577525,-0.5369771267446236,0.0
2,1,44,O1,-0.7582709127285189,-1.3152535700807388,-0.5352726250955523,0.0
3,1,64,O1,0.0,6.162975822039155e-33,1.6099728194939344,0.0
4,1,30,O1,1.5173094964304359,-6.162975822039155e-33,-0.536895345401679,0.0
5,2,14,Si1,-1.2790974969339377,2.1173043906667406,-1.8312710410181845,1.0
6,2,11,Si1,-2.0085288679746904,-2.278332420036649,-0.21097159000277843,2.0
7,2,10,Si1,0.0974448743788463,-0.9515415595907278,2.9051234849925502,3.0
8,2,0,Si1,2.6944136332726165,0.9548967263848253,-1.0836756530951694,4.0
