,neighbor_num,isite,atom,x,y,z,front_index
0,0,23,Si1,0.0,0.0,0.0,
1,1,68,O1,0.0,-7.703719777548943e-33,1.611160137059934,0.0
2,1,51,O1,-0.758733583920548,1.3156819257779755,-0.5374878120933411,0.0
3,1,46,O1,-0.7596327129126402,-1.314853454555197,-0.5335844937078238,0.0
4,1,41,O1,1.5187514805401983,0.0,-0.5345428232326447,0.0
5,2,18,Si1,0.12729707788709688,-0.9849913731010005,2.8780346228536016,1.0
6,2,3,Si1,-1.5489253200440836,1.9521527320976746,-1.786110134891369,2.0
7,2,20,Si1,-1.0093864101189944,-2.357119061773215,-1.734375637974971,3.0
8,2,19,Si1,3.056952602282175,-0.0740563169529776,-0.0650053655875018,4.0
