,neighbor_num,isite,atom,x,y,z,front_index
0,0,0,Si1,0.0,0.0,0.0,
1,1,34,O1,1.5180221811925287,0.0,-0.5355371567307106,0.0
2,1,48,O1,-0.7579189237224833,-1.3140354780822756,-0.5361207322321676,0.0
3,1,28,O1,-0.7578368592296214,1.314385732346673,-0.5381031034962545,0.0
4,1,30,O1,-1.1102230246251565e-16,-6.162975822039155e-33,1.611325731164502,0.0
5,2,16,Si1,2.7879842652373124,-0.9015860632405089,-0.9417580796681986,1.0
6,2,20,Si1,-2.014709465107906,-1.8434184526675872,-1.3939202021783734,2.0
7,2,3,Si1,-0.8634077163246339,2.326053948410619,-1.7858465560272752,3.0
8,2,6,Si1,0.517256632776415,-0.8107113809466467,2.901936963303893,4.0
