,neighbor_num,isite,atom,x,y,z,front_index
0,0,18,Si1,0.0,0.0,0.0,
1,1,40,O1,0.0,0.0,1.6099728194939342,0.0
2,1,68,O1,-0.7594397080451939,1.3145790430949769,-0.5352726250955534,0.0
3,1,54,O1,-0.7591223920377694,-1.3137584640506947,-0.53689534540168,0.0
4,1,36,O1,1.5173437652025628,6.162975822039155e-33,-0.536977126744623,0.0
5,2,22,Si1,-0.8726422440863655,0.3916916606298605,2.905123484992549,1.0
6,2,23,Si1,-0.9678047000068435,2.878947879403588,-0.21097159000277976,2.0
7,2,12,Si1,-0.5212424147527761,-2.810693674217895,-1.0836756530951699,3.0
8,2,2,Si1,2.473205449883764,0.048198465375756956,-1.8312710410181836,4.0
