,neighbor_num,isite,atom,x,y,z,front_index
0,0,23,Si1,0.0,0.0,0.0,
1,1,68,O1,-0.7597528316535507,-1.3165576249871347,-0.5341241823149665,0.0
2,1,51,O1,1.5184131488649786,1.1102230246251565e-16,-0.5385259870151002,0.0
3,1,46,O1,2.220446049250313e-16,5.551115123125783e-17,1.609532192100608,0.0
4,1,41,O1,-0.7610542233003911,1.3122473899046314,-0.5395788602212765,0.0
5,2,18,Si1,-2.0101701821664584,-2.2770170167764885,-0.20953564256523716,1.0
6,2,3,Si1,3.001413400302441,0.5639268516886372,-0.2715942873133155,2.0
7,2,20,Si1,0.1317141351989346,0.8387299288266732,2.9769302213837396,3.0
8,2,19,Si1,-2.051275565171909,1.8153273963968415,-1.360707260161163,4.0
