,neighbor_num,isite,atom,x,y,z,front_index
0,0,16,Si1,0.0,0.0,0.0,
1,1,66,O1,-0.7595616296432626,1.3140967821917344,-0.5362828154313285,0.0
2,1,38,O1,-0.7595815465186788,-1.3140097814044047,-0.5370536488123138,0.0
3,1,34,O1,1.5175008404076307,0.0,-0.5365330949114069,0.0
4,1,56,O1,0.0,0.0,1.6094982825329496,0.0
5,2,21,Si1,-1.5376358113809783,1.8924710665740179,-1.823108664988621,1.0
6,2,20,Si1,-2.210703072609878,-1.9230018795301023,-0.8772257088757145,2.0
7,2,0,Si1,2.9106002062756984,0.8043953834783854,-0.5949592250963263,3.0
8,2,14,Si1,0.8881682667257382,-0.37157201309571575,2.9015748982869107,4.0
