,neighbor_num,isite,atom,x,y,z,front_index
0,0,4,Si1,0.0,0.0,0.0,
1,1,40,O1,-0.7594320566859839,1.3144655336398363,-0.5353164157681279,0.0
2,1,28,O1,1.5179500372398376,0.0,-0.5361704819823394,0.0
3,1,48,O1,0.0,0.0,1.610164642222801,0.0
4,1,34,O1,-0.758461646952701,-1.31487867179692,-0.5369494929546008,0.0
5,2,10,Si1,-1.6543819022950594,1.9432728084160977,-1.7161434998498994,1.0
6,2,22,Si1,0.8451771791482383,0.3023368393333681,2.9475057782741287,3.0
7,2,6,Si1,-2.104000869240339,-2.195501743760108,-0.4562528025606626,4.0
8,3,60,O1,-2.549220540463966,0.785877771196674,-2.387800951884269,5.0
9,3,66,O1,-2.6160318601038766,3.08298506249751,-1.109341709931571,5.0
10,3,54,O1,-0.6928895594936267,2.5912040256403177,-2.8330438555598065,5.0
11,3,74,O1,1.8347939259561838,1.5471105737959987,2.6921234973850776,6.0
12,3,57,O1,1.7104502902419825,-0.995370394237523,3.342701792969991,6.0
13,3,70,O1,-0.16507390768853036,0.6621336720961027,4.148902253231432,6.0
14,3,42,O1,-3.327983145797723,-1.3657892502461764,-1.0923069807723118,7.0
15,3,30,O1,-1.8985522127004573,-3.565082484976587,-1.277039342484701,7.0
16,3,50,O1,-2.430950137909325,-2.5366697061778334,1.083012857486698,7.0
17,4,8,Si1,-3.7595588480414017,-0.2534561582304038,-2.172651334720545,8.0
18,4,18,Si1,-3.626282946940645,3.442781895260243,0.09205476502573307,9.0
19,4,17,Si1,-0.6250895490170617,3.2200539878154752,-4.312527682618166,10.0
20,4,20,Si1,2.9362412068225394,2.484339131343135,3.4009532254249706,11.0
21,4,13,Si1,2.0023052383726663,-2.541741862010663,3.003136239632878,12.0
22,4,14,Si1,-1.126723865497347,1.8018459261775135,4.755704043149759,13.0
23,4,8,Si1,-3.7595588480414017,-0.2534561582304038,-2.172651334720545,14.0
24,4,20,Si1,-2.9441413231951787,-3.6517753006303373,2.1257916755069663,16.0
