,neighbor_num,isite,atom,x,y,z,front_index
0,0,9,Si1,0.0,0.0,0.0,
1,1,42,O1,1.1102230246251565e-16,1.232595164407831e-32,1.6092280301925912,0.0
2,1,23,O1,-0.7552909650711908,1.319398052144226,-0.5304241710236213,0.0
3,1,33,O1,-0.7597127184565489,-1.3086974757187546,-0.54338088731814,0.0
4,1,35,O1,1.5158478705408898,-2.465190328815662e-32,-0.5396937972819671,0.0
5,2,8,Si1,0.6050076010931106,-0.4074432107144039,3.043651491857531,1.0
6,2,7,Si1,-1.036321284406182,2.2400393296095533,-1.8208309496247403,2.0
7,2,3,Si1,-1.5194254335394755,-2.6173949439692925,-1.086761780367287,3.0
8,2,13,Si1,2.8538485965456664,0.8091061133767183,-0.9244212169090955,4.0
