,neighbor_num,isite,atom,x,y,z,front_index
0,0,1,Si1,0.0,0.0,0.0,
1,1,26,O1,1.5160090717355055,0.0,-0.5397511904323867,0.0
2,1,17,O1,-0.7667193061556792,1.3086974757187537,-0.5334488812017892,0.0
3,1,39,O1,-0.7530300429296958,-1.319398052144225,-0.5336290823873518,0.0
4,1,19,O1,2.7755575615628914e-17,-5.551115123125783e-17,1.6090569167832387,0.0
5,2,0,Si1,3.0702652160344632,0.40744321071440326,-0.4509103064644485,1.0
6,2,11,Si1,-1.533438616578835,2.617394943969292,-1.0668977573031448,2.0
7,2,15,Si1,-2.0629468430643936,-2.2400393296095524,-0.36556459663822305,3.0
8,2,5,Si1,0.08633781151806555,-0.8091061133767198,2.9985916995449102,4.0
