,neighbor_num,isite,atom,x,y,z,front_index
0,0,15,Si1,0.0,0.0,0.0,
1,1,39,O1,-0.7597195457014119,-1.311426638971513,-0.5428576844246833,0.0
2,1,47,O1,-0.7546451400932233,1.3147652981059006,-0.5416644622901985,0.0
3,1,44,O1,0.0,-2.1838008322114498e-16,1.608149350311523,0.0
4,1,37,O1,1.5196099102708005,-1.1093016963346033e-17,-0.5326345402925041,0.0
5,2,1,Si1,-1.3882965560643303,-2.017817003963654,-1.8461339626618525,1.0
6,2,14,Si1,-1.6281127109997997,2.6218280799255784,-0.19505408559278498,2.0
7,2,12,Si1,-0.42264224621610713,-0.027397257928845276,3.1595252734451638,3.0
8,2,11,Si1,2.563320102830306,0.10658516237156211,-1.7526233921094414,4.0
