,neighbor_num,isite,atom,x,y,z,front_index
0,0,14,Si1,0.0,0.0,0.0,
1,1,45,O1,0.0,5.551115123125783e-17,1.6081493510051956,0.0
2,1,36,O1,-0.7564682551315633,-1.317941600646154,-0.5326345362162521,0.0
3,1,38,O1,-0.7591948239468111,1.3117304528230347,-0.5428576967374603,0.0
4,1,47,O1,1.5159475968928482,-1.6653345369377348e-16,-0.5416644538442658,0.0
5,2,13,Si1,0.18663173204239403,0.3801916401440538,3.159525272082308,1.0
6,2,10,Si1,-1.1835914247205133,-2.2761989616389964,-1.7526233843420462,2.0
7,2,0,Si1,-1.0589314142418562,2.20853275504382,-1.8461339820426168,3.0
8,2,15,Si1,3.0843651776832557,0.10688778862477477,-0.19505406855781665,4.0
