,neighbor_num,isite,atom,x,y,z,front_index
0,0,9,Si1,0.0,0.0,0.0,
1,1,42,O1,0.0,0.0,1.6092280301925914,0.0
2,1,23,O1,1.5202880193963735,0.0,-0.5304241710236212,0.0
3,1,33,O1,-0.7583357451354753,1.309495855353159,-0.5433808873181404,0.0
4,1,35,O1,-0.7530850644317519,-1.3155446219544116,-0.5396937972819669,0.0
5,2,8,Si1,-0.654176406570561,-0.32264128133909065,3.0436514918575317,1.0
6,2,7,Si1,2.458894356557856,-0.21348664126549477,-1.8208309496247403,2.0
7,2,3,Si1,-1.5166714854656218,2.6189917040682165,-1.0867617803672873,3.0
8,2,13,Si1,-0.7156229719660501,-2.8787129548990698,-0.9244212169090953,4.0
