,neighbor_num,isite,atom,x,y,z,front_index
0,0,17,Si1,0.0,0.0,0.0,
1,1,59,O1,-0.7797619768642058,-1.2790112372317786,-0.5875246184234972,0.0
2,1,71,O1,1.5172123014666297,-5.551115123125783e-17,-0.5405176306439194,0.0
3,1,74,O1,-5.551115123125783e-17,0.0,1.6075067972778703,0.0
4,1,83,O1,-0.7469450226819051,1.3414193340186173,-0.47579519464696673,0.0
5,2,5,Si1,-1.2390624350747745,-1.8856107382836307,-2.0076485040043606,1.0
6,2,20,Si1,2.737724769047842,-1.0412229450180128,-0.6829836884298994,2.0
7,2,14,Si1,0.6645664390530575,-0.2527506833518002,3.049223351342589,3.0
8,2,18,Si1,-1.1860409913554661,2.432094173434548,-1.571850348046702,4.0
9,3,41,O1,-2.60609443586676,-2.7075879247010937,-1.799039707792991,5.0
10,3,53,O1,-0.06935877443890748,-2.844528376075811,-2.5637090208342475,5.0
11,3,35,O1,-1.48752948500921,-0.6828815469616862,-3.0491488637613644,5.0
12,3,62,O1,2.2011555817468578,-2.4127262820727533,-1.3311779220853304,6.0
13,3,81,O1,3.8773297471551302,-0.4173041979960761,-1.629418923430898,6.0
14,3,77,O1,3.40229120278838,-1.293973632679877,0.7587328729286829,6.0
15,3,56,O1,1.2011356263540431,1.118752653702939,3.69741758499802,7.0
16,3,68,O1,1.8850789066342717,-1.2939736283698138,2.9067572935566095,7.0
17,3,80,O1,-0.475038546497871,-0.8766694238878001,3.995658584754621,7.0
18,3,60,O1,-2.2715869909917292,1.7801232742534931,-2.5646280141653137,8.0
19,3,75,O1,-1.7981103241025589,3.6872027906586924,-0.7755140000413306,8.0
20,3,70,O1,0.10108135903861015,2.9039163392006087,-2.417304293859142,8.0
21,4,25,Si1,-4.002389629764319,-3.393144419835664,-2.2156594089721326,9.0
22,4,8,Si1,1.5335761514787731,-2.9401122486487328,-2.699342190661811,10.0
23,4,6,Si1,-2.415579011084602,0.5269526704414493,-3.5668762130002634,11.0
24,4,8,Si1,1.5335761514787731,-2.9401122486487328,-2.699342190661811,12.0
25,4,15,Si1,4.400169615308489,0.3075231720311793,-2.9654494316875315,13.0
26,4,23,Si1,3.4022912081009005,-1.2939736283698133,2.3662396629126885,14.0
27,4,2,Si1,1.8687150619346489,1.6461386245889826,5.065581846280637,15.0
28,4,23,Si1,3.4022912081009005,-1.2939736283698133,2.3662396629126885,16.0
29,4,21,Si1,-0.9978784072075881,-1.6014968004009933,5.331689094600222,17.0
30,4,6,Si1,-2.415579011084602,0.5269526704414493,-3.5668762130002634,18.0
31,4,22,Si1,-2.022322702016231,5.256980831640723,-0.5116886792034228,19.0
32,4,16,Si1,0.4117610290996089,3.728395386524093,-3.7655642534430918,20.0
