,neighbor_num,isite,atom,x,y,z,front_index
0,0,18,Si1,0.0,0.0,0.0,
1,1,64,O1,-0.7578136906200295,1.3140000000000003,-0.5361155512298144,0.0
2,1,50,O1,5.551115123125783e-17,0.0,1.6102813218813958,0.0
3,1,69,O1,1.518475725153286,0.0,-0.5284213975830316,0.0
4,1,65,O1,-0.7578136906200297,-1.3140000000000005,-0.5361155512298151,0.0
5,2,10,Si1,-1.6619285447956993,2.628000000000001,-0.7505499974252886,1.0
6,2,14,Si1,-0.4339566853144394,-3.3306690738754696e-16,3.1595774516264465,2.0
7,2,17,Si1,2.8587636511491192,2.220446049250313e-16,-1.4164675544539411,3.0
8,2,10,Si1,-1.6619285447956993,-2.6280000000000006,-0.7505499974252899,4.0
