,neighbor_num,isite,atom,x,y,z,front_index
0,0,3,Si1,0.0,0.0,0.0,
1,1,27,O1,0.0,0.0,1.6089241443809867,0.0
2,1,35,O1,1.5179196605575793,0.0,-0.5348143344118358,0.0
3,1,31,O1,-0.7554538961888698,1.314,-0.5357993805693846,0.0
4,1,30,O1,-0.7554538961888698,-1.314,-0.5357993805693846,0.0
5,2,7,Si1,-0.4343227412602795,0.0,3.1595271535436305,1.0
6,2,11,Si1,2.491451130696159,0.0,-1.8166295282358804,2.0
7,2,1,Si1,-1.5109077923777388,2.628,-1.0715987611387687,3.0
8,2,1,Si1,-1.5109077923777388,-2.628,-1.0715987611387687,4.0
