,neighbor_num,isite,atom,x,y,z,front_index
0,0,1,Si1,0.0,0.0,0.0,
1,1,33,O1,-0.756566787626944,1.31593570958732,-0.5348143344118357,0.0
2,1,30,O1,-0.7626149295231139,-1.3098568847532153,-0.5357993805693844,0.0
3,1,25,O1,0.0,1.5579376784742697e-33,1.6089241443809874,0.0
4,1,31,O1,1.5156868374657548,-4.67057066654222e-33,-0.5357993805693849,0.0
5,2,9,Si1,-1.2417977231995994,2.1599229503163917,-1.8166295282358813,1.0
6,2,3,Si1,-1.525229859046227,-2.619713769506432,-1.071598761138769,2.0
7,2,5,Si1,0.21647664872323769,-0.3765290216349866,3.1595271535436327,3.0
8,2,3,Si1,3.0313736749315106,-1.046803993918015e-15,-1.07159876113877,4.0
