,neighbor_num,isite,atom,x,y,z,front_index
0,0,4,Si1,0.0,0.0,0.0,
1,1,36,O1,2.7755575615628914e-17,0.0,1.6088186578858414,0.0
2,1,37,O1,1.5163403248522138,0.0,-0.5375960315968509,0.0
3,1,24,O1,-0.7595738654519548,-1.3145762582594134,-0.5366029628534912,0.0
4,1,44,O1,-0.7632075734383401,1.3083606560759047,-0.5391700054550407,0.0
5,2,20,Si1,-0.05418942524180581,-0.34710335400309067,3.179355053225987,1.0
6,2,20,Si1,2.978491224462622,-0.34710335400309067,-1.1134743257393978,2.0
7,2,0,Si1,-1.2010340582647925,-2.829992522937842,-0.8484736817127964,3.0
8,2,7,Si1,-1.2379699649553084,2.807396055252986,-0.8745671505211496,4.0
