,neighbor_num,isite,atom,x,y,z,front_index
0,0,11,Si1,0.0,0.0,0.0,
1,1,71,O1,1.1102230246251565e-16,1.1102230246251565e-16,1.6083184067785363,0.0
2,1,67,O1,-0.7623902453595406,-1.3100915306993142,-0.5407615890822842,0.0
3,1,66,O1,1.5157766012936906,-1.1102230246251565e-16,-0.5407615890822847,0.0
4,1,35,O1,-0.7563843867558987,1.315304917904181,-0.5372795798067664,0.0
5,2,21,Si1,2.220446049250313e-16,-1.1102230246251565e-16,3.216636813557072,1.0
6,2,19,Si1,-1.451793192664195,-2.74710338624546,-0.7598916354681611,2.0
7,2,19,Si1,3.1045405006422673,-0.12692032484683247,-0.7598916354681619,3.0
8,2,3,Si1,-1.5352709832033573,2.6697397644389116,-0.1513412627578577,4.0
