,neighbor_num,isite,atom,x,y,z,front_index
0,0,4,Si1,0.0,0.0,0.0,
1,1,36,O1,1.515658963141109,0.0,-0.5395140233688268,0.0
2,1,37,O1,-0.7626847038560332,1.3097840032058785,-0.5395140233688268,0.0
3,1,24,O1,-0.7579731983936967,-1.3184795600549115,-0.5292392803206578,0.0
4,1,44,O1,-1.3877787807814457e-16,0.0,1.6077928042205565,0.0
5,2,20,Si1,2.903864600452133,-0.22170256853950465,-1.322926354709821,1.0
6,2,20,Si1,-1.6528227335421515,2.3978654378722526,-1.3229263547098207,2.0
7,2,0,Si1,-1.4161562823047709,-2.4633761668870644,-1.4482842683868677,3.0
8,2,7,Si1,0.1984663349247373,0.34522830953893824,3.1654918218416848,4.0
