,neighbor_num,isite,atom,x,y,z,front_index
0,0,14,Si1,0.0,0.0,0.0,
1,1,50,O1,0.0,0.0,1.6089241443809863,0.0
2,1,58,O1,1.517919660557578,0.0,-0.5348143344118358,0.0
3,1,52,O1,-0.7554538961888704,1.3139999999999998,-0.5357993805693855,0.0
4,1,53,O1,-0.7554538961888704,-1.3139999999999998,-0.5357993805693855,0.0
5,2,18,Si1,-0.4343227412602815,0.0,3.159527153543631,1.0
6,2,22,Si1,2.49145113069616,0.0,-1.8166295282358793,2.0
7,2,12,Si1,-1.5109077923777408,2.6279999999999997,-1.071598761138771,3.0
8,2,12,Si1,-1.5109077923777408,-2.6279999999999997,-1.071598761138771,4.0
