,neighbor_num,isite,atom,x,y,z,front_index
0,0,19,Si1,0.0,0.0,0.0,
1,1,75,O1,-0.7585039283669577,-1.312756902036501,-0.5397287248383027,0.0
2,1,91,O1,1.5187149175817316,-3.552254820403351e-17,-0.5356913897213533,0.0
3,1,83,O1,-0.7561145042890016,1.316968954420926,-0.5332837539005791,0.0
4,1,67,O1,1.1102230246251565e-16,1.228337823790958e-16,1.609774843587762,0.0
5,2,25,Si1,-2.116517211649862,-2.1762270652854356,-0.5533371492219118,1.0
6,2,30,Si1,3.0598710005626124,-0.25720937682910006,-0.14563814942062603,2.0
7,2,21,Si1,-1.6451994416311777,2.0253616930891685,-1.6726764143440307,3.0
8,2,6,Si1,0.07241324505086211,-0.8299642778093659,2.987196589658871,4.0
9,3,69,O1,-2.5125107544746745,-2.583392129113033,0.9529100987049759,5.0
10,3,92,O1,-1.895022520563206,-3.5100436536861874,-1.4281706626599209,5.0
11,3,85,O1,-3.304128128120384,-1.3029276286904448,-1.1994302832219264,5.0
12,3,86,O1,3.7747122686948287,-1.1011252093292874,-1.3149610140348806,6.0
13,3,71,O1,3.1322842456134747,-1.0871736546384645,1.2317835966504822,6.0
14,3,76,O1,3.8096760854346425,1.1552493042669296,0.035245234295716577,6.0
15,3,93,O1,-0.675380178626213,2.701092673875699,-2.7664307307317006,7.0
16,3,64,O1,-2.5674631430880765,3.1607362407521746,-1.0005682768080773,7.0
17,3,77,O1,-2.577743455595646,0.9268609556922986,-2.389351920808239,7.0
18,3,50,O1,-0.6424280230813539,0.013951554690822253,4.156519454273123,8.0
19,3,62,O1,1.6135693280317418,-1.087173654638466,3.377249829959595,8.0
20,3,46,O1,-0.677391839821168,-2.2424229589053954,2.806313205942528,8.0
21,4,12,Si1,-2.0441039665989993,-3.0061913430948013,2.433859440436957,9.0
22,4,20,Si1,-1.6510866640774036,-5.101069618916037,-1.3772595460758494,10.0
23,4,31,Si1,-3.761716653281038,-0.15086537219626733,-2.2260135635659424,11.0
24,4,26,Si1,4.602720219796023,-1.109484180132763,-2.6951207487030624,12.0
25,4,11,Si1,3.1322842456134747,-1.087173654638466,2.841558440238243,13.0
26,4,20,Si1,5.1763882122124745,1.919017688456338,0.4076989998012859,14.0
27,4,24,Si1,-0.4045679682972543,4.007770173988869,-3.6679377597345937,15.0
28,4,0,Si1,-3.9007582817094244,4.061302523493679,-1.0523320746385125,16.0
29,4,31,Si1,-3.761716653281038,-0.15086537219626733,-2.2260135635659424,17.0
30,4,2,Si1,-1.4704359741825475,0.022310525494296202,5.536679188941307,18.0
31,4,11,Si1,3.1322842456134747,-1.087173654638466,2.841558440238243,19.0
32,4,12,Si1,-2.0441039665989993,-3.0061913430948013,2.433859440436957,20.0
