,neighbor_num,isite,atom,x,y,z,front_index
0,0,0,Si1,0.0,0.0,0.0,
1,1,128,O1,-0.7579082989115997,1.313859553777851,-0.5385437444535046,0.0
2,1,104,O1,-0.7558000583634479,-1.3172389512901204,-0.5353283317128341,0.0
3,1,56,O1,1.5196297369330276,-1.1102230246251565e-16,-0.5325911486881578,0.0
4,1,80,O1,0.0,-5.551115123125783e-17,1.6100389707449474,0.0
5,2,9,Si1,-0.592695680732562,2.715368896937115,-1.312596479456886,1.0
6,2,48,Si1,-0.7433266648234229,-2.926873537194374,-0.49096631433117494,2.0
7,2,26,Si1,2.495340823434784,-0.2879842815903587,-1.7807685218792997,3.0
8,2,24,Si1,0.8797206104260309,-0.5850641696072121,2.8253478794115603,4.0
9,3,89,O1,-0.857860485255487,3.930191775583562,-0.28979715144787277,5.0
10,3,113,O1,-1.6529119152291845,2.7927785778335954,-2.5220913663956974,5.0
11,3,65,O1,0.9016387302429658,2.831256606232608,-1.9012072019316189,5.0
12,3,164,O1,-2.151626972841557,-3.490628215857485,-1.0212956433386182,6.0
13,3,105,O1,-0.5019127402478922,-3.417891087252648,1.0235197959887636,6.0
14,3,106,O1,0.4451189177398809,-3.478098769145302,-1.427339589294113,6.0
15,3,142,O1,2.232349528753837,0.8119491766700334,-2.9270803298083554,7.0
16,3,82,O1,2.2007670756388253,-1.7601976224182172,-2.3630041747884882,7.0
17,3,154,O1,4.0286531930161456,-0.2003607776902503,-1.296178475687814,7.0
18,3,152,O1,2.2522971524263746,0.24900909805235316,2.943278530056506,8.0
19,3,140,O1,0.05556693147558156,-0.45749289821005856,4.20286196155578,8.0
20,3,57,O1,1.2147383966929781,-2.1352653176914473,2.546899824334808,8.0
21,4,33,Si1,-0.4430505388132926,5.475063769429852,-0.10408931563396218,9.0
22,4,51,Si1,-2.1970810887726784,3.7333396053103174,-3.7104818560147668,10.0
23,4,35,Si1,1.9122399251602942,2.3834272105762437,-3.0721162095122714,11.0
24,4,55,Si1,-3.559927280859691,-4.054382894520595,-1.5516249723460611,12.0
25,4,1,Si1,0.6167616016885624,-3.582101772020984,2.170049847981038,13.0
26,4,2,Si1,1.9914513975163715,-3.261748733832415,-1.821010934868345,14.0
27,4,35,Si1,1.9122399251602942,2.3834272105762437,-3.0721162095122714,15.0
28,4,2,Si1,1.9914513975163715,-3.261748733832415,-1.821010934868345,16.0
29,4,41,Si1,5.184740121327476,0.7886052983082261,-0.7680105774521827,17.0
30,4,39,Si1,3.569119908318725,0.49152541029137353,3.838105823838678,18.0
31,4,34,Si1,0.015442128113868248,-1.1073470683071172,5.675658050660354,19.0
32,4,1,Si1,0.6167616016885624,-3.582101772020984,2.170049847981038,20.0
