,neighbor_num,isite,atom,x,y,z,front_index
0,0,13,Si1,0.0,0.0,0.0,
1,1,93,O1,5.551115123125783e-17,0.0,1.6100389653353713,0.0
2,1,69,O1,1.5196297394889116,-1.1102230246251565e-16,-0.532591150687943,0.0
3,1,135,O1,-0.7579082972161446,-1.313859548918746,-0.5385437457985733,0.0
4,1,117,O1,-0.7558000554982912,1.3172389522669854,-0.535328335646966,0.0
5,2,37,Si1,0.8797206120627628,0.5850641724590855,2.8253478713736007,1.0
6,2,36,Si1,2.495340827877227,0.2879842764605208,-1.780768527714345,2.0
7,2,23,Si1,-0.5926956804065273,-2.71536889661707,-1.3125964815411781,3.0
8,2,52,Si1,-0.74332666077474,2.926873535957751,-0.4909663210404782,4.0
9,3,147,O1,0.05556693004506208,0.4574929024835956,4.202861956694522,5.0
10,3,70,O1,1.2147384004598978,2.135265323987886,2.5468998186383476,5.0
11,3,156,O1,2.2522971513244077,-0.2490090978939763,2.943278527265284,5.0
12,3,92,O1,2.2007670832687136,1.7601976206771903,-2.3630041815081047,6.0
13,3,155,O1,4.028653195569062,0.20036077671057817,-1.296178470851543,6.0
14,3,146,O1,2.232349531736927,-0.8119491772588072,-2.927080325552345,6.0
15,3,127,O1,-1.65291191203993,-2.7927785703320076,-2.5220913666138105,7.0
16,3,103,O1,-0.8578604879105183,-3.9301917721270274,-0.2897971483886363,7.0
17,3,79,O1,0.9016387325455153,-2.8312566028694155,-1.9012072013087464,7.0
18,3,118,O1,-0.5019127332620503,3.4178910930157658,1.0235197851763498,8.0
19,3,167,O1,-2.1516269677466244,3.490628215558259,-1.0212956518297749,8.0
20,3,116,O1,0.44511892569669054,3.4780987736934255,-1.4273395937671245,8.0
21,4,45,Si1,0.015442126246618892,1.1073470816829163,5.67565805275586,9.0
22,4,14,Si1,0.6167616052602931,3.582101778381944,2.1700498455153627,10.0
23,4,28,Si1,3.5691199079574587,-0.4915254092296264,3.8381058192034834,11.0
24,4,12,Si1,1.9914514044246194,3.2617487293754768,-1.821010942138593,12.0
25,4,27,Si1,5.184740123771922,-0.7886053052281911,-0.7680105798844621,13.0
26,4,46,Si1,1.9122399280977613,-2.383427207025548,-3.0721162036566634,14.0
27,4,55,Si1,-2.197081089300806,-3.7333396038300126,-3.7104818515052833,15.0
28,4,47,Si1,-0.4430505418516675,-5.475063760678384,-0.10408930846437081,16.0
29,4,46,Si1,1.9122399280977618,-2.3834272070255476,-3.0721162036566643,17.0
30,4,14,Si1,0.6167616052602931,3.582101778381944,2.1700498455153627,18.0
31,4,51,Si1,-3.5599272747185093,4.054382895158767,-1.5516249826190718,19.0
32,4,12,Si1,1.9914514044246194,3.2617487293754768,-1.821010942138593,20.0
