,neighbor_num,isite,atom,x,y,z,front_index
0,0,53,Si1,0.0,0.0,0.0,
1,1,166,O1,-0.759603514699497,-1.3099356542873086,-0.5380049949276106,0.0
2,1,120,O1,1.5190306311977828,-1.1102230246251565e-16,-0.5344090542637414,0.0
3,1,121,O1,0.0,-5.551115123125783e-17,1.610294093983581,0.0
4,1,119,O1,-0.7545264416221437,1.318386850849587,-0.5344090518242152,0.0
5,2,50,Si1,-1.519207029398994,-2.6198713085746173,-1.0760099898552211,1.0
6,2,16,Si1,2.968681767886483,0.6672029645329117,-0.3192803057522695,2.0
7,2,17,Si1,0.23930448611768904,0.9250912966789016,2.906391335648233,3.0
8,2,15,Si1,-0.5983806309236448,2.907968551097806,-0.7388035473220773,4.0
9,3,110,O1,-3.106003639097655,-2.347722962806266,-1.1085502182314981,5.0
10,3,112,O1,-1.0061827233421003,-2.968385028798213,-2.562075716533202,5.0
11,3,111,O1,-1.2099389012541135,-3.861892787383578,-0.09888003669510548,5.0
12,3,138,O1,4.023748044828003,0.007220422643511304,-1.3400346806199157,6.0
13,3,72,O1,2.8756846066642887,2.2514080322675367,-0.5923621780671232,6.0
14,3,96,O1,3.4543877571416237,0.41546152810291415,1.194965846986458,6.0
15,3,97,O1,-0.7687733895223834,2.1796976479900247,2.8620363436969765,7.0
16,3,73,O1,1.7575436790938834,1.4616257421693826,2.9092925968844976,7.0
17,3,139,O1,-0.029136698135180383,0.06544698166924823,4.240419921175167,7.0
18,3,137,O1,-1.9253043455769212,3.4958508526916368,-1.434755511372685,8.0
19,3,71,O1,-0.38434926423839433,3.6141546905950865,0.6924265458107055,8.0
20,3,95,O1,0.6774689424041891,3.2044752920846795,-1.675028470140294,8.0
21,4,6,Si1,-4.542570049681948,-3.0674742365713947,-1.2142084219463858,9.0
22,4,8,Si1,-1.3445455418754773,-3.8261828531947963,-3.8821598380629974,10.0
23,4,7,Si1,-1.28011111972008,-5.466219648267279,0.0200308078698348,11.0
24,4,20,Si1,5.1323505995968715,0.2961164057758028,-2.4706189475542475,12.0
25,4,39,Si1,2.2683247461666847,3.4093114090952232,-1.5321853560108702,13.0
26,4,40,Si1,3.3029914676566197,1.0923777849996776,2.6482544277054956,14.0
27,4,41,Si1,-0.8372710694238248,3.662167848919764,2.2369168826944157,15.0
28,4,40,Si1,3.3029914676566197,1.0923777849996776,2.6482544277054956,16.0
29,4,19,Si1,0.5686035566403471,-0.39737450800045226,5.661399916875972,17.0
30,4,18,Si1,-3.091348526117319,4.60152091332696,-1.3424734937470975,18.0
31,4,41,Si1,-0.8372710694238248,3.662167848919764,2.2369168826944157,19.0
32,4,39,Si1,2.2683247461666847,3.4093114090952232,-1.5321853560108702,20.0
