,neighbor_num,isite,atom,x,y,z,front_index
0,0,15,Si1,0.0,0.0,0.0,
1,1,75,O1,1.5168066771462836,3.742445206602968e-17,-0.5418448435837904,0.0
2,1,41,O1,-0.7583797820703275,1.3155191074663621,-0.5360975626630575,0.0
3,1,79,O1,-1.1102230246251565e-16,-1.2580949709173176e-17,1.60954434716411,0.0
4,1,67,O1,-0.7601039822998645,-1.3136824382905758,-0.5381877021505695,0.0
5,2,29,Si1,2.4931575918915043,0.41830117531695993,-1.751263811120777,1.0
6,2,5,Si1,-0.6895703944974523,2.9217971593304073,-0.4568740989241695,2.0
7,2,13,Si1,-0.8953480481312928,0.25456396083423943,2.922625482524683,3.0
8,2,25,Si1,-1.1618716361432007,-2.1363838656828316,-1.8621710986926916,4.0
9,3,95,O1,4.016779088578609,0.08207140405240577,-1.3498076102856487,5.0
10,3,80,O1,2.352753379297495,1.9974477110032665,-2.033804309758695,5.0
11,3,63,O1,2.0913899380481675,-0.40440025207529734,-3.0752472076628994,5.0
12,3,35,O1,-1.4617787243862808,3.4257147344017254,0.8633439693884711,6.0
13,3,49,O1,-1.3842762452828519,3.558543923046745,-1.762716518962236,6.0
14,3,57,O1,0.8513028919104633,3.387192041881224,-0.38599559739976913,6.0
15,3,73,O1,0.06155778348936125,0.41375409612176645,4.2084279792524715,7.0
16,3,43,O1,-1.7589661682739854,1.6000042684721185,2.730050474281422,7.0
17,3,65,O1,-1.8889495930292164,-0.9927308145757815,3.146628447993039,7.0
18,3,84,O1,-1.021467423549192,-3.715530401369139,-1.5796306000547722,8.0
19,3,71,O1,-0.18552072139798015,-1.718082690365873,-3.071590066229678,8.0
20,3,91,O1,-2.685493132830307,-1.8001540944182786,-2.2636272995278204,8.0
21,4,23,Si1,5.029045510003982,0.3302150497151871,-0.12278141384150376,9.0
22,4,16,Si1,2.206704376487019,3.399444308998329,-1.2547406066248006,10.0
23,4,11,Si1,1.331285955748303,-1.7180826903658721,-3.613434909813468,11.0
24,4,7,Si1,-1.5799853955316028,3.174958563906606,2.4496487638620854,12.0
25,4,23,Si1,-1.6138270025739891,4.938590906650768,-2.559224054834583,13.0
26,4,16,Si1,2.206704376487019,3.399444308998329,-1.2547406066248001,14.0
27,4,31,Si1,0.21902288010899262,1.0648796102733473,5.672043888294533,15.0
28,4,7,Si1,-1.5799853955316028,3.174958563906606,2.4496487638620854,16.0
29,4,27,Si1,-2.998609505312446,-1.6141654189393133,4.133370983915335,17.0
30,4,20,Si1,-0.8754184207387177,-5.117526999364202,-2.3586943031886682,18.0
31,4,11,Si1,1.3312859557483043,-1.7180826903658726,-3.613434909813468,19.0
32,4,19,Si1,-3.6977595542556783,-2.0482977400810585,-3.490653495971963,20.0
