,neighbor_num,isite,atom,x,y,z,front_index
0,0,3,Si1,0.0,0.0,0.0,
1,1,47,O1,0.0,-1.0762884731957721e-32,1.6103686181087766,0.0
2,1,39,O1,-0.7591185606833019,-1.3122417220185072,-0.5412032360815161,0.0
3,1,55,O1,-0.7586340180893518,1.3155764403547707,-0.538181846246633,0.0
4,1,33,O1,1.5177531511362787,-2.6466706088504193e-33,-0.5381818905635043,0.0
5,2,17,Si1,0.33977786596944426,0.9003213332593691,2.9009576233712,1.0
6,2,9,Si1,-1.5700193298664868,-1.852552611144708,-1.8232465654137098,2.0
7,2,22,Si1,-2.1556711131444244,2.1059846783691074,-0.4135890462363523,3.0
8,2,1,Si1,2.4012908403847857,-0.1781130264708009,-1.87266728823312,4.0
9,3,56,O1,1.8547019880317208,1.4361130666877373,2.8013919853282028,5.0
10,3,89,O1,0.17795518516908326,0.013033898121419014,4.2345191296442435,5.0
11,3,81,O1,-0.6667047750698615,2.156300463600167,2.9590449971048947,5.0
12,3,61,O1,-2.000762550819347,-3.384759378509204,-1.578362276467094,6.0
13,3,77,O1,-0.6327598648575707,-1.759286999929257,-3.1284205869540354,6.0
14,3,69,O1,-2.889294187316474,-0.9538853367754602,-2.0382100758799195,6.0
15,3,86,O1,-3.3680330118757382,1.0458729494917858,-0.3992093955555689,7.0
16,3,94,O1,-2.162943337485579,2.9573517512469496,0.952783189122987,7.0
17,3,48,O1,-2.327079230015061,3.099781486141542,-1.6684335163445447,7.0
18,3,37,O1,1.9392849044582359,-1.5123927406842184,-2.6455763568384016,8.0
19,3,45,O1,3.957806232767167,-0.29356579155159707,-1.476160568868249,8.0
20,3,53,O1,2.183667870359966,1.0973345325738355,-2.8327612474334756,8.0
21,4,4,Si1,2.8316244245506823,2.576227482545052,3.385915992729567,9.0
22,4,27,Si1,1.1112180299762944,-0.6795831861491671,5.350288838195028,10.0
23,4,28,Si1,-1.1258947846911624,3.4322982781986484,2.0905863799798965,11.0
24,4,31,Si1,-2.8943631281559807,-4.355972260745422,-0.6567276057925888,12.0
25,4,11,Si1,0.8445750608805418,-2.0316524133854306,-3.7062887416702823,13.0
26,4,27,Si1,-4.0421271233618485,-0.09574736566892107,-1.313291690716619,14.0
27,4,27,Si1,-4.0421271233618485,-0.09574736566892107,-1.313291690716619,15.0
28,4,28,Si1,-1.1258947846911624,3.4322982781986484,2.0905863799798965,16.0
29,4,4,Si1,-2.3217207287874606,3.1600633030252987,-3.277664536182081,17.0
30,4,11,Si1,0.8445750608805418,-2.0316524133854306,-3.7062887416702823,18.0
31,4,19,Si1,5.206660040156521,0.5393258640964803,-0.894522245208393,19.0
32,4,20,Si1,2.711211061042656,1.7449892092062194,-4.209068914815945,20.0
