,neighbor_num,isite,atom,x,y,z,front_index
0,0,10,Si1,0.0,0.0,0.0,
1,1,27,O1,1.5166961784074013,-4.662573152872918e-17,-0.5388336002609564,0.0
2,1,37,O1,-0.757940177965382,-1.3134361119649496,-0.5395330901856271,0.0
3,1,42,O1,-0.7570578521717457,1.3163788366370122,-0.5335907732383371,0.0
4,1,34,O1,0.0,1.266310802761295e-16,1.6095600917620485,0.0
5,2,3,Si1,3.0892042807086395,-0.2104019241614117,-0.2674330754421299,1.0
6,2,12,Si1,-2.002325853568873,-2.331773943325551,-0.46758838526800595,2.0
7,2,9,Si1,-2.0544659346886847,2.00350215767293,-1.1933655495628694,3.0
8,2,14,Si1,0.20681708246641395,-0.7796669432710266,3.0024096317208846,4.0
