,neighbor_num,isite,atom,x,y,z,front_index
0,0,3,Si1,0.0,0.0,0.0,
1,1,27,O1,-0.7580686385600365,1.3136587215968034,-0.5388336002609562,0.0
2,1,40,O1,-0.7617680724822773,-1.3136587215968027,-0.5335907732383373,0.0
3,1,35,O1,1.5164391625079463,0.0,-0.5395330901856272,0.0
4,1,22,O1,0.0,-5.551115123125783e-17,1.6095600917620483,0.0
5,2,10,Si1,-1.3617971680815106,2.780820118354401,-0.2674330754421296,1.0
6,2,8,Si1,-0.7084424055290351,-2.7808201183544,-1.1933655495628703,2.0
7,2,13,Si1,3.02041745501107,-0.5688206607593922,-0.4675883852680059,3.0
8,2,7,Si1,0.5719238619980418,0.5688206607593926,3.0024096317208846,4.0
