,neighbor_num,isite,atom,x,y,z,front_index
0,0,11,Si1,0.0,0.0,0.0,
1,1,24,O1,1.518548594244094,2.5708767110950564e-17,-0.5335907732383376,0.0
2,1,19,O1,-0.7607098924847673,1.3118339045258791,-0.5395330901856272,0.0
3,1,43,O1,-0.7561343480046935,-1.3147730394874748,-0.5388336002609571,0.0
4,1,38,O1,0.0,-1.1954502072114195e-16,1.6095600917620467,0.0
5,2,0,Si1,2.7610031205354564,0.7821207969296147,-1.1933655495628706,1.0
6,2,5,Si1,-1.0230962424603511,2.898232672734509,-0.46758838526800506,2.0
7,2,2,Si1,-1.7224835660454239,-2.573033700195713,-0.2674330754421297,3.0
8,2,15,Si1,-0.7789737941055024,0.2094126933267961,3.0024096317208837,4.0
