,neighbor_num,isite,atom,x,y,z,front_index
0,0,5,Si1,0.0,0.0,0.0,
1,1,29,O1,1.1102230246251565e-16,-6.162975822039155e-33,1.609567937791318,0.0
2,1,19,O1,-0.7621370816864748,-1.3134361119649494,-0.5335881721870064,0.0
3,1,46,O1,-0.7562422598737049,1.316378836637013,-0.5347460604820714,0.0
4,1,36,O1,1.516688785092504,0.0,-0.5388309736528463,0.0
5,2,4,Si1,0.7821678796239809,-0.2104019241614119,3.000486118260428,1.0
6,2,11,Si1,-1.110925437562741,-2.33177394332555,-1.7302578981423213,2.0
7,2,14,Si1,-1.8122802872611885,2.0035021576729313,-1.5364217429092326,3.0
8,2,9,Si1,2.8984071427187716,-0.7796669432710259,-0.8102301754977193,4.0
