,neighbor_num,isite,atom,x,y,z,front_index
0,0,1,Si1,0.0,0.0,0.0,
1,1,25,O1,-0.7617680724822793,-1.3136587215968034,-0.5335907732383371,0.0
2,1,17,O1,1.1102230246251565e-16,1.1102230246251565e-16,1.609560091762047,0.0
3,1,20,O1,1.5164391625079452,5.551115123125783e-17,-0.5395330901856279,0.0
4,1,26,O1,-0.7580686385600389,1.3136587215968034,-0.538833600260957,0.0
5,2,0,Si1,-0.708442405529036,-2.7808201183544012,-1.1933655495628699,1.0
6,2,7,Si1,0.5719238619980436,0.568820660759393,3.0024096317208833,2.0
7,2,13,Si1,3.0204174550110707,-0.5688206607593923,-0.4675883852680065,3.0
8,2,2,Si1,-1.3617971680815126,2.780820118354401,-0.26743307544213013,4.0
