,neighbor_num,isite,atom,x,y,z,front_index
0,0,14,Si1,0.0,0.0,0.0,
1,1,46,O1,-0.7617680724822793,1.3136587215968027,-0.533590773238338,0.0
2,1,34,O1,-5.551115123125783e-17,-1.1102230246251565e-16,1.6095600917620476,0.0
3,1,31,O1,-0.7580686385600369,-1.3136587215968032,-0.5388336002609582,0.0
4,1,23,O1,1.5164391625079456,0.0,-0.5395330901856276,0.0
5,2,5,Si1,-0.7084424055290366,2.7808201183544012,-1.193365549562871,1.0
6,2,10,Si1,0.5719238619980418,-0.5688206607593931,3.0024096317208855,2.0
7,2,7,Si1,-1.3617971680815097,-2.7808201183544012,-0.26743307544213124,3.0
8,2,0,Si1,3.0204174550110703,0.5688206607593933,-0.4675883852680047,4.0
