,neighbor_num,isite,atom,x,y,z,front_index
0,0,19,Si1,0.0,0.0,0.0,
1,1,67,O1,-0.762818252357867,-1.316706208761922,-0.532524975534822,0.0
2,1,63,O1,1.512010926134147,-4.659243390211889e-33,-0.5443218548782592,0.0
3,1,60,O1,-0.7675655340585982,1.3080362363203055,-0.5379227847416013,0.0
4,1,55,O1,0.0,1.390564822651969e-32,1.6085578005244643,0.0
5,2,22,Si1,-0.5368180781659012,-2.7849188296015432,-1.152849988911954,1.0
6,2,17,Si1,3.0240218522682936,1.3322676295501878e-15,-1.0886437097565183,2.0
7,2,16,Si1,-0.9052817571698543,2.908836554542284,-0.6270807906535398,3.0
8,2,13,Si1,0.48996512883999244,0.1246917811854128,3.136818084269705,4.0
