,neighbor_num,isite,atom,x,y,z,front_index
0,0,19,Si1,0.0,0.0,0.0,
1,1,67,O1,-0.7586611204126972,1.3207547294095774,-0.5284222033632302,0.0
2,1,63,O1,1.5138246879709658,0.0,-0.5392570227050895,0.0
3,1,60,O1,1.1102230246251565e-16,0.0,1.6091850629886575,0.0
4,1,55,O1,-0.7699297951935213,-1.3059597728606025,-0.5377131017292096,0.0
5,2,22,Si1,-0.6995474474965481,2.500354502006688,-1.6223040302129559,1.0
6,2,17,Si1,3.0276493759419316,-7.771561172376098e-16,-1.0785140454101778,2.0
7,2,16,Si1,0.3920467213113462,-0.6963951244109983,3.005898979992216,3.0
8,2,13,Si1,-1.0591940816522007,-2.7529509885873265,-1.1809362020891974,4.0
