,neighbor_num,isite,atom,x,y,z,front_index
0,0,17,Si1,0.0,0.0,0.0,
1,1,63,O1,1.5120109261341474,-5.871667384200274e-34,-0.5443218548782613,0.0
2,1,65,O1,-0.7628182523578679,1.3167062087619203,-0.5325249755348203,0.0
3,1,57,O1,0.0,2.6231599870598e-32,1.6085578005244636,0.0
4,1,61,O1,-0.7675655340585987,-1.3080362363203057,-0.5379227847416017,0.0
5,2,19,Si1,3.024021852268295,6.661338147750941e-16,-1.0886437097565222,1.0
6,2,23,Si1,-0.5368180781659022,2.7849188296015424,-1.152849988911952,2.0
7,2,15,Si1,0.48996512883999455,-0.12469178118541205,3.136818084269704,3.0
8,2,18,Si1,-0.9052817571698548,-2.9088365545422845,-0.6270807906535398,4.0
