,neighbor_num,isite,atom,x,y,z,front_index
0,0,16,Si1,0.0,0.0,0.0,
1,1,64,O1,-0.7523637594454333,1.3207547294095763,-0.5373504388257573,0.0
2,1,60,O1,1.5158788554526614,-3.744685630476714e-17,-0.5399887614916996,0.0
3,1,56,O1,-0.7648973297497957,-1.305959772860602,-0.5448480010421392,0.0
4,1,62,O1,0.0,1.254888620645639e-17,1.6070044562623802,0.0
5,2,22,Si1,-1.7629818978215264,2.500354502006687,-0.1145941782890596,1.0
6,2,19,Si1,2.963164174559784,-0.6963951244109987,-0.6393648287282161,2.0
7,2,14,Si1,-1.467891526614888,-2.752950988587325,-0.6014955378921089,3.0
8,2,18,Si1,0.0,2.509777241291278e-17,3.2140089125247604,4.0
