,neighbor_num,isite,atom,x,y,z,front_index
0,0,23,Si1,0.0,0.0,0.0,
1,1,65,O1,0.0,1.5407439555097887e-33,1.6098221954454754,0.0
2,1,71,O1,-0.7657023666884439,1.3114564468235126,-0.5334490429189472,0.0
3,1,44,O1,1.5170753883063013,-7.703719777548943e-34,-0.5367609395857037,0.0
4,1,66,O1,-0.7587438498762324,-1.3152867557108323,-0.5346550490508403,0.0
5,2,17,Si1,-0.9291686404018886,0.22012532152604392,2.9088142109742954,1.0
6,2,21,Si1,-0.9266758721878823,2.700757961786915,-1.3286042395552948,2.0
7,2,8,Si1,2.904045409952559,0.37633472880942165,-1.2583088424021291,3.0
8,2,18,Si1,-2.208841103625983,-1.998194132135509,-0.7079906939224748,4.0
