,neighbor_num,isite,atom,x,y,z,front_index
0,0,21,Si1,0.0,0.0,0.0,
1,1,71,O1,-0.7583148404641293,-1.3108646209848744,-0.5430796478162426,0.0
2,1,49,O1,-0.7571031146419218,1.3165060418157946,-0.534446378318046,0.0
3,1,69,O1,1.1102230246251565e-16,6.525680856069819e-19,1.6080873882698188,0.0
4,1,50,O1,1.5186814295098197,-1.968119370546634e-18,-0.5344463783180459,0.0
5,2,23,Si1,-1.562266583611637,-2.7006196947826666,-0.4289374680501594,1.0
6,2,13,Si1,-1.2815318424644224,2.205319260175335,-1.770941296829057,2.0
7,2,10,Si1,-0.21783315073629006,-0.376558330841972,3.157404195847561,3.0
8,2,14,Si1,2.5506125276361873,-0.011516788435886719,-1.7709412968290583,4.0
