,neighbor_num,isite,atom,x,y,z,front_index
0,0,2,Si1,0.0,0.0,0.0,
1,1,32,O1,1.3684555315672042e-48,6.842277657836021e-49,1.609718410979844,0.0
2,1,35,O1,-0.7550170359479592,-1.3156003426215959,-0.5386443929397147,0.0
3,1,28,O1,-0.7551160963081741,1.3139211550267125,-0.5353509360824246,0.0
4,1,26,O1,1.5181939260451627,-1.1102230246251565e-16,-0.5376070257346907,0.0
5,2,4,Si1,0.37526970349176236,-0.33825737832614766,3.1368768157555986,1.0
6,2,1,Si1,-2.0734084720635257,-2.2327705895659182,-0.6465124948991043,2.0
7,2,0,Si1,-1.5102321926163498,2.6278423100534245,-1.0707018721648476,3.0
8,2,9,Si1,3.0765838689472904,0.31245619340003206,-0.2810565848800101,4.0
