,neighbor_num,isite,atom,x,y,z,front_index
0,0,8,Si1,0.0,0.0,0.0,
1,1,40,O1,0.0,-1.5407439555097887e-33,1.6097499751593407,0.0
2,1,44,O1,1.5158580295858304,-3.0814879110195774e-33,-0.5362973179689259,0.0
3,1,32,O1,-0.7671557484312503,-1.3103642930561017,-0.5310537395486091,0.0
4,1,36,O1,-0.7592518725760344,1.3142372248881082,-0.5362947820310093,0.0
5,2,15,Si1,0.0004441296489597901,0.8597389746079411,2.970684830622467,1.0
6,2,4,Si1,3.0317160591716608,-6.162975822039155e-33,-1.0725946359378518,2.0
7,2,10,Si1,-0.9102581772163039,-2.6987812684901606,-1.33069152902485,3.0
8,2,13,Si1,-1.1524481003158438,2.8553532623452043,-0.287994423373955,4.0
