,neighbor_num,isite,atom,x,y,z,front_index
0,0,5,Si1,0.0,0.0,0.0,
1,1,29,O1,-0.7582860247489398,1.3125653776213533,-0.5362973179689259,0.0
2,1,20,O1,-5.551115123125783e-17,5.551115123125783e-17,1.6097499751593403,0.0
3,1,26,O1,1.5177888157750439,0.0,-0.5362947820310087,0.0
4,1,19,O1,-0.7508719801461073,-1.319762778797384,-0.5310537395486092,0.0
5,2,1,Si1,-1.5165720494978805,2.6251307552427074,-1.0725946359378522,1.0
6,2,0,Si1,0.7442166829200462,0.4304565373815822,2.9706848306224662,2.0
7,2,2,Si1,3.048915552476397,0.43045653738158196,-0.2879944233739544,3.0
8,2,7,Si1,-1.881502584299346,-2.138209136080329,-1.3306915290248502,4.0
