,neighbor_num,isite,atom,x,y,z,front_index
0,0,8,Si1,0.0,0.0,0.0,
1,1,40,O1,0.0,0.0,1.6097499751593407,0.0
2,1,44,O1,-0.7582860247489405,-1.312565377621353,-0.5362973179689259,0.0
3,1,32,O1,-0.7508719801461071,1.3197627787973838,-0.531053739548609,0.0
4,1,36,O1,1.517788815775044,2.0306784809157696e-33,-0.5362947820310094,0.0
5,2,15,Si1,0.7442166829200467,-0.43045653738158285,2.970684830622467,1.0
6,2,4,Si1,-1.516572049497881,-2.625130755242706,-1.0725946359378518,2.0
7,2,10,Si1,-1.8815025842993462,2.138209136080329,-1.3306915290248498,3.0
8,2,13,Si1,3.048915552476397,-0.43045653738158274,-0.2879944233739554,4.0
