,neighbor_num,isite,atom,x,y,z,front_index
0,0,7,Si1,0.0,0.0,0.0,
1,1,30,O1,0.0,5.551115123125783e-17,1.6078674237706072,0.0
2,1,23,O1,-0.7646892808169945,1.3076873914634584,-0.5431980949920694,0.0
3,1,25,O1,-0.7562560398695918,-1.3182980294160347,-0.5313756732297811,0.0
4,1,16,O1,1.51485841252208,1.1102230246251565e-16,-0.5431980949920692,0.0
5,2,10,Si1,0.2936779853431883,0.5119365518423592,3.103498347573418,1.0
6,2,0,Si1,-1.4563457098078598,2.7426849260123483,-0.31460754298665317,2.0
7,2,1,Si1,-1.279805223754376,-2.2309437750773857,-1.7500499501724143,3.0
8,2,0,Si1,3.10274967687029,0.1273101430854322,-0.3146075429866525,4.0
