,neighbor_num,isite,atom,x,y,z,front_index
0,0,6,Si1,0.0,0.0,0.0,
1,1,26,O1,-0.7531046129189842,1.3196417205617197,-0.5325149478229606,0.0
2,1,31,O1,-0.7675272792820208,-1.3044546771306682,-0.5427131132491575,0.0
3,1,22,O1,1.1102230246251565e-16,0.0,1.6093042535182494,0.0
4,1,17,O1,1.5172566939932066,0.0,-0.5364627712383535,0.0
5,2,2,Si1,-0.8683327987088459,2.9234736806417705,-0.6139919834047671,1.0
6,2,11,Si1,-1.0905208355330867,-2.8629001974522525,-0.7710995735146602,2.0
7,2,1,Si1,-0.2711944734356705,-0.7119558712213037,3.026848812043094,3.0
8,2,1,Si1,2.763318914550742,-0.7119558712213042,-1.264685237470113,4.0
