,neighbor_num,isite,atom,x,y,z,front_index
0,0,7,Si1,0.0,0.0,0.0,
1,1,30,O1,-0.752516432781323,1.3131714082800496,-0.5427131132491574,0.0
2,1,23,O1,1.1102230246251565e-16,-5.551115123125783e-17,1.6093042535182491,0.0
3,1,25,O1,1.5194146335503516,-1.1102230246251565e-16,-0.5325149478229612,0.0
4,1,16,O1,-0.7520350205911233,-1.317767507290912,-0.5364627712383535,0.0
5,2,10,Si1,-1.9459640609945215,2.3661481582144495,-0.7710995735146602,1.0
6,2,0,Si1,-0.48392903798869,0.5884218649743369,3.0268488120430925,2.0
7,2,1,Si1,2.969487837334281,-0.694868472908686,-0.6139919834047678,3.0
8,2,0,Si1,-1.9879990791709372,-2.0471131496074877,-1.2646852374701127,4.0
