,neighbor_num,isite,atom,x,y,z,front_index
0,0,4,Si1,0.0,0.0,0.0,
1,1,20,O1,-0.7537904284275008,-1.3139999999999996,-0.5431980949920693,0.0
2,1,19,O1,-0.7537904284275015,1.3139999999999994,-0.5431980949920696,0.0
3,1,24,O1,1.5198134399331509,0.0,-0.5313756732297807,0.0
4,1,45,O1,0.0,1.1102230246251565e-16,1.6078674237706068,0.0
5,2,3,Si1,-1.654351664505197,-2.6279999999999992,-0.31460754298665283,1.0
6,2,3,Si1,-1.654351664505198,2.627999999999999,-0.3146075429866533,2.0
7,2,0,Si1,2.571966473013505,4.440892098500626e-16,-1.7500499501724136,3.0
8,2,9,Si1,-0.5901913182921954,2.220446049250313e-16,3.103498347573418,4.0
