,neighbor_num,isite,atom,x,y,z,front_index
0,0,3,Si1,0.0,0.0,0.0,
1,1,20,O1,0.0,0.0,1.6093042535182498,0.0
2,1,47,O1,-0.7525164327813234,1.3131714082800503,-0.5427131132491575,0.0
3,1,27,O1,1.519414633550352,7.914796459948766e-17,-0.5325149478229612,0.0
4,1,19,O1,-0.7520350205911237,-1.3177675072909127,-0.5364627712383533,0.0
5,2,4,Si1,-0.48392903798869075,0.5884218649743371,3.026848812043093,1.0
6,2,14,Si1,-1.9459640609945232,2.3661481582144503,-0.7710995735146602,2.0
7,2,5,Si1,2.969487837334283,-0.6948684729086856,-0.6139919834047686,3.0
8,2,4,Si1,-1.9879990791709372,-2.047113149607488,-1.2646852374701127,4.0
