,neighbor_num,isite,atom,x,y,z,front_index
0,0,12,Si1,0.0,0.0,0.0,
1,1,44,O1,-0.7517603731025235,1.317595411106603,-0.5381195651177797,0.0
2,1,28,O1,1.5176884943160527,0.0,-0.5359048571777429,0.0
3,1,33,O1,0.0,0.0,1.610628280007104,0.0
4,1,56,O1,-0.7589867173438402,-1.3128802916140716,-0.5411455425365166,0.0
5,2,4,Si1,-2.0644327289869344,2.2432055158855446,-0.6397794248836081,1.0
6,2,20,Si1,2.952538022814517,-0.7293530739004638,-0.5296095798836582,2.0
7,2,1,Si1,0.1642302337877778,0.9770536257111035,2.879475214209133,3.0
8,2,16,Si1,-0.7206351598265949,-2.432257019603011,-1.698173244215555,4.0
9,3,36,O1,-3.1129400768018014,1.8318935102127372,0.510452149716368,5.0
10,3,52,O1,-2.747305103820084,2.051467357382902,-2.0846515954664415,5.0
11,3,66,O1,-1.6466522782095971,3.7872611376641947,-0.4477497961794125,5.0
12,3,70,O1,4.1076845198545815,0.3614375503215222,-0.7942451977920818,6.0
13,3,52,O1,3.1917824722612194,-1.4288358943815027,0.9002666679697348,6.0
14,3,60,O1,2.990889580331761,-1.8487298018894032,-1.6866372815626955,6.0
15,3,65,O1,0.8283581550009357,2.363501394921913,2.397582763538134,7.0
16,3,49,O1,-1.2815839338130264,1.2734293389670746,3.521749781989775,7.0
17,3,41,O1,1.1110582119354098,0.28550294377544855,3.981959654539615,7.0
18,3,68,O1,-1.8757816568666588,-3.5230476438249987,-1.4335376263071309,8.0
19,3,48,O1,-0.9598796092732974,-1.7327741991219732,-3.1280494920689463,8.0
20,3,24,O1,0.7142143686718696,-3.1616100935034765,-1.6918779669214696,8.0
21,4,9,Si1,-4.103845200420513,2.4658534544968145,1.610599994957248,9.0
22,4,20,Si1,-2.9865495532667867,2.7509501778639422,-3.5145278433198364,10.0
23,4,2,Si1,-0.49314354072733985,4.886931918929617,-0.6836849819432721,11.0
24,4,18,Si1,4.517301923747452,1.903394398898408,-0.5733328048957314,12.0
25,4,4,Si1,3.8746548470943685,-1.237097735878861,2.3451388385525678,13.0
26,4,8,Si1,2.231902862987921,-3.1616100935034757,-2.2277828240992124,14.0
27,4,7,Si1,1.7355194220473726,3.620780028755177,2.835569657149469,15.0
28,4,17,Si1,-2.2460826898786195,2.436914382119855,4.075920252893951,16.0
29,4,9,Si1,1.8352423756607887,-1.01444979726759,4.595518258393425,17.0
30,4,22,Si1,-2.2853990607595307,-5.065004492401884,-1.65445001920348,18.0
31,4,0,Si1,-1.6427519841064475,-1.9245123576246141,-4.572921662651781,19.0
32,4,8,Si1,2.231902862987921,-3.1616100935034757,-2.2277828240992124,20.0
