,neighbor_num,isite,atom,x,y,z,front_index
0,0,2,Si1,0.0,0.0,0.0,
1,1,30,O1,0.0,-6.162975822039155e-33,1.609821067021038,0.0
2,1,48,O1,1.5179779131829783,6.162975822039155e-33,-0.5353068234023877,0.0
3,1,36,O1,-0.7590628563146501,-1.3129311133822,-0.5394943454437672,0.0
4,1,25,O1,-0.7576142389121163,1.3156918107954383,-0.5359978344232779,0.0
5,2,7,Si1,0.6392469612463832,0.725075996798432,2.8971252182186453,1.0
6,2,5,Si1,2.8148052669677694,0.9011823117119045,-0.846625945246242,2.0
7,2,14,Si1,-2.078578354103392,-2.1099958648897417,-1.0031851793064241,3.0
8,2,20,O1,-0.7581394672192419,1.316584467751095,-0.5367938987893391,4.0
