,neighbor_num,isite,atom,x,y,z,front_index
0,0,5,Si1,0.0,0.0,0.0,
1,1,33,O1,0.0,6.162975822039155e-33,1.609821067021038,0.0
2,1,39,O1,-0.7590628563146511,1.3129311133821997,-0.5394943454437675,0.0
3,1,27,O1,-0.7576142389121152,-1.3156918107954385,-0.5359978344232776,0.0
4,1,48,O1,1.517977913182979,1.232595164407831e-32,-0.5353068234023878,0.0
5,2,10,Si1,0.639246961246384,-0.725075996798432,2.897125218218645,1.0
6,2,14,Si1,-2.0785783541033935,2.1099958648897412,-1.003185179306425,2.0
7,2,23,O1,-0.7581394672192412,-1.3165844677510956,-0.536793898789339,3.0
8,2,2,Si1,2.8148052669677717,-0.9011823117119045,-0.846625945246242,4.0
