,neighbor_num,isite,atom,x,y,z,front_index
0,0,11,Si1,0.0,0.0,0.0,
1,1,23,O1,-0.7576142389121151,1.3156918107954385,-0.535997834423278,0.0
2,1,45,O1,-0.7590628563146506,-1.3129311133821993,-0.5394943454437672,0.0
3,1,51,O1,1.5179779131829787,-4.930380657631324e-32,-0.5353068234023882,0.0
4,1,32,O1,1.1102230246251565e-16,0.0,1.6098210670210382,0.0
5,2,27,O1,-0.7581394672192406,1.3165844677510945,-0.5367938987893386,1.0
6,2,17,Si1,-2.0785783541033918,-2.1099958648897412,-1.0031851793064244,2.0
7,2,8,Si1,2.8148052669677717,0.9011823117119045,-0.846625945246243,3.0
8,2,4,Si1,0.6392469612463835,0.7250759967984323,2.8971252182186467,4.0
