,neighbor_num,isite,atom,x,y,z,front_index
0,0,3,Si1,0.0,0.0,0.0,
1,1,26,O1,-0.7576142468329565,-1.3156918018428303,-0.5359978456610778,0.0
2,1,37,O1,-0.75906284738175,1.312931125859645,-0.5394943442702633,0.0
3,1,31,O1,0.0,0.0,1.6098210649478548,0.0
4,1,46,O1,1.517977914691977,0.0,-0.5353068256577421,0.0
5,2,21,O1,-0.7581394720588085,-1.3165844504703696,-0.5367939086301812,1.0
6,2,12,Si1,-2.0785783396174793,2.1099958889744386,-1.0031851766014075,2.0
7,2,9,Si1,0.6392469536514608,-0.7250760121090064,2.8971252131821634,3.0
8,2,0,Si1,2.8148052625272397,-0.9011823245574128,-0.8466259463365564,4.0
