,neighbor_num,isite,atom,x,y,z,front_index
0,0,4,Si1,0.0,0.0,0.0,
1,1,62,O1,-0.7599137306932003,1.3162960890284527,-0.5320431607586316,0.0
2,1,32,O1,0.0,1.232595164407831e-32,1.610883782580912,0.0
3,1,50,O1,-0.7617842164356932,-1.3134640990178175,-0.5352735114381835,0.0
4,1,44,O1,1.517082881370392,-1.232595164407831e-32,-0.5377883349613539,0.0
5,2,20,Si1,-1.494816839035897,2.0285882434967433,-1.7752751796315118,1.0
6,2,19,Si1,-0.9528364050270384,0.4640297372401662,2.8233760258958887,2.0
7,2,26,Si1,-2.1651356345767083,-2.1039812398634195,-0.5048499676655719,3.0
8,2,8,Si1,2.6505139654820353,0.8468272882963608,-1.305234934754288,4.0
9,3,81,O1,-2.182506158398044,3.3969690427782258,-1.2801490623510647,5.0
10,3,31,O1,-2.6232535459481046,1.044179719128412,-2.3676675203030495,5.0
11,3,74,O1,-0.4078000884493076,2.3564883583125034,-2.917735779165115,5.0
12,3,80,O1,-0.9226284817208058,2.0685880806268795,2.9459014987899197,6.0
13,3,63,O1,-2.4605484595882734,-0.02462843483575243,2.538619810332925,6.0
14,3,75,O1,-0.4340196976559172,-0.1897100710336692,4.200980322567199,6.0
15,3,83,O1,-1.9497651181323084,-3.603571505845636,-1.0404251183873634,7.0
16,3,51,O1,-2.7225064803055057,-2.1455457739640598,1.0060597871014656,7.0
17,3,49,O1,-3.228051166801434,-1.342450675880404,-1.4458706472938796,7.0
18,3,54,O1,3.2539687356582507,-0.030449096200671173,-2.5128148904599046,8.0
19,3,36,O1,3.830470510065453,1.2238180961057419,-0.27541600357178786,8.0
20,3,66,O1,2.0056703815435464,2.199887771555212,-1.893943926158426,8.0
21,4,23,Si1,-1.906089350664185,4.892212593225491,-0.752538451134531,9.0
22,4,3,Si1,-3.8172436154788776,0.10558559611894786,-1.8306615975485871,10.0
23,4,16,Si1,1.1147399685763641,2.8623299041047088,-3.06034092683347,11.0
24,4,22,Si1,-1.3641089166553275,3.3276540869689155,3.8461127543928684,12.0
25,4,5,Si1,-3.4186624091053486,-1.2615531012859647,2.1575565269462667,13.0
26,4,17,Si1,-0.9783484192396699,-0.5569284574481898,5.671761416810652,14.0
27,4,27,Si1,-1.7343946016879093,-5.10316177182785,-1.5760002691091544,15.0
28,4,5,Si1,-3.4186624091053486,-1.2615531012859647,2.1575565269462667,16.0
29,4,3,Si1,-3.8172436154788776,0.10558559611894786,-1.8306615975485871,17.0
30,4,25,Si1,4.336002382945967,-0.02689688946352607,-3.7063092192061005,18.0
31,4,15,Si1,4.9625490750867645,2.3539687870204298,-0.08963174608113311,19.0
32,4,16,Si1,1.114739959952408,2.862329901349394,-3.0603409225866374,20.0
