,neighbor_num,isite,atom,x,y,z,front_index
0,0,21,Si1,0.0,0.0,0.0,
1,1,85,O1,-0.871246324958506,1.249721645678388,-0.5849909428642994,0.0
2,1,80,O1,1.526703477609705,5.159029153239136e-17,-0.5740936204373782,0.0
3,1,90,O1,-0.7691744547590676,-1.2903890063025283,-0.6136344597661685,0.0
4,1,87,O1,1.1102230246251565e-16,-4.993956396022654e-17,1.6019218013433192,0.0
5,2,27,Si1,-0.762353325381189,2.9633719038947133,-0.20863616242599373,1.0
6,2,29,Si1,2.9040797114130603,0.9843377445764525,-0.06898843526515874,2.0
7,2,24,Si1,-1.7992179954564504,-2.5970090480443506,-0.06693102153311337,3.0
8,2,25,Si1,0.675656427225352,0.16786361515076015,3.189701282531825,4.0
9,3,77,O1,-2.3022777640883105,3.7872443868224686,-0.4125217188209117,5.0
10,3,93,O1,0.22907060465002393,3.817977126977217,-1.3721905368456913,5.0
11,3,89,O1,-0.08669689976952122,3.1312355111334407,1.379143324661305,5.0
12,3,99,O1,2.4864544506886093,2.6475916334170413,0.3511592296777638,6.0
13,3,68,O1,4.050960003147153,1.1397814194860334,-1.3694090381922366,6.0
14,3,71,O1,3.627669375885673,0.27679131051233724,1.3557666526384764,6.0
15,3,74,O1,-3.3637988920149233,-2.061722692950709,-0.6646413116083536,7.0
16,3,86,O1,-1.2660210947735402,-4.096531911466534,-0.7545833631251468,7.0
17,3,82,O1,-1.7749307832059873,-2.751880523052363,1.6839324209371465,7.0
18,3,83,O1,0.7845494268026693,1.881513873367085,3.5660560629701323,8.0
19,3,91,O1,-0.3157675028058595,-0.6867416079317449,4.353255656951522,8.0
20,3,75,O1,2.215580865932473,-0.6560088677769954,3.3935868389267436,8.0
21,4,19,Si1,-3.5272782528349973,4.080001847026784,0.5926334660984871,9.0
22,4,22,Si1,0.8676277050397061,3.579583756801685,-2.8448391120031626,10.0
23,4,23,Si1,-0.08669689976951978,3.13123551113344,2.981065126004625,11.0
24,4,18,Si1,4.153111994674685,0.8155176343017024,-2.9336921042882356,13.0
25,4,17,Si1,3.4405813546791557,-0.9487663279813111,2.3884316540073454,14.0
26,4,16,Si1,-4.6816808700296795,-2.8560763870048422,-1.1430338015909256,15.0
27,4,20,Si1,-1.3961965787810193,-5.620142501592791,-1.2318867997747902,16.0
28,4,22,Si1,-0.8812373602740594,-3.7388750122158196,2.627459142322351,17.0
29,4,23,Si1,-0.08669689815583537,3.1312355190454726,2.9810651201058307,18.0
30,4,20,Si1,-0.9543246031955439,-0.4483482377562134,5.825904232108995,19.0
31,4,17,Si1,3.4405813546791597,-0.9487663279813131,2.3884316540073445,20.0
