,neighbor_num,isite,atom,x,y,z,front_index
0,0,22,Si1,0.0,0.0,0.0,
1,1,79,O1,1.5130020734548633,0.0,-0.609287878833766,0.0
2,1,82,O1,0.0,6.162975822039155e-33,1.631897279181117,0.0
3,1,88,O1,-0.8390827456952763,1.2378754632180378,-0.5742455407386571,0.0
4,1,93,O1,-0.6872959629577715,-1.4258502676879588,-0.3575691104544478,0.0
5,2,30,Si1,2.645709888990216,1.3460116418584107,-0.7719009088737936,1.0
6,2,24,Si1,0.4178102923941037,1.2894750684315839,2.7511767099274262,2.0
7,2,26,Si1,-1.082478613923489,2.755878735054065,-1.3755931642737163,3.0
8,2,27,Si1,-2.194525162469416,-2.040018485165682,-1.0042435411917188,4.0
9,3,67,O1,4.285495731507378,0.7620946759123781,-0.7989979883355407,5.0
10,3,96,O1,2.6069529424230176,2.4878939396801263,0.5741864265152592,5.0
11,3,72,O1,2.255797951828141,2.257976161914098,-2.2107964626975747,5.0
12,3,90,O1,2.078080371657584,1.160682919728672,3.2934369103151835,6.0
13,3,74,O1,-0.44411050778759154,1.1493631226469694,4.277336475990461,6.0
14,3,86,O1,0.1744144241658926,2.807478340267612,1.9498290863923664,6.0
15,3,84,O1,-0.6646683215293855,4.045353803485649,-0.2563137335274071,7.0
16,3,76,O1,-0.22055782055293494,2.895990680463302,-2.9017529376488955,7.0
17,3,92,O1,-2.742748700230661,2.884670881366734,-1.9178533579776802,7.0
18,3,77,O1,-2.9587379342135094,-2.654468970996879,0.45525359999235027,8.0
19,3,85,O1,-3.140098848020379,-0.7673853796882106,-1.7634491771276797,8.0
20,3,89,O1,-1.8733857946336445,-3.2626378913232075,-2.1907530396087345,8.0
21,4,17,Si1,5.085977701795243,-0.5999934797174147,-0.5411065108360007,9.0
22,4,18,Si1,1.1883790233865537,2.310019932092484,-3.4196383743516847,11.0
23,4,21,Si1,3.282983696850471,0.07372901950125656,3.2978613167605086,12.0
24,4,16,Si1,-1.8530473517270802,1.7353338710177852,4.795221912693251,13.0
25,4,20,Si1,-0.6646683215293849,4.045353803485649,1.37558354565371,14.0
26,4,20,Si1,-0.6646683215293849,4.045353803485649,1.37558354565371,15.0
27,4,18,Si1,1.1883790233865528,2.310019932092486,-3.419638374351684,16.0
28,4,23,Si1,-3.9476520251909983,3.9716247836090135,-1.9222777784189424,17.0
29,4,19,Si1,-3.9996062092303886,-3.8553434053625555,0.7220192286920785,18.0
30,4,21,Si1,-3.2290516773875084,-0.33555029308445605,-3.33465718556882,19.0
31,4,23,Si1,-2.1966122110967605,-4.529065904956601,-3.1169486062165745,20.0
