,neighbor_num,isite,atom,x,y,z,front_index
0,0,4,Si1,0.0,0.0,0.0,
1,1,50,O1,1.5234416081579716,-1.1285223404021148e-17,-0.5849909369655087,0.0
2,1,47,O1,-0.8731117684521781,-1.252397440246459,-0.5740936204373763,0.0
3,1,57,O1,-0.6186562369998545,1.3689403247633283,-0.6136344538673765,0.0
4,1,52,O1,-1.1102230246251565e-16,-1.239450242554206e-16,1.6019218013433194,0.0
5,2,10,Si1,2.866921515039556,-1.0693533841137974,-0.20863616242599548,1.0
6,2,12,Si1,-0.8533445557824838,-2.9452339185122858,-0.06898843526515464,2.0
7,2,9,Si1,-1.101437909446906,2.961161253517573,-0.0669310156343228,3.0
8,2,8,Si1,-0.2487003076786236,-0.650259911932211,3.1897012884306193,4.0
9,3,58,O1,3.0009891223844796,-2.371389247610592,-1.3721905362921567,5.0
10,3,42,O1,4.423439839338557,-0.27727772410749557,-0.41252171882091715,5.0
11,3,54,O1,2.6182212073609312,-1.7196132960460078,1.379143324661304,5.0
12,3,36,O1,-1.847580848111782,-3.134173513165643,1.3557666531920178,6.0
13,3,35,O1,-1.3817231450739267,-3.9749490384006134,-1.3694090376386958,6.0
14,3,64,O1,0.7499061596986821,-3.553848328831032,0.3511592296777667,6.0
15,3,53,O1,-2.636470160633334,3.3813323122942696,-0.7545833631251477,7.0
16,3,49,O1,-1.2423729923634612,3.029807757296335,1.683932420937145,7.0
17,3,41,O1,0.23244603905058064,3.9385038133126726,-0.6646413116083583,7.0
18,3,48,O1,1.0947795992029605,-1.719613296046009,3.566056062970131,8.0
19,3,56,O1,-0.38276792197061615,0.6517759443929845,4.353255662850316,8.0
20,3,40,O1,-1.8052186264100176,-1.4423355777871023,3.3935868389267467,8.0
21,4,7,Si1,2.440241755454568,-2.758879823668834,-2.8448391120031635,9.0
22,4,2,Si1,5.3641667440194585,0.5601982568880209,0.59263346609848,10.0
23,4,6,Si1,2.618221207360933,-1.7196132960460082,2.9810651260046224,11.0
24,4,0,Si1,-2.7459455310909178,-2.2798115587826193,2.388431654007351,12.0
25,4,3,Si1,-1.7061458225360586,-3.873302813415262,-2.933692104288228,13.0
26,4,5,Si1,-3.811883908144551,4.359461858491043,-1.2318867997747909,15.0
27,4,7,Si1,-2.563129547115618,2.8611418400397093,2.627459148221143,16.0
28,4,1,Si1,0.3345036642784688,5.4738848540860605,-1.1430338015909323,17.0
29,4,6,Si1,2.618221207360933,-1.7196132960460082,2.9810651260046224,18.0
30,4,5,Si1,0.17797945747397148,1.039266521774236,5.825904232108993,19.0
31,4,0,Si1,-2.7459455310909187,-2.279811558782619,2.3884316540073502,20.0
