,neighbor_num,isite,atom,x,y,z,front_index
0,0,2,Si1,0.0,0.0,0.0,
1,1,18,O1,0.0,0.0,1.6102407711479123,0.0
2,1,30,O1,-0.7606304638424698,1.3123193861068496,-0.5391020990138504,0.0
3,1,26,O1,-0.7589090104065513,-1.315301711736072,-0.5353023420470291,0.0
4,1,22,O1,1.5181038922838601,1.4313739425106832e-16,-0.5377623528874143,0.0
5,2,6,Si1,0.0005398969166077863,-1.0145913463860705,2.8612903369251637,1.0
6,2,10,Si1,-1.6611980693663906,1.78865300942672,-1.786783448834632,2.0
7,2,4,Si1,-2.180622241349134,-2.0667852202651535,-0.45471995400665394,3.0
8,2,14,Si1,2.4758854076062153,-0.7028860892334823,-1.6253152071794514,4.0
