,neighbor_num,isite,atom,x,y,z,front_index
0,0,11,Si1,0.0,0.0,0.0,
1,1,44,O1,1.517447238064319,0.0,-0.5359281733708314,0.0
2,1,43,O1,1.1102230246251565e-16,0.0,1.6100478838539374,0.0
3,1,31,O1,-0.7644751625584135,-1.3121484213741281,-0.537092850102662,0.0
4,1,39,O1,-0.7561049877257022,1.315860565318501,-0.5374751500219821,0.0
5,2,8,Si1,2.734624776154736,-0.717866951557467,-1.3060002530824468,1.0
6,2,15,Si1,-0.7359391386454534,-0.4114216182705834,2.981346025285368,2.0
7,2,3,Si1,-2.2616433540800367,-1.8519927616864549,-0.7788105394984366,3.0
8,2,7,Si1,-1.4246365405287966,2.7460418776778663,-0.2248027542763224,4.0
