,neighbor_num,isite,atom,x,y,z,front_index
0,0,0,Si1,0.0,0.0,0.0,
1,1,20,O1,-1.1102230246251565e-16,0.0,1.6105364869975523,0.0
2,1,28,O1,1.5175759777520448,0.0,-0.5369684335118168,0.0
3,1,16,O1,-0.7622633623695216,-1.312534855595226,-0.5376636125903949,0.0
4,1,24,O1,-0.7567390924938578,1.3160170482888622,-0.5366145272705258,0.0
5,2,12,Si1,-0.2535966849349507,0.9629266348252061,2.8764853460531183,1.0
6,2,8,Si1,2.671132138570689,1.0378191522334523,-0.969246208338975,2.0
7,2,4,Si1,-2.2319465321426337,-1.8229071828489871,-0.9548834296423514,3.0
8,2,6,Si1,-1.206323851726804,2.038241056297277,-1.903638858587413,4.0
