,neighbor_num,isite,atom,x,y,z,front_index
0,0,8,Si1,0.0,0.0,0.0,
1,1,44,O1,1.517447238064321,-4.675995319705253e-33,-0.5359281733708317,0.0
2,1,28,O1,-0.7644751625584131,1.3121484213741283,-0.5370928501026622,0.0
3,1,40,O1,0.0,1.5579097688030072e-33,1.6100478838539376,0.0
4,1,36,O1,-0.7561049877257023,-1.315860565318501,-0.5374751500219821,0.0
5,2,11,Si1,2.7346247761547366,0.7178669515574664,-1.3060002530824455,1.0
6,2,0,Si1,-2.2616433540800363,1.8519927616864555,-0.7788105394984379,2.0
7,2,12,Si1,-0.7359391386454527,0.41142161827058393,2.9813460252853674,3.0
8,2,4,Si1,-1.4246365405287973,-2.746041877677866,-0.22480275427632318,4.0
