,neighbor_num,isite,atom,x,y,z,front_index
0,0,5,Si1,0.0,0.0,0.0,
1,1,33,O1,-0.7586808089536766,1.3148520006477344,-0.5378103591299614,0.0
2,1,27,O1,-0.7598520302434901,-1.3126533997230947,-0.5404215393754357,0.0
3,1,37,O1,0.0,2.3585603677837137e-16,1.6093840593148057,0.0
4,1,17,O1,1.5180713774906796,-4.134776234070451e-17,-0.5384980970488007,0.0
5,2,15,Si1,-2.0821775554207003,2.2221868082684937,-0.40784284622764877,1.0
6,2,3,Si1,-1.6389081009811126,-1.8335989936688595,-1.784763208299591,2.0
7,2,9,Si1,-0.2030850454338179,-0.8057110288690501,2.9883871481420505,3.0
8,2,1,Si1,2.3624838418071077,0.17015759007526635,-1.8989720312768177,4.0
