,neighbor_num,isite,atom,x,y,z,front_index
0,0,12,Si1,0.0,0.0,0.0,
1,1,34,O1,-0.7565595160368664,-1.3158669399388851,-0.5365664362489974,0.0
2,1,20,O1,1.519243843653538,1.6653345369377348e-16,-0.5348491749369209,0.0
3,1,40,O1,0.0,0.0,1.6097617079754039,0.0
4,1,46,O1,-0.7563064077880909,1.312175213090807,-0.5375213997705259,0.0
5,2,6,Si1,-2.1138622947412733,-2.179993772359323,-0.4681097325468021,1.0
6,2,0,Si1,2.4536041342583053,0.6163762228501569,-1.6928124624362964,2.0
7,2,8,Si1,-0.39678081618583316,-0.7441047788359522,2.9813036323521054,3.0
8,2,14,Si1,-1.512612821113453,2.6243504200796255,-1.0750427938749796,4.0
