,neighbor_num,isite,atom,x,y,z,front_index
0,0,11,Si1,0.0,0.0,0.0,
1,1,51,O1,-0.7623342458530815,1.312840005222612,-0.5366117238443433,0.0
2,1,29,O1,1.5157829154193487,0.0,-0.5382624730692194,0.0
3,1,39,O1,0.0,6.162975822039155e-33,1.6101722031759502,0.0
4,1,64,O1,-0.7544241091129209,-1.3160898895236197,-0.5369390503875986,0.0
5,2,16,Si1,-0.729609242760163,2.9207200961229964,-0.6160170847416507,1.0
6,2,8,Si1,2.998884296986581,0.6022027192359867,-0.6966496996057168,2.0
7,2,3,Si1,0.5303502587721733,0.7509038408910637,2.9321126513943363,3.0
8,2,4,Si1,-2.018705486284715,-2.299876622308082,-0.6896090909394902,4.0
9,3,54,O1,-0.8828952219028636,3.534343681869078,0.8647340852713505,5.0
10,3,34,O1,0.6665065505608375,3.3997630520970916,-1.255315821298393,5.0
11,3,70,O1,-1.9418901668580688,3.4374902120654807,-1.5395296649945533,5.0
12,3,48,O1,2.920186289048374,2.05232297960358,-1.392072145244676,6.0
13,3,36,O1,3.6825205349014567,0.7394829743809691,0.7547117817756173,6.0
14,3,61,O1,3.878350796490209,-0.38578736049112566,-1.613146375082448,6.0
15,3,24,O1,2.1331187624377534,0.8740636041529554,2.8747616883453633,7.0
16,3,63,O1,0.10874057425352923,-0.09396608484792748,4.235182856736372,7.0
17,3,45,O1,-0.12056097604978167,2.221503676646466,3.0115180122916443,7.0
18,3,40,O1,-2.4742972671764822,-2.818924543516783,0.7649286048777357,8.0
19,3,53,O1,-3.2366315130295638,-1.506084538294172,-1.381855322142557,8.0
20,3,27,O1,-1.6061055260247183,-3.5567140886634396,-1.6047294068273352,8.0
21,4,20,Si1,-0.19925898398798947,3.6716239370140595,2.3160955666526863,9.0
22,4,18,Si1,2.2692750542264166,3.5229228153589824,-1.3126667843473674,10.0
23,4,15,Si1,-3.4931325023727253,3.6024452834061895,-1.934483989561675,11.0
24,4,18,Si1,2.2692750542264166,3.5229228153589824,-1.3126667843473674,12.0
25,4,0,Si1,3.529234555758755,1.3531065601270507,2.2354629517886204,13.0
26,4,1,Si1,5.221002273233801,-0.846078720322726,-2.371414634744475,14.0
27,4,0,Si1,3.529234555758755,1.3531065601270507,2.2354629517886204,15.0
28,4,12,Si1,-0.9469499441472016,-0.7824165291415006,5.23573540041363,16.0
29,4,20,Si1,-0.19925898398798947,3.6716239370140595,2.3160955666526863,17.0
30,4,10,Si1,-3.4658405050499064,-3.8018879251395514,1.5669756868478135,18.0
31,4,14,Si1,-4.725800006582242,-1.6320716699076196,-1.9811540492881747,19.0
32,4,7,Si1,-1.8748630162198803,-4.950374209313295,-2.3615683699932113,20.0
