,neighbor_num,isite,atom,x,y,z,front_index
0,0,5,Si1,0.0,0.0,0.0,
1,1,22,O1,0.0,5.551115123125783e-17,1.6065914407093431,0.0
2,1,23,O1,-0.7531600729941469,1.312216556273472,-0.5403458811259348,0.0
3,1,21,O1,-0.7448893690156434,-1.3186644024124947,-0.5446606743387136,0.0
4,1,12,O1,1.51962556565831,2.220446049250313e-16,-0.533094883727955,0.0
5,2,4,Si1,0.0,1.1102230246251565e-16,3.2131828814186862,1.0
6,2,4,Si1,-1.5063201459882938,2.624433112546944,-1.0806917622518697,2.0
7,2,3,Si1,-1.8462899710788987,-2.4501928801448334,-0.8498765918529609,3.0
8,2,0,Si1,2.936057146279708,0.7658753406517185,-0.561882594472311,4.0
