,neighbor_num,isite,atom,x,y,z,front_index
0,0,2,Si1,0.0,0.0,0.0,
1,1,31,O1,-0.7580670565774827,-1.3155839935648797,-0.5260833287069042,0.0
2,1,27,O1,0.0,0.0,1.6089548335229407,0.0
3,1,20,O1,1.5123374365476794,0.0,-0.5472039724862484,0.0
4,1,28,O1,-0.7756780472739911,1.304230547461947,-0.534828853336421,0.0
5,2,9,Si1,-1.5161341131549642,-2.6311679871297597,-1.052166657413809,1.0
6,2,7,Si1,0.3326417752110792,0.13013236799838873,3.17672066387281,2.0
7,2,4,Si1,3.0399607918091056,0.40243591709942805,-0.8551056925844164,3.0
8,2,7,Si1,-1.218714319336903,2.7385934629222835,-1.1108467098459123,4.0
