,neighbor_num,isite,atom,x,y,z,front_index
0,0,5,Si1,0.0,0.0,0.0,
1,1,22,O1,-0.7697513065198152,-1.3011624220369062,-0.5436867985804081,0.0
2,1,23,O1,1.511800490279689,0.0,-0.5436867985804075,0.0
3,1,21,O1,0.0,9.244463733058732e-33,1.6094692381134617,0.0
4,1,12,O1,-0.7545713992013015,1.323119775443696,-0.5229035075388893,0.0
5,2,4,Si1,-1.5395026130396303,-2.6023248440738125,-1.0873735971608163,1.0
6,2,4,Si1,3.023600980559378,0.0,-1.087373597160815,2.0
7,2,3,Si1,0.22951618553604158,-0.40245019117949155,3.149583812632256,3.0
8,2,0,Si1,-1.2430794516732135,2.1797049380581637,-1.7962039175556153,4.0
