,neighbor_num,isite,atom,x,y,z,front_index
0,0,11,Si1,0.0,0.0,0.0,
1,1,34,O1,6.162975822039155e-33,0.0,1.606591440709344,0.0
2,1,33,O1,-0.7448893690156424,-1.3186644024124947,-0.5446606743387132,0.0
3,1,35,O1,-0.7531600729941487,1.312216556273472,-0.5403458811259352,0.0
4,1,24,O1,1.5196255656583098,-3.1950415309826365e-17,-0.5330948837279557,0.0
5,2,10,Si1,-3.8515667908807594e-16,-2.2106460336086798e-16,3.2131828814186876,1.0
6,2,9,Si1,-1.8462899710788978,-2.450192880144834,-0.84987659185296,2.0
7,2,10,Si1,-1.5063201459882978,2.624433112546944,-1.0806917622518706,3.0
8,2,6,Si1,2.9360571462797065,0.7658753406517188,-0.5618825944723121,4.0
