,neighbor_num,isite,atom,x,y,z,front_index
0,0,3,Si1,0.0,0.0,0.0,
1,1,21,O1,1.5115175942682617,0.0,-0.5471689521467076,0.0
2,1,25,O1,-0.7623253123953091,1.3129779,-0.536142880848002,0.0
3,1,39,O1,-1.1102230246251565e-16,-6.162975822039155e-33,1.609319867180878,0.0
4,1,29,O1,-0.7623253123953088,-1.3129779000000004,-0.5361428808480017,0.0
5,2,5,Si1,3.107716939610914,-1.4086408225471747e-16,-0.7375027376487376,1.0
6,2,11,Si1,-1.5216363647782705,2.1087871999999996,-1.710545003962074,2.0
7,2,1,Si1,0.7231027650336508,1.892683870932146e-16,3.0470377901768217,3.0
8,2,9,Si1,-1.5216363647782698,-2.1087872000000005,-1.7105450039620738,4.0
