,neighbor_num,isite,atom,x,y,z,front_index
0,0,9,Si1,0.0,0.0,0.0,
1,1,47,O1,0.0,-6.162975822039155e-33,1.6111435108531453,0.0
2,1,23,O1,-0.7798233965606679,1.2981335638991953,-0.5438848990983345,0.0
3,1,29,O1,1.514356391192326,0.0,-0.5438848990983348,0.0
4,1,43,O1,-0.7536833974897551,-1.3319778988630093,-0.5090275762752159,0.0
5,2,16,Si1,-0.5984343203313841,-1.057607599235122,2.6694049820005716,1.0
6,2,1,Si1,-0.773627681433134,2.7257812546579063,-1.288387229972045,2.0
7,2,3,Si1,2.734971189619542,0.7404835107381581,-1.2883872299720451,3.0
8,2,11,Si1,-1.4434407043848865,-2.550979791996889,0.29071119497489195,4.0
