,neighbor_num,isite,atom,x,y,z,front_index
0,0,1,Si1,0.0,0.0,0.0,
1,1,39,O1,-0.7607637967693354,-1.3080823435275748,-0.547785964569732,0.0
2,1,23,O1,-0.7510831693294362,1.3201843740343793,-0.5343101419555076,0.0
3,1,27,O1,1.5188853507406332,-1.1102230246251565e-16,-0.5343101419555086,0.0
4,1,19,O1,5.551115123125783e-17,5.551115123125783e-17,1.6075071694943817,0.0
5,2,3,Si1,-1.5641488707958608,-2.6894491157772844,-0.35723755009484937,1.0
6,2,9,Si1,-0.7539031035779037,2.8982661374850935,-0.8485330864509125,2.0
7,2,11,Si1,2.8919164943960642,0.7779045460190757,-0.8485330864509144,3.0
8,2,7,Si1,-0.18317571405477617,-0.3149583593956934,3.173178651511967,4.0
