,neighbor_num,isite,atom,x,y,z,front_index
0,0,10,Si1,0.0,0.0,0.0,
1,1,42,O1,-0.7536833974897548,1.33197789886301,-0.5090275762752166,0.0
2,1,24,O1,1.5143563911923255,0.0,-0.5438848990983352,0.0
3,1,28,O1,-0.7798233965606687,-1.2981335638991962,-0.5438848990983352,0.0
4,1,48,O1,0.0,6.162975822039155e-33,1.6111435108531458,0.0
5,2,8,Si1,-1.4434407043848858,2.5509797919968893,0.2907111949748919,1.0
6,2,2,Si1,2.7349711896195426,-0.7404835107381588,-1.2883872299720456,2.0
7,2,0,Si1,-0.7736276814331358,-2.7257812546579077,-1.2883872299720454,3.0
8,2,17,Si1,-0.5984343203313836,1.0576075992351228,2.6694049820005725,4.0
