,neighbor_num,isite,atom,x,y,z,front_index
0,0,17,Si1,0.0,0.0,0.0,
1,1,46,O1,1.521523518043822,-1.3484228384392975e-17,-0.5306043677402511,0.0
2,1,53,O1,-0.7607617590219112,-1.3136941999999998,-0.540392362938012,0.0
3,1,48,O1,-1.1102230246251565e-16,1.1546244079081303e-16,1.6113890936162747,0.0
4,1,51,O1,-0.7607617590219107,1.3136941999999996,-0.5403923629380118,0.0
5,2,8,Si1,2.9206919706605032,-1.3336079493358513e-16,0.26821416845332136,1.0
6,2,15,Si1,-2.0678423651266704,-1.4727128,-1.4688517247643942,2.0
7,2,10,Si1,1.2149927595928378,-2.244436876036024e-18,2.6694892810754682,3.0
8,2,13,Si1,-2.06784236512667,1.4727127999999994,-1.4688517247643942,4.0
