,neighbor_num,isite,atom,x,y,z,front_index
0,0,9,Si1,0.0,0.0,0.0,
1,1,47,O1,-0.731684533987892,1.3280983320950106,-0.544587895177234,0.0
2,1,23,O1,0.0,0.0,1.609063722483434,0.0
3,1,29,O1,-0.7628068801238805,-1.3056108247223304,-0.5500837218240502,0.0
4,1,43,O1,1.5207431372048577,0.0,-0.5372645258754443,0.0
5,2,16,Si1,-0.18834539059790545,2.5336139753614946,-1.4655056005806597,1.0
6,2,1,Si1,-0.509550294165667,-0.6096513241906597,3.009486443349982,2.0
7,2,3,Si1,-1.6761473380072969,-2.606384400695353,-0.2926010068028774,3.0
8,2,11,Si1,2.337743939432106,1.0432528133841439,-1.4567459648648005,4.0
