,neighbor_num,isite,atom,x,y,z,front_index
0,0,3,Si1,0.0,0.0,0.0,
1,1,21,O1,-0.7686606981548985,1.3071648705390493,-0.5334416859568567,0.0
2,1,25,O1,0.0,-9.210278599429942e-33,1.6101242301421994,0.0
3,1,39,O1,1.5174809303697554,6.884966577457481e-33,-0.5358750422134061,0.0
4,1,29,O1,-0.7561809476255686,-1.3185223540428073,-0.5312148462049243,0.0
5,2,5,Si1,-1.2150080142935826,2.687562768996482,-1.225796374888722,1.0
6,2,11,Si1,-0.7512656969430361,-0.25706951099902703,3.009624563162405,2.0
7,2,1,Si1,2.752254113622835,0.6253414024593126,-1.3569680644662796,3.0
8,2,9,Si1,-1.9657756313727544,-2.374761715200895,-0.42960197298922165,4.0
