,neighbor_num,isite,atom,x,y,z,front_index
0,0,0,Si1,0.0,0.0,0.0,
1,1,38,O1,-0.7607637967693358,-1.3080823435275746,-0.5477859645697318,0.0
2,1,18,O1,-1.1102230246251565e-16,0.0,1.607507169494382,0.0
3,1,28,O1,1.5188853507406326,-5.551115123125783e-17,-0.5343101419555082,0.0
4,1,22,O1,-0.7510831693294352,1.3201843740343788,-0.5343101419555075,0.0
5,2,2,Si1,-1.5641488707958613,-2.689449115777284,-0.35723755009484925,1.0
6,2,6,Si1,-0.18317571405477662,-0.3149583593956927,3.1731786515119653,2.0
7,2,10,Si1,2.891916494396064,0.7779045460190761,-0.8485330864509146,3.0
8,2,8,Si1,-0.7539031035779022,2.898266137485094,-0.8485330864509137,4.0
