,neighbor_num,isite,atom,x,y,z,front_index
0,0,4,Si1,0.0,0.0,0.0,
1,1,30,O1,0.0,-1.232595164407831e-32,1.6101242301421992,0.0
2,1,36,O1,-0.7532755420282429,-1.3201843740343797,-0.5312148462049238,0.0
3,1,40,O1,-0.7692002057899261,1.3080823435275755,-0.5358750422134071,0.0
4,1,20,O1,1.5164165877684639,0.0,-0.5334416859568566,0.0
5,2,12,Si1,0.1592149433044484,-0.7779045460190763,3.0096245631624043,1.0
6,2,14,Si1,-1.0506285895548793,-2.8982661374850966,-0.42960197298922154,2.0
7,2,6,Si1,-0.8560479129279959,2.689449115777286,-1.3569680644662796,3.0
8,2,2,Si1,2.932582367801536,0.31495835939569283,-1.2257963748887213,4.0
