,neighbor_num,isite,atom,x,y,z,front_index
0,0,3,Si1,0.0,0.0,0.0,
1,1,21,O1,5.551115123125783e-17,5.551115123125783e-17,1.6075071694943819,0.0
2,1,25,O1,-0.7510831693294353,1.3201843740343793,-0.5343101419555082,0.0
3,1,39,O1,-0.7607637967693355,-1.3080823435275748,-0.5477859645697322,0.0
4,1,29,O1,1.518885350740633,0.0,-0.534310141955508,0.0
5,2,5,Si1,-0.18317571405477578,-0.31495835939569305,3.1731786515119667,1.0
6,2,11,Si1,-0.753903103577902,2.898266137485095,-0.8485330864509141,2.0
7,2,1,Si1,-1.5641488707958613,-2.6894491157772853,-0.3572375500948497,3.0
8,2,9,Si1,2.8919164943960642,0.7779045460190767,-0.8485330864509135,4.0
