,neighbor_num,isite,atom,x,y,z,front_index
0,0,14,Si1,0.0,0.0,0.0,
1,1,60,O1,0.0,0.0,1.6110810860591334,0.0
2,1,38,O1,-0.7461712871157438,-1.3232949624432084,-0.5303522645959972,0.0
3,1,56,O1,-0.7712195171982694,1.3054898698348347,-0.5337708017268578,0.0
4,1,54,O1,1.523518100408549,2.465190328815662e-32,-0.5202490383356864,0.0
5,2,8,Si1,-0.8848165432191692,-0.4490390548514617,2.8803509068306132,1.0
6,2,2,Si1,-2.073656640388378,-2.230338389133614,-0.6014078425065182,2.0
7,2,8,Si1,-1.0947639976487467,2.8381721186123734,-0.8946013799450803,3.0
8,2,22,Si1,2.83962156455532,0.926821421693563,-0.5224307636241621,4.0
9,3,40,O1,-2.4454883866391137,-0.29645305684242224,2.5195523726409403,5.0
10,3,48,O1,-0.5280994892869844,0.5051689367078946,4.126948883902565,5.0
11,3,56,O1,-0.5612720627686921,-1.9817213036290002,3.241181485048836,5.0
12,3,30,O1,-1.7235826403334324,-3.732207682781654,-0.1387561004480421,6.0
13,3,46,O1,-3.1995598214621728,-1.6237572965610902,0.3750671356885982,6.0
14,3,35,O1,-2.629038429187977,-2.240337299033261,-2.113843015674258,6.0
15,3,40,O1,-2.655435841068692,2.9907581166214134,-1.2553999141347536,7.0
16,3,60,O1,-0.20994745442957752,3.287211173463836,-2.16387120071656,7.0
17,3,48,O1,-0.7380469437165623,3.7923801101717296,0.351996597126871,7.0
18,3,70,O1,4.159045273003575,0.022760556055146566,-0.7267959315292815,8.0
19,3,78,O1,2.948166725473452,1.7352290264517987,0.8676631348423227,8.0
20,3,86,O1,2.7382562322962927,1.983725058334442,-1.7348024640340238,8.0
21,4,4,Si1,-3.6987179510890558,-0.6991068734687816,1.5936584267958036,9.0
22,4,16,Si1,0.6943778431831447,0.8666619461953124,5.109803406028238,10.0
23,4,14,Si1,0.20994745442957718,-3.2872111734638345,3.7749522867756924,11.0
24,4,7,Si1,-2.182052684168337,-5.259583270352209,0.09132670195987658,12.0
25,4,4,Si1,-3.6987179510890558,-0.6991068734687816,1.5936584267958036,13.0
26,4,7,Si1,-2.392000138597915,-1.972372096888374,-3.6836255848158164,14.0
27,4,4,Si1,-3.908665405518633,2.5881042999950536,-2.1812938599798906,15.0
28,4,14,Si1,-0.20994745442957718,3.2872111734638345,-3.7749522867756924,16.0
29,4,16,Si1,0.48443038875356714,4.153873119659147,1.3348511192525436,17.0
30,4,26,Si1,5.418081464455415,0.4195510576296408,-1.6494659491959152,18.0
31,4,24,Si1,3.202554779580675,3.3221563393909523,1.0013280057703744,19.0
