,neighbor_num,isite,atom,x,y,z,front_index
0,0,4,Si1,0.0,0.0,0.0,
1,1,32,O1,1.5147572725777858,-9.335412447154867e-33,-0.5456374440228502,0.0
2,1,40,O1,-0.7617108960396193,-1.3149092428530986,-0.5299096433561599,0.0
3,1,46,O1,-0.7551164351364066,1.3174144658261682,-0.5322783789320749,0.0
4,1,29,O1,0.0,3.166070837478957e-33,1.6112135372334602,0.0
5,2,1,Si1,2.975997322362261,0.6770802994944171,-0.5941023540792303,1.0
6,2,8,Si1,-2.0142497657217326,-1.9765320008613136,-1.2931634529940117,2.0
7,2,2,Si1,-1.7671979731390424,2.097903940255297,-1.509841225402461,3.0
8,2,1,Si1,-0.18960070576701893,-0.7897314411780632,3.001388216306039,4.0
9,3,37,O1,3.1235822009447998,1.7074280646570545,0.6333324599316715,5.0
10,3,29,O1,3.1655980281292795,1.4668117406724805,-1.984277033151809,5.0
11,3,45,O1,4.098323128761664,-0.4701840044137431,-0.47890088131184705,5.0
12,3,60,O1,-2.066934082121569,-1.4236101751293087,-2.8054742951465603,6.0
13,3,48,O1,-1.8343061067742297,-3.5759170600244907,-1.3299625873841594,6.0
14,3,56,O1,-3.37657271372757,-1.5862512436863434,-0.5343803953018562,6.0
15,3,30,O1,-3.145914897140589,2.3821583474654937,-0.7284649456240333,7.0
16,3,35,O1,-1.0999524539317742,3.49210412800055,-1.9648119015490473,7.0
17,3,38,O1,-2.0635786771368374,1.2019455714735239,-2.8134558601452277,7.0
18,3,32,O1,-1.6508407555514935,-1.4668117406724805,3.0498531263624193,8.0
19,3,37,O1,-0.04201582718448038,0.2406163239845745,4.228823030316941,8.0
20,3,45,O1,0.9327251006323838,-1.9369957450862227,3.1165896890734226,8.0
21,4,13,Si1,3.823407654915541,2.112945492743854,2.0243589231587915,9.0
22,4,4,Si1,3.1655980281292795,1.4668117406724803,-3.595490570385269,10.0
23,4,7,Si1,5.477614038027297,-1.0805233169248634,0.08158505899384694,11.0
24,4,14,Si1,-1.7568441356514328,-0.11267659683677785,-3.689148241950905,12.0
25,4,16,Si1,-2.614493207212134,-4.9075549194169295,-1.7873242995086662,13.0
26,4,14,Si1,-4.922442163780713,-1.5794883375092579,-0.09365767156563409,14.0
27,4,7,Si1,-3.9399094277177973,3.09927823571633,0.47624282551922004,15.0
28,4,7,Si1,-0.7743113995885174,4.5660899763888105,-3.1192477448660503,16.0
29,4,14,Si1,-1.756844135651432,-0.11267659683677718,-3.6891482419509054,17.0
30,4,4,Si1,-3.1655980281292795,-1.4668117406724803,3.595490570385269,18.0
31,4,13,Si1,0.6578096267862612,0.6461337520713735,5.619849493544063,19.0
32,4,7,Si1,2.312016009898016,-2.5473350575973432,3.6770756293791163,20.0
