,neighbor_num,isite,atom,x,y,z,front_index
0,0,16,Si1,0.0,0.0,0.0,
1,1,77,O1,-0.7548066407166252,1.3158304943097134,-0.5405608130533002,0.0
2,1,88,O1,-0.7622997779192062,-1.3125805474055563,-0.5348201860426663,0.0
3,1,90,O1,0.0,-2.776541264058006e-32,1.6106987773417045,0.0
4,1,70,O1,1.5189562612856529,9.361290713038468e-33,-0.5356720596424627,0.0
5,2,25,Si1,-0.36846275656857413,2.829934098382566,-0.9310942363642033,1.0
6,2,14,Si1,-2.168540778169617,-2.073785762271999,-0.34396236347873077,2.0
7,2,28,Si1,0.08932494880613218,-0.97558931647446,2.8889390686067404,3.0
8,2,20,Si1,3.0790948535868,0.19611977773383768,-0.18499016390132017,4.0
9,3,81,O1,0.016017495249759303,3.6386591284680527,0.407284143491986,5.0
10,3,83,O1,-1.6213017565816765,3.545806137552087,-1.6441648442410823,5.0
11,3,65,O1,0.8920979658428467,2.819168015238385,-1.930957284077522,5.0
12,3,53,O1,-3.33459095906758,-0.9869410448798358,-0.10899912172017312,6.0
13,3,60,O1,-2.0792158274797297,-3.049375085973889,0.9342779344357962,6.0
14,3,63,O1,-2.498342915927243,-2.940277089567956,-1.6597388271927032,6.0
15,3,94,O1,0.419127088447514,-0.10909799640593165,4.204715538970206,7.0
16,3,83,O1,1.2553751297040963,-2.062434033866623,2.6539758268481797,7.0
17,3,54,O1,-1.3169160495605228,-1.7367945385683319,3.0797968978201666,7.0
18,3,74,O1,3.7032455730603036,-1.2185838110354745,0.26157957825552236,8.0
19,3,68,O1,3.236641091321957,1.2585128781210497,1.0136575831168302,8.0
20,3,64,O1,3.8545960908385615,0.7361028515085035,-1.4878741225011214,8.0
21,4,26,Si1,0.8063884754160955,4.911160015568592,0.9981928775878509,9.0
22,4,28,Si1,-2.78735193747964,4.632650854944251,-1.4092016024825247,10.0
23,4,21,Si1,1.7868317009628099,3.5703691101264625,-3.038043068732611,11.0
24,4,11,Si1,-4.587429959080684,-0.2710690057103151,-0.8220697295970503,12.0
25,4,2,Si1,-2.0792158274797297,-3.049375085973889,2.544976711777502,13.0
26,4,13,Si1,-3.346475609188367,-4.160474214673736,-2.278313223136697,14.0
27,4,31,Si1,1.2672597798248837,1.1110991359272777,4.823289928264704,15.0
28,4,25,Si1,2.508214129717199,-2.7783060730361444,3.3670464347250597,16.0
29,4,2,Si1,-2.0792158274797297,-3.049375085973889,2.544976711777502,17.0
30,4,21,Si1,4.663508587248582,-2.0378710612922477,1.2600976023566521,18.0
31,4,23,Si1,4.251890352882084,2.2737040047760577,1.7409211195801275,19.0
32,4,24,Si1,5.232333576545042,0.9329131065613551,-2.2953148333898263,20.0
