,neighbor_num,isite,atom,x,y,z,front_index
0,0,17,Si1,0.0,0.0,0.0,
1,1,89,O1,5.551115123125783e-17,1.6653345369377348e-16,1.6093480904521102,0.0
2,1,71,O1,1.5168995387254751,-2.7755575615628914e-17,-0.5414688066684188,0.0
3,1,76,O1,-0.7562746804529815,-1.3168450058194752,-0.5360193620899916,0.0
4,1,91,O1,-0.7598643117676253,1.3154633501665027,-0.5352690476766792,0.0
5,2,15,Si1,-1.038807012640981,0.1314871726437017,2.8328532847689862,1.0
6,2,21,Si1,2.5928301194460786,0.6376815604908204,-1.556953321216323,2.0
7,2,24,Si1,-0.6912984163022111,-2.281636159646226,-1.8241357448857731,3.0
8,2,29,Si1,-1.0045177917664705,2.87296901236908,-0.20667732306870068,4.0
9,3,52,O1,-2.4365459819607507,-0.555927354064523,2.420664940454725,5.0
10,3,62,O1,-0.4402968886555837,-0.6048190445857826,4.1330391041749905,5.0
11,3,61,O1,-1.2834604931748093,1.6889928252590471,3.1614450065843354,5.0
12,3,74,O1,3.3134896260529683,1.8895732663443798,-0.8471703039087284,6.0
13,3,65,O1,3.695703110105018,-0.47304476470151,-1.9317181452165033,6.0
14,3,69,O1,1.8491786747290464,1.130756673424568,-2.8963994007515095,6.0
15,3,82,O1,-1.6060218708689447,-3.582808159517801,-1.5775988173228521,7.0
16,3,64,O1,0.8326661842672354,-2.7297813939170354,-2.0801691466653223,7.0
17,3,80,O1,-1.2381462446443594,-1.4822371201236737,-3.1106179821054836,7.0
18,3,55,O1,-2.0433248049424346,3.0044561754255503,1.0168278684555456,8.0
19,3,82,O1,0.39322117755329944,3.5603835390773044,0.20551102124556053,8.0
20,3,95,O1,-1.603027916286849,3.609275220011332,-1.5068631452673356,8.0
21,4,10,Si1,-3.3512694365274847,-1.8570993539360974,2.6672018680176457,9.0
22,4,12,Si1,-0.4991175402049699,-0.7441382840617591,5.735529247511733,10.0
23,4,3,Si1,-2.0433248049424324,3.0044561754255494,2.6261759589076554,11.0
24,4,20,Si1,3.8801539690590037,3.391316215079864,-0.9656377576455301,12.0
25,4,25,Si1,5.1659813233640755,-0.8340858959492622,-2.4764994176353836,13.0
26,4,22,Si1,2.0554953131201725,1.509486661800533,-4.446964903667872,14.0
27,4,29,Si1,-3.003760840188715,-4.270222686226026,-1.9897871616371134,15.0
28,4,20,Si1,1.8809109206367585,-3.7518754835152417,-2.7487475962139425,16.0
29,4,27,Si1,-1.229575089072159,-1.4083029161782146,-4.719213079453801,17.0
30,4,3,Si1,-2.0433248049424324,3.0044561754255494,2.6261759589076554,18.0
31,4,24,Si1,1.307944632120033,4.861555538948879,-0.04102590631736058,19.0
32,4,30,Si1,-1.5442072642024813,3.7485944690745407,-3.109353285811447,20.0
