,neighbor_num,isite,atom,x,y,z,front_index
0,0,27,Si1,0.0,0.0,0.0,
1,1,80,O1,1.5213118265606413,9.375808004875457e-33,-0.5279471988756633,0.0
2,1,85,O1,-0.7526486085242063,-1.314032199089686,-0.5453324491340659,0.0
3,1,67,O1,-0.752325055045558,1.3179475366325841,-0.5346743493473761,0.0
4,1,79,O1,5.551115123125783e-17,-5.237838797225104e-32,1.6106792571400956,0.0
5,2,24,Si1,2.4861801970144812,0.34397415147875177,-1.7704562448170438,1.0
6,2,30,Si1,-0.5005939958165356,-2.75046396154365,-1.230346648329459,2.0
7,2,23,Si1,-1.5135192148880479,2.0905207070099725,-1.7238777154515739,3.0
8,2,18,Si1,0.3787422285794312,1.0203199616315741,2.7976293059492887,4.0
9,3,76,O1,3.9891990212813275,0.551923529144383,-1.230105303659954,5.0
10,3,82,O1,2.4491512602468495,-0.8710488649018273,-2.8253950846289815,5.0
11,3,64,O1,1.9818206209362477,1.696228821329689,-2.481711531967695,5.0
12,3,56,O1,-0.7112978685764254,-3.9084167338681746,-0.13120011877622334,6.0
13,3,92,O1,-1.5474671106803728,-2.9608120716696065,-2.4359428031388566,6.0
14,3,95,O1,1.0015281430447374,-2.815972629959812,-1.8049613602168482,6.0
15,3,73,O1,-2.408616410377525,3.2770870156308813,-1.1023195184345929,7.0
16,3,68,O1,-0.43194863138805223,2.70451263990893,-2.74538411163763,7.0
17,3,75,O1,-2.4704828532153082,1.0594188712172188,-2.5058140929468005,7.0
18,3,72,O1,0.11985532864601123,2.5312442849332393,2.303404719876572,8.0
19,3,86,O1,-0.5355360384793157,0.7079192629245311,4.084681103692199,8.0
20,3,92,O1,1.9312891105764765,0.8430385971879231,3.1881674581858075,8.0
21,4,17,Si1,4.794267862822124,1.6312276847303193,-0.3467505514248126,9.0
22,4,29,Si1,1.9921116085391892,-2.4055869907696787,-3.005449759930798,10.0
23,4,20,Si1,0.968310710565603,2.4338929789585766,-3.4912360490790855,11.0
24,4,0,Si1,-1.625576135635176,-4.220817432575216,1.1558516789666864,12.0
25,4,18,Si1,-3.1000139926774186,-2.7835307072259563,-2.8264809553753745,13.0
26,4,29,Si1,1.9921116085391892,-2.4055869907696787,-3.005449759930798,14.0
27,4,19,Si1,-3.0633780223464955,4.733240301689211,-1.3146341862599773,15.0
28,4,20,Si1,0.968310710565603,2.4338929789585766,-3.4912360490790855,16.0
29,4,22,Si1,-2.716177091346825,0.12672433860342247,-3.7942589499303674,17.0
30,4,22,Si1,0.7625791299100255,3.9305750074609533,1.829851311394297,18.0
31,4,12,Si1,-0.7462399059948137,-0.4500335063631715,5.183827641199934,19.0
32,4,30,Si1,2.9781622254403137,1.0533867073138803,4.393763612995204,20.0
