,neighbor_num,isite,atom,x,y,z,front_index
0,0,0,Si1,0.0,0.0,0.0,
1,1,24,O1,-0.7768348859387428,-1.3136741386855273,-0.5103562883211469,0.0
2,1,40,O1,0.0,1.8488927466117464e-32,1.6123869445866919,0.0
3,1,33,O1,1.5189351678144676,1.232595164407831e-32,-0.5322852669108203,0.0
4,1,51,O1,-0.7615663752328915,1.3180059140572948,-0.5272151566224832,0.0
5,2,5,Si1,-0.9452529962904209,-2.8636175130404755,-0.9090875262375251,1.0
6,2,16,Si1,0.3289646659851163,-1.2367906311957673,2.5842257056426177,2.0
7,2,8,Si1,2.5605155917077003,-0.7030751176278637,-1.5390218549426038,3.0
8,2,6,Si1,-1.762589131096523,2.4899068418857198,-0.05851438603863501,4.0
9,3,28,O1,-0.06432199373368976,-3.7955683870698564,0.06349655060321424,5.0
10,3,48,O1,-2.4971726319318,-3.2832169507251607,-0.8063231785615691,5.0
11,3,45,O1,-0.44575033485165866,-3.057591638620926,-2.4298316825289445,5.0
12,3,65,O1,1.2257503076705447,-2.3228789394778904,1.798464780396848,6.0
13,3,57,O1,1.0532453265826678,-0.8274253705091845,3.964322398192013,6.0
14,3,36,O1,-0.9993695270238956,-2.049450769484848,3.0246359542930703,6.0
15,3,68,O1,4.003751549975556,-0.882003905015997,-0.8493575080914363,7.0
16,3,57,O1,2.7001255234928556,0.17742322803874955,-2.885168160310954,7.0
17,3,60,O1,1.9790000110001844,-2.152328113159556,-1.9461592159104901,7.0
18,3,27,O1,-0.9274546861871609,3.839152620959844,0.20936993651150662,8.0
19,3,46,O1,-2.4809582729887474,2.05159188319911,1.3168464509936664,8.0
20,3,31,O1,-2.881661787101197,2.7338840816131573,-1.1892854267323352,8.0
21,4,13,Si1,0.8019724095226377,-3.8333869220349897,1.4202672473116793,9.0
22,4,3,Si1,-3.809635886942438,-3.5567114021809743,-1.6994747580919447,10.0
23,4,21,Si1,0.8927976433648093,-2.4683537274080143,-3.0957351202532823,11.0
24,4,13,Si1,0.8019724095226388,-3.8333869220349888,1.4202672473116793,12.0
25,4,8,Si1,0.9136353947975122,-1.7079237161757974,5.310468703560364,13.0
26,4,21,Si1,-0.7540825535453797,-3.4732023259559477,3.7537554382496827,14.0
27,4,9,Si1,5.328436354717987,-1.7779542947165232,-1.0311967799530082,15.0
28,4,16,Si1,1.9758448628953054,-0.2319420326478324,-4.265264852860351,16.0
29,4,21,Si1,0.8927976433648093,-2.4683537274080143,-3.0957351202532823,17.0
30,4,3,Si1,-0.7007370168648623,5.424667635703387,0.36562920865688026,18.0
31,4,22,Si1,-3.2885063241959664,2.9963735116568477,2.335469646238704,19.0
32,4,14,Si1,-3.4090862135190694,3.7506729317076855,-2.320959791065178,20.0
