,neighbor_num,isite,atom,x,y,z,front_index
0,0,5,Si1,0.0,0.0,0.0,
1,1,8,O1,-0.7568367066566861,1.312350880657667,-0.5421447705045822,0.0
2,1,21,O1,-1.1102230246251565e-16,3.0814879110195774e-33,1.6088970911603884,0.0
3,1,19,O1,-0.7501690847762192,-1.3186114443878365,-0.5357798549029186,0.0
4,1,15,O1,1.517978442355854,1.232595164407831e-32,-0.5309613183945275,0.0
5,2,4,Si1,-2.0920772642295753,2.206382106371354,-0.6247789495873175,1.0
6,2,6,Si1,-0.43651484902500104,0.4603647143064905,3.087433180116808,2.0
7,2,6,Si1,-1.936853018577439,-2.1768581744691824,-1.2019207120098068,3.0
8,2,3,Si1,3.0359568847117075,7.395570986446986e-32,-1.061922636789055,4.0
