,neighbor_num,isite,atom,x,y,z,front_index
0,0,3,Si1,0.0,0.0,0.0,
1,1,12,O1,-0.7534157435941535,1.318611444387837,-0.5312046931063878,0.0
2,1,10,O1,1.5186742323375717,-1.1102230246251565e-16,-0.5312046931063872,0.0
3,1,17,O1,-0.7616251594869309,-1.3123508806576674,-0.5353969267421267,0.0
4,1,15,O1,-1.6653345369377348e-16,0.0,1.6081599650185168,0.0
5,2,0,Si1,-1.7740049650467031,2.1768581744691824,-1.431404693830626,1.0
6,2,0,Si1,2.7701749868167465,-0.46036471430649056,-1.4314046938306246,2.0
7,2,2,Si1,-1.2804777658335285,-2.206382106371356,-1.7684775109001876,3.0
8,2,5,Si1,-2.220446049250313e-16,1.6653345369377348e-15,3.2163199300370344,4.0
