,neighbor_num,isite,atom,x,y,z,front_index
0,0,19,Si1,0.0,0.0,0.0,
1,1,63,O1,-0.8243105493905329,1.297186056232946,-0.4843677646159235,0.0
2,1,43,O1,1.5300333212119355,-1.232595164407831e-32,-0.49212150482264944,0.0
3,1,75,O1,-0.7761507481912984,-1.2981683212501383,-0.5517076134180987,0.0
4,1,95,O1,0.0,-9.244463733058732e-33,1.610179595887941,0.0
5,2,11,Si1,-2.2339214414157413,1.8416016642747746,0.07493650523993334,1.0
6,2,7,Si1,3.136229935343266,-0.07930926266561415,-0.5267115809597656,2.0
7,2,15,Si1,-0.5664217828900084,-2.8378807403662045,-0.9748120739727715,3.0
8,2,3,Si1,-0.42026619307686064,-0.890999207740011,2.8837711092739386,4.0
