,neighbor_num,isite,atom,x,y,z,front_index
0,0,23,Si1,0.0,0.0,0.0,
1,1,36,O1,-1.3877787807814457e-17,0.0,1.6112679951638842,0.0
2,1,55,O1,1.5303176932004132,-1.1102230246251565e-16,-0.5081929104493861,0.0
3,1,79,O1,-0.724557366378313,-1.318737819820175,-0.574659101223278,0.0
4,1,68,O1,-0.791433832644477,1.2852148330015891,-0.562941483813918,0.0
5,2,4,Si1,0.4147392994300658,-0.941809282822996,2.8505879133470446,1.0
6,2,3,Si1,2.328817830665999,-0.7903759166856755,-1.6626753057853496,2.0
7,2,11,Si1,-1.286838375714932,-2.822818561371004,-0.4617540711885303,3.0
8,2,12,Si1,-1.0227802373595316,2.8709180404321755,-0.4125574911949761,4.0
