,neighbor_num,isite,atom,x,y,z,front_index
0,0,20,Si1,0.0,0.0,0.0,
1,1,39,O1,0.0,0.0,1.6112679987333547,0.0
2,1,76,O1,1.5046769700799574,0.0,-0.5746591045863688,0.0
3,1,52,O1,-0.7369043303938834,-1.3412099926390153,-0.5081929082043631,0.0
4,1,71,O1,-0.7452909870226414,1.312511349218289,-0.5629414851008372,0.0
5,2,7,Si1,0.6257137788939231,-0.81700410735328,2.850587907589192,1.0
6,2,8,Si1,3.0936512388280413,-0.23147264559395575,-0.4617540826871037,2.0
7,2,0,Si1,-0.428705655510853,-2.4216312719463966,-1.6626753123316949,3.0
8,2,15,Si1,-2.0236404750154238,2.2788438092349868,-0.4125574702828214,4.0
