,neighbor_num,isite,atom,x,y,z,front_index
0,0,3,Si1,0.0,0.0,0.0,
1,1,55,O1,-0.7006017058515794,-1.3597198207082022,-0.5054160853010681,0.0
2,1,95,O1,-5.551115123125783e-17,0.0,1.6101362067245988,0.0
3,1,83,O1,1.530305658034316,0.0,-0.49645461571642757,0.0
4,1,59,O1,-0.752398313033297,1.3255757101686378,-0.5130429771677187,0.0
5,2,23,Si1,-0.9000536249615702,-2.8255880466106236,0.13613013486259182,1.0
6,2,19,Si1,-0.9524895921855968,0.2516329549450248,2.8837620402320723,2.0
7,2,27,Si1,2.9990314343277586,0.6303223873221006,-0.6731941355117088,3.0
8,2,31,Si1,-1.9732618481754822,2.3662401232703827,-0.6333749577724052,4.0
