,neighbor_num,isite,atom,x,y,z,front_index
0,0,18,Si1,0.0,0.0,0.0,
1,1,74,O1,-0.730403860601573,-1.3513266459693065,-0.4821397793858907,0.0
2,1,94,O1,1.535720630113735,6.162975822039155e-33,-0.483983985896796,0.0
3,1,62,O1,5.551115123125783e-17,3.0814879110195774e-33,1.6114563826077526,0.0
4,1,42,O1,-0.716020654020879,1.291358159146162,-0.6347393696233785,0.0
5,2,14,Si1,-1.5583620698930578,-2.000112371527665,-1.7016807787059887,1.0
6,2,2,Si1,2.5921317207758072,-0.8325795769044078,-1.3690520396945414,2.0
7,2,10,Si1,0.8987959768850986,-0.8977328766165305,2.602644554958024,3.0
8,2,6,Si1,-1.0280655285438387,2.6044624702402785,-1.5098045412253511,4.0
