,neighbor_num,isite,atom,x,y,z,front_index
0,0,13,Si1,0.0,0.0,0.0,
1,1,69,O1,-0.758763871073069,-1.2652019187650265,-0.6435314144263858,0.0
2,1,65,O1,-2.7755575615628914e-17,0.0,1.6101412768036425,0.0
3,1,73,O1,-0.7407803970943229,1.3465574369763222,-0.4813994549733546,0.0
4,1,45,O1,1.5241736176585157,1.1102230246251565e-16,-0.5232750912711743,0.0
5,2,22,Si1,-0.985455929208856,-2.1393080257479764,-1.9775467880759996,1.0
6,2,29,Si1,0.2822090311814637,0.874772935070382,2.933235053071903,2.0
7,2,17,Si1,-2.092324364591856,2.2032578176540762,-0.3041267086573354,3.0
8,2,25,Si1,2.6894254209440027,1.1091281253295069,-0.4541714189424771,4.0
