,neighbor_num,isite,atom,x,y,z,front_index
0,0,27,Si1,0.0,0.0,0.0,
1,1,48,O1,1.1102230246251565e-16,-7.703719777548943e-34,1.6108154610951013,0.0
2,1,83,O1,-0.7348299957452241,-1.326636367541358,-0.5345646840518162,0.0
3,1,47,O1,-0.7644790474237497,1.3260248814922329,-0.4999820803788125,0.0
4,1,86,O1,1.5064845800589364,1.5407439555097887e-33,-0.5665879025698787,0.0
5,2,4,Si1,0.1337338247783978,-1.1521793965177276,2.7297874216524627,1.0
6,2,3,Si1,-1.7109070417258012,-2.1530444706830614,-1.5105902164276594,2.0
7,2,15,Si1,-0.7526961383111881,2.846352482722492,0.03423432510624644,3.0
8,2,10,Si1,2.575865259062899,0.9470141828226419,-1.3083099778958336,4.0
