,neighbor_num,isite,atom,x,y,z,front_index
0,0,17,Si1,0.0,0.0,0.0,
1,1,41,O1,-0.7160206682655867,-1.2913581646008367,-0.6347393649233961,0.0
2,1,93,O1,1.535720611792982,-6.878857307667652e-34,-0.4839839986284307,0.0
3,1,73,O1,-0.7304038712625394,1.3513266404316737,-0.4821397729114951,0.0
4,1,61,O1,-5.551115123125783e-17,3.9147704333909166e-33,1.6114563833031565,0.0
5,2,5,Si1,-1.0280655450637626,-2.6044624823488967,-1.5098045360663774,1.0
6,2,1,Si1,2.5921317019188588,0.8325795690918267,-1.3690520625932028,2.0
7,2,13,Si1,-1.5583620906643865,2.0001123674556385,-1.701680764587879,3.0
8,2,9,Si1,0.8987959928087552,0.8977328677676,2.6026445469051,4.0
