,neighbor_num,isite,atom,x,y,z,front_index
0,0,30,Si1,0.0,0.0,0.0,
1,1,91,O1,1.5357353725141445,0.0,-0.4902454467624508,0.0
2,1,32,O1,-0.7009993090689204,1.3256499305183818,-0.5925434192660196,0.0
3,1,58,O1,-1.1102230246251565e-16,5.551115123125783e-17,1.608716873067637,0.0
4,1,66,O1,-0.7758668044867714,-1.2826044000805668,-0.5902570800941688,0.0
5,2,11,Si1,2.363573067144519,-0.8100545669732243,-1.609461716420767,1.0
6,2,4,Si1,-0.8290731294605791,1.8266190880450597,-2.1194952577571744,2.0
7,2,2,Si1,0.04015348780993666,-0.658122574915621,3.075594395559783,3.0
8,2,14,Si1,-0.9483911935826492,-2.8809099218770475,-0.4996495449282724,4.0
