,neighbor_num,isite,atom,x,y,z,front_index
0,0,7,Si1,0.0,0.0,0.0,
1,1,35,O1,1.5194083127496987,-8.326672684688674e-17,-0.5388444084161436,0.0
2,1,51,O1,0.0,0.0,1.6116762535209732,0.0
3,1,39,O1,-0.7252779725566119,-1.3432373511783318,-0.5144050562930662,0.0
4,1,43,O1,-0.7629958061822939,1.3373498990356216,-0.4654961257157002,0.0
5,2,29,Si1,2.477984681755811,-1.241035109968467,-0.9141025352443553,1.0
6,2,24,Si1,-0.14100129255328797,1.1506884775659512,2.730050566268422,2.0
7,2,20,Si1,-0.993431976551749,-2.8627642702246843,-0.050383573840942955,3.0
8,2,19,Si1,-1.6757590393852804,2.386416900870526,-1.271416262000883,4.0
