,neighbor_num,isite,atom,x,y,z,front_index
0,0,16,Si1,0.0,0.0,0.0,
1,1,40,O1,-0.7955667690055366,1.243931261887062,-0.6347393727207162,0.0
2,1,60,O1,0.0,1.5407439555097887e-33,1.6114563840578278,0.0
3,1,92,O1,-0.7302280684028462,-1.3510013962277887,-0.48398399138958415,0.0
4,1,72,O1,1.5360903313931744,-3.0814879110195774e-33,-0.48213977093703125,0.0
5,2,4,Si1,-1.8023526430520698,2.1428178681419334,-1.5098045491485932,1.0
6,2,8,Si1,0.36237860160010804,-1.2175550282740761,2.602644554740627,2.0
7,2,0,Si1,-0.5001112481319889,-2.6762332222390364,-1.3690520455870043,3.0
8,2,12,Si1,2.500529269037374,0.41987529701764204,-1.7016807639152023,4.0
