,neighbor_num,isite,atom,x,y,z,front_index
0,0,6,Si1,0.0,0.0,0.0,
1,1,50,O1,-0.7495993786397125,-1.3483563090332649,-0.4664079561891588,0.0
2,1,34,O1,1.5099576171847116,5.551115123125783e-17,-0.5647857218805126,0.0
3,1,42,O1,-5.551115123125783e-17,-1.1102230246251565e-16,1.6085254085903622,0.0
4,1,38,O1,-0.7796063163763622,1.2640823724541055,-0.6238886507663284,0.0
5,2,25,Si1,-1.0287840107602821,-2.772041060962808,0.23352354662314456,1.0
6,2,28,Si1,2.093053144431701,0.6010100949671793,-1.9426978907672152,2.0
7,2,18,Si1,-0.055450329289393974,0.46198877038733643,3.1469262590014075,3.0
8,2,21,Si1,-1.690226956857473,1.655145730886127,-1.8943311134780743,4.0
