,neighbor_num,isite,atom,x,y,z,front_index
0,0,13,Si1,0.0,0.0,0.0,
1,1,69,O1,-0.8550409848562046,1.2652019187650265,-0.5086847821741332,0.0
2,1,65,O1,1.5228915172820077,7.36380022745514e-33,-0.5228349240987713,0.0
3,1,73,O1,-0.6958550937318824,-1.3465574369763222,-0.5443222579458409,0.0
4,1,45,O1,0.0,2.160172299964074e-32,1.6114968314927285,0.0
5,2,22,Si1,-2.190379226561443,2.1393080257479764,-0.2899198704654222,1.0
6,2,29,Si1,2.8659270986926795,-0.874772935070382,-0.6855448043921497,2.0
7,2,17,Si1,-0.9670531757533682,-2.2032578176540762,-1.8801921329610922,3.0
8,2,25,Si1,0.44373232636297577,-1.1091281253295067,2.691167478092835,4.0
