,neighbor_num,isite,atom,x,y,z,front_index
0,0,25,Si1,0.0,0.0,0.0,
1,1,84,O1,-0.7434361019669604,1.321729669239391,-0.5393061209451894,0.0
2,1,81,O1,1.5006765898834704,-1.28685639453484e-33,-0.5776403278350571,0.0
3,1,45,O1,1.1102230246251565e-16,8.317210677459048e-34,1.610202558992606,0.0
4,1,50,O1,-0.7663242083552783,-1.3256323910398307,-0.5001723821171553,0.0
5,2,8,Si1,-1.6466326208973627,2.5555503261335692,-0.036827109192935525,1.0
6,2,1,Si1,3.0899418370199045,0.23485390392605068,-0.4917206794828958,2.0
7,2,13,Si1,-1.1241535702953962,-0.40698572569238156,2.690741039281885,3.0
8,2,6,Si1,-0.7352550059881305,-2.190232582262184,-1.8599523496729133,4.0
