,neighbor_num,isite,atom,x,y,z,front_index
0,0,17,Si1,0.0,0.0,0.0,
1,1,41,O1,1.503149690320225,0.0,-0.5689697501083054,0.0
2,1,93,O1,-0.7360198867437378,-1.32155055704241,-0.5517763676642987,0.0
3,1,73,O1,1.1102230246251565e-16,0.0,1.6099789641230737,0.0
4,1,61,O1,-0.8631405720951196,1.2723578245925762,-0.4825822150575434,0.0
5,2,5,Si1,2.8849930089473608,-0.43580507683622705,-1.2674946143339076,1.0
6,2,1,Si1,-1.3973355677220867,-2.7073198197434336,-0.06716959026056618,2.0
7,2,13,Si1,0.8385461958622633,-0.48818532298188355,2.8953712508877447,3.0
8,2,9,Si1,-2.462558882135498,1.461251259234823,-0.433665407306577,4.0
