,neighbor_num,isite,atom,x,y,z,front_index
0,0,14,Si1,0.0,0.0,0.0,
1,1,70,O1,-0.8361421145623544,1.2746391138803834,-0.5164810570268243,0.0
2,1,74,O1,5.551115123125783e-17,-6.162975822039155e-33,1.6105023946098656,0.0
3,1,66,O1,1.5365264109163872,0.0,-0.4812915123116865,0.0
4,1,46,O1,-0.718950394732548,-1.3354323786899376,-0.5446583606000658,0.0
5,2,21,Si1,-2.3054321061314558,1.8945834906641892,-0.74430485514557,1.0
6,2,18,Si1,0.588262905818787,0.7712454282390532,2.895476913272634,2.0
7,2,30,Si1,2.987570027084438,-0.66890799519942,-0.27518162912293576,3.0
8,2,26,Si1,-0.5304146200319957,-2.890994824471236,-0.1739401543100548,4.0
