,neighbor_num,isite,atom,x,y,z,front_index
0,0,17,Si1,0.0,0.0,0.0,
1,1,57,O1,1.5198055204288172,2.220446049250313e-16,-0.5323107274480025,0.0
2,1,39,O1,5.551115123125783e-17,8.326672684688674e-17,1.6081304477124392,0.0
3,1,51,O1,-0.7569926560046074,1.3130051482006626,-0.5424799777078759,0.0
4,1,66,O1,-0.7551184978568574,-1.3137804752856523,-0.5371144488495709,0.0
5,2,23,Si1,2.8583489040717733,0.24174204605352312,-1.3914482508359016,1.0
6,2,6,Si1,-0.566224622336438,0.38780853417639244,3.06246113732183,2.0
7,2,15,Si1,-1.8340426865563098,2.4793873446531975,-0.2763583323134679,3.0
8,2,16,Si1,-1.5086814335644383,-2.6286263586322294,-1.0738063708911663,4.0
