,neighbor_num,isite,atom,x,y,z,front_index
0,0,8,Si1,0.0,0.0,0.0,
1,1,46,O1,-0.7620809769092223,1.3110775990451007,-0.5324290034017873,0.0
2,1,44,O1,1.5155249003950346,2.465190328815662e-32,-0.5365755219269138,0.0
3,1,30,O1,0.0,0.0,1.6088054235418192,0.0
4,1,28,O1,-0.7595842359979494,-1.3127656081939592,-0.5365940152332355,0.0
5,2,10,Si1,-1.524161953818445,2.6221551980902014,-1.064858006803575,1.0
6,2,9,Si1,3.0297434440590316,0.006694876497271962,-1.0767851063488236,2.0
7,2,2,Si1,-0.016724632437171483,-0.44071054730246906,3.157565582717,3.0
8,2,0,Si1,-1.3774250645220767,-2.792366421188385,-0.6856499620350498,4.0
