,neighbor_num,isite,atom,x,y,z,front_index
0,0,16,Si1,0.0,0.0,0.0,
1,1,50,O1,1.517835208296141,1.1102230246251565e-16,-0.5361727399979436,0.0
2,1,56,O1,-0.7570647367116002,-1.3163305350890673,-0.5359948108909787,0.0
3,1,66,O1,-5.551115123125783e-17,-1.1102230246251565e-16,1.6077048902738256,0.0
4,1,38,O1,-0.7645368340231324,1.308786570840058,-0.5372566223606916,0.0
5,2,14,Si1,2.779459599497698,0.8438765401814938,-1.0723454799958865,1.0
6,2,22,Si1,-1.0989376863041742,-2.79302421922599,-1.0752104823848305,2.0
7,2,17,Si1,-0.0018488636035806083,-0.0005613366790215846,3.215408619452457,3.0
8,2,7,Si1,-0.856087316343127,2.821899692843962,-1.0740906060710986,4.0
