,neighbor_num,isite,atom,x,y,z,front_index
0,0,0,Si1,0.0,0.0,0.0,
1,1,24,O1,-1.1102230246251565e-16,0.0,1.6097530638766586,0.0
2,1,28,O1,1.5187524047970444,-2.7755575615628914e-17,-0.5353080079779523,0.0
3,1,36,O1,-0.7546498341222385,-1.3125911822219853,-0.541933162919727,0.0
4,1,40,O1,-0.7561297343954999,1.3138617588693462,-0.5354905391826347,0.0
5,2,6,Si1,-0.688836796639961,-0.4948879395276011,2.9779251004149057,1.0
6,2,8,Si1,3.1090300021152517,0.19721605290233243,-0.678059129735455,2.0
7,2,15,Si1,-1.798400900620678,-2.5324739084868053,-0.4494486658194645,3.0
8,2,1,Si1,-1.51146523463612,2.6274688241783704,-1.0727239840246654,4.0
