,neighbor_num,isite,atom,x,y,z,front_index
0,0,18,Si1,0.0,0.0,0.0,
1,1,30,O1,-0.7505667602531578,-1.3303499177738187,-0.5093871634696244,0.0
2,1,59,O1,0.0,0.0,1.6103150209380794,0.0
3,1,70,O1,1.5105315619890414,0.0,-0.5564851891207495,0.0
4,1,61,O1,-0.7549293845286421,1.3236426951496754,-0.5168863801321419,0.0
5,2,2,Si1,-0.42639069770408156,-2.904289831879142,-0.6320220108841499,1.0
6,2,7,Si1,1.062554900643315,-0.42496930958505763,2.744705928014962,2.0
7,2,10,Si1,2.448031030376582,-0.17105911989458858,-1.8542457463741036,3.0
8,2,5,Si1,-0.5062767060238349,2.855445108772593,-0.9455683805007117,4.0
