,neighbor_num,isite,atom,x,y,z,front_index
0,0,6,Si1,0.0,0.0,0.0,
1,1,54,O1,0.0,0.0,1.6091188864125887,0.0
2,1,58,O1,-0.7188264290070051,1.343734574348587,-0.52357475081434,0.0
3,1,49,O1,-0.7949640356813673,-1.2916562321893736,-0.538920974073421,0.0
4,1,62,O1,1.51213577242343,5.551115123125783e-17,-0.5526847673909648,0.0
5,2,21,Si1,0.2928056635964642,0.7933530858798726,2.978250824979825,1.0
6,2,19,Si1,-0.38957516721339713,2.917050941808069,-0.42670534826519635,2.0
7,2,13,Si1,-1.6055978503685238,-1.9455981398373916,-1.7650712241811157,3.0
8,2,17,Si1,3.0046140661806398,-0.4864414049729393,-0.19912686236617327,4.0
