,neighbor_num,isite,atom,x,y,z,front_index
0,0,18,Si1,0.0,0.0,0.0,
1,1,30,O1,0.0,0.0,1.6101728626533736,0.0
2,1,59,O1,-0.7661837779166133,1.3215732230528767,-0.5094321360356704,0.0
3,1,70,O1,1.520697394048382,0.0,-0.5280727234105832,0.0
4,1,61,O1,-0.7615137946178394,-1.294183750504142,-0.5781911885801889,0.0
5,2,2,Si1,0.7794614308562567,0.760446273529627,2.79827118410093,1.0
6,2,7,Si1,-0.30054108687933984,2.779852221382146,-1.0124866145411198,2.0
7,2,10,Si1,2.9667257510688776,-0.6986799954268317,-0.41319368105934007,3.0
8,2,5,Si1,-0.7902951370441349,-2.3134699537373935,-1.8240813589303266,4.0
