,neighbor_num,isite,atom,x,y,z,front_index
0,0,17,Si1,0.0,0.0,0.0,
1,1,56,O1,-0.7418923600634375,1.3163689899222988,-0.5566712450892903,0.0
2,1,29,O1,-0.7968869000161946,-1.2956194969114447,-0.5282026461793607,0.0
3,1,62,O1,1.5193859521458044,8.88112068866268e-33,-0.5297038969424173,0.0
4,1,69,O1,-1.1102230246251565e-16,2.7735838483147285e-32,1.609776806105681,0.0
5,2,4,Si1,-1.8150862720633554,2.35503045735185,0.048226882162265894,1.0
6,2,1,Si1,-2.1665777291534374,-2.0710180672654572,-0.18161879165875328,2.0
7,2,6,Si1,3.009141315289017,0.4765404791500639,-0.14818957733426652,3.0
8,2,9,Si1,0.28975306051367544,-0.862522069396419,2.938101985952713,4.0
