,neighbor_num,isite,atom,x,y,z,front_index
0,0,5,Si1,0.0,0.0,0.0,
1,1,61,O1,-0.7544561501993111,1.3333431533693103,-0.4949818169773795,0.0
2,1,57,O1,0.0,-3.0814879110195774e-33,1.6113548836395535,0.0
3,1,50,O1,-0.7579079543684185,-1.3102370800173986,-0.5473881468658791,0.0
4,1,53,O1,1.521805946139015,0.0,-0.5228482121090443,0.0
5,2,18,Si1,-0.7882006799620338,2.4199008980745846,-1.6813095390449704,1.0
6,2,16,Si1,0.4919194116924395,1.0324472774876727,2.745013729266078,2.0
7,2,14,Si1,-1.9806424926080979,-2.3334842194429517,-0.3326856164081321,3.0
8,2,22,Si1,2.9990724512636255,0.6324058155070916,-0.4367488621469826,4.0
