,neighbor_num,isite,atom,x,y,z,front_index
0,0,4,Si1,0.0,0.0,0.0,
1,1,60,O1,-0.7132675722376467,1.3333431533693112,-0.5526847673909655,0.0
2,1,56,O1,1.523920615169551,3.708550070242439e-17,-0.5235747508143399,0.0
3,1,51,O1,-0.763951853409584,-1.3102370800173975,-0.53892097407342,0.0
4,1,52,O1,0.0,-1.2305570859440084e-16,1.6091188864125896,0.0
5,2,19,Si1,-1.8461881189793259,2.4199008980745846,-0.19912686236617438,1.0
6,2,17,Si1,2.7559041397009763,1.0324472774876734,-0.42670534826519596,2.0
7,2,15,Si1,-0.9582003842920674,-2.3334842194429495,-1.765071224181114,3.0
8,2,23,Si1,0.5614331304991657,0.6324058155070906,2.9782508249798254,4.0
