,neighbor_num,isite,atom,x,y,z,front_index
0,0,0,Si1,0.0,0.0,0.0,
1,1,28,O1,-0.7734237284882572,-1.3102366521195017,-0.5315185135045452,0.0
2,1,36,O1,0.0,-5.551115123125783e-17,1.60857440554335,0.0
3,1,32,O1,-0.7747559296308388,1.3018009821803,-0.5483808631104119,0.0
4,1,24,O1,1.5129434804770867,1.1102230246251565e-16,-0.5466153227539551,0.0
5,2,16,Si1,-0.663147979778289,-2.332843720548097,-1.770377137590316,1.0
6,2,20,Si1,-0.33347857609006804,0.32236146466542615,3.1498437758112994,2.0
7,2,15,Si1,-1.8590681125060384,1.5604254998329914,-1.7124286242016402,3.0
8,2,22,Si1,2.917415942528343,-0.4969497291705449,-1.155138993494786,4.0
