,neighbor_num,isite,atom,x,y,z,front_index
0,0,20,Si1,0.0,0.0,0.0,
1,1,36,O1,3.0814879110195774e-33,0.0,1.609545322859365,0.0
2,1,26,O1,-0.7696075456625627,-1.302056738098587,-0.5496866964609952,0.0
3,1,55,O1,-0.7288933752385065,1.3357131245574771,-0.5236902110336581,0.0
4,1,64,O1,1.5230852017155767,-1.5840226016370478e-17,-0.523221507693252,0.0
5,2,0,Si1,0.014653980868388126,-0.4633040864361553,3.149884961544745,1.0
6,2,2,Si1,-1.817907718888194,-2.240738271078617,-1.3292570990834287,2.0
7,2,7,Si1,-1.3551595072712754,2.1604711262824554,-1.7552861517013025,3.0
8,2,8,Si1,2.7302017177633155,0.9046587164634303,-1.0873674028443245,4.0
