,neighbor_num,isite,atom,x,y,z,front_index
0,0,0,Si1,0.0,0.0,0.0,
1,1,33,O1,1.5213654032066055,-7.435212547372306e-17,-0.5305246200605269,0.0
2,1,28,O1,-0.7652194876638485,1.3107172304572101,-0.5372795293226222,0.0
3,1,44,O1,-0.7533188975559839,-1.3137642093721464,-0.543724396011007,0.0
4,1,36,O1,-2.220446049250313e-16,1.35475863323359e-16,1.6093458410819725,0.0
5,2,5,Si1,3.09031935040761,0.23179711279555645,-0.2532820814609983,1.0
6,2,5,Si1,-1.245069644512251,2.2357349242027897,-1.766138819800804,2.0
7,2,6,Si1,-1.7317004077955835,-2.580742593173682,-0.38051479623008244,3.0
8,2,12,Si1,-0.3254536969572972,-0.7521770700026511,2.9940711634490804,4.0
