,neighbor_num,isite,atom,x,y,z,front_index
0,0,7,Si1,0.0,0.0,0.0,
1,1,30,O1,-0.7560819815406488,-1.3138464631199644,-0.5460371517590032,0.0
2,1,43,O1,1.5170931063753845,2.9761435097045392e-33,-0.5370498513137566,0.0
3,1,45,O1,-0.764422457140274,1.312941293718172,-0.5300428702746577,0.0
4,1,35,O1,0.0,-9.204521566428965e-33,1.6100341037217438,0.0
5,2,2,Si1,-0.6919060744526178,-2.7856583813737705,-1.1955453852576705,1.0
6,2,11,Si1,2.660430398781134,0.6602956076556078,-1.4568021104632725,2.0
7,2,1,Si1,-0.811084827976817,2.7966573523885403,-1.1509383996926896,3.0
8,2,2,Si1,-0.811103524467534,-0.0519809700554066,3.0012271578708782,4.0
