,neighbor_num,isite,atom,x,y,z,front_index
0,0,23,Si1,0.0,0.0,0.0,
1,1,79,O1,1.5141352569186026,-7.612893861374614e-17,-0.5523227115550113,0.0
2,1,87,O1,-0.7483780322972933,-1.3262908820201442,-0.5273027448520042,0.0
3,1,55,O1,0.0,2.6055779031024688e-17,1.6096990513678162,0.0
4,1,71,O1,-0.7794547325082539,1.2963338496450953,-0.5585149624512581,0.0
5,2,25,Si1,2.093253378260184,-1.0038604761140033,-1.6738414240047503,1.0
6,2,15,Si1,0.8230505631509973,-0.6008120201138937,2.856045372076938,3.0
7,2,27,Si1,-1.7837259751859338,1.3002102198839374,-1.8176253785429695,4.0
