,neighbor_num,isite,atom,x,y,z,front_index
0,0,9,Si1,0.0,0.0,0.0,
1,1,61,O1,-0.7528148058018416,1.3200996971859214,-0.5349662825941984,0.0
2,1,41,O1,-0.7699468736453731,-1.3054083920835677,-0.5405972748240188,0.0
3,1,57,O1,-1.1102230246251565e-16,-1.5003817986614763e-17,1.6074808281049706,0.0
4,1,49,O1,1.5100314417049254,4.333841082649137e-17,-0.5581859091953316,0.0
5,2,15,Si1,-2.21651417204622,1.8878882691721919,-0.8966050092746759,1.0
6,2,5,Si1,-2.1129605622900995,-2.188871972637131,-0.6167574360383644,2.0
7,2,15,Si1,0.3596737359381862,0.3806336050117236,3.1272661666107364,3.0
8,2,17,Si1,2.883739443872176,0.8301643681715415,-0.4361839314472046,4.0
