,neighbor_num,isite,atom,x,y,z,front_index
0,0,11,Si1,0.0,0.0,0.0,
1,1,63,O1,0.0,-2.1185229388259594e-33,1.6110810860591342,0.0
2,1,51,O1,-0.7749046596917857,-1.3117279331707576,-0.5202490383356878,0.0
3,1,59,O1,1.5162728461424444,-7.703719777548943e-34,-0.533770801726857,0.0
4,1,43,O1,-0.7598146411495048,1.3155085930690025,-0.5303522645959967,0.0
5,2,13,Si1,0.06342648042956633,0.9902088009690326,2.8803509068306155,1.0
6,2,19,Si1,-0.6463319562627167,-2.916282493159961,-0.5224307636241634,2.0
7,2,13,Si1,3.000454913496119,-0.5009985004902859,-0.8946013799450796,3.0
8,2,7,Si1,-0.865569612765504,2.9198031505097934,-0.6014078425065169,4.0
