,neighbor_num,isite,atom,x,y,z,front_index
0,0,7,Si1,0.0,0.0,0.0,
1,1,30,O1,-0.7670463880503932,1.3138464631199644,-0.5305246200605248,0.0
2,1,43,O1,-6.162975822039155e-33,-1.232595164407831e-32,1.6093458410819725,0.0
3,1,45,O1,-0.7547522232440511,-1.312941293718172,-0.5437243960110065,0.0
4,1,35,O1,1.517741915649015,-7.888863321780417e-17,-0.5372795293226209,0.0
5,2,2,Si1,-1.357906834538411,2.7856583813737705,-0.25328208146099657,1.0
6,2,11,Si1,-0.4854896126712262,-0.6602956076556078,2.994071163449081,2.0
7,2,1,Si1,-1.3556276361565256,-2.7966573523885403,-0.3805147962300853,3.0
8,2,2,Si1,2.558516572105409,0.051980970055406465,-1.7661388198007977,4.0
