,neighbor_num,isite,atom,x,y,z,front_index
0,0,19,Si1,0.0,0.0,0.0,
1,1,83,O1,-0.7510055534940957,-1.324804831503859,-0.5273027448520065,0.0
2,1,67,O1,1.5126239221185127,0.0,-0.5585149624512574,0.0
3,1,51,O1,-2.7755575615628914e-16,0.0,1.6096990513678144,0.0
4,1,75,O1,-0.7802335229565003,1.2976290787042537,-0.5523227115550116,0.0
5,2,25,Si1,2.033446732905521,-0.858673019769179,-1.8176253785429686,2.0
6,2,11,Si1,-0.9390196695419162,0.39576428998825186,2.8560453720769368,3.0
7,2,27,Si1,-1.9389714288158837,1.2766500535922907,-1.6738414240047503,4.0
