,neighbor_num,isite,atom,x,y,z,front_index
0,0,28,Si1,0.0,0.0,0.0,
1,1,108,O1,-0.7535888978177996,-1.3140028443772167,-0.5344010272942882,0.0
2,1,104,O1,1.520453918137058,-4.996175225037682e-65,-0.532930374617087,0.0
3,1,110,O1,-0.7527911845205709,1.3168040291981342,-0.5338353358320599,0.0
4,1,105,O1,0.0,0.0,1.6111470762682842,0.0
5,2,10,Si1,-1.5071777956355992,-2.6280056887544334,-1.0688020545885764,1.0
6,2,24,Si1,3.0233665580171194,0.5244806638225205,-0.29786322351713634,2.0
7,2,31,Si1,-1.6015019585393668,2.542816715082976,-1.1356912161731119,3.0
8,2,25,Si1,0.7189638886266305,0.5244806638225202,2.9517043840654478,4.0
9,3,61,O1,-1.5071777956356003,-2.6280056887544334,-2.679949130856863,5.0
10,3,71,O1,-0.754386611115029,-3.944809717952567,-0.534966718756517,5.0
11,3,60,O1,-3.0276317137726587,-2.6280056887544334,-0.5358716799714894,5.0
12,3,88,O1,3.7426387830167656,0.742725916487591,-1.720934660693525,6.0
13,3,83,O1,3.844443412735081,-0.5573533915738819,0.5644917082895267,6.0
14,3,96,O1,2.98501197701586,1.9212008482056755,0.5044512745890517,6.0
15,3,103,O1,-0.6489212076604366,3.4444686762632535,-2.0713239193865745,7.0
16,3,102,O1,-2.169375125797494,3.4444686762632535,0.07275353149879737,7.0
17,3,109,O1,-2.82914871966768,1.9815087096442663,-2.006266263392152,7.0
18,3,97,O1,1.4634284497271401,1.9212008482056764,2.6501216507722574,8.0
19,3,82,O1,1.8043692848335007,-0.5573533915738829,3.4413147961788146,8.0
20,3,89,O1,-0.38608266630786203,0.7427259164875909,4.101207302891938,8.0
21,4,1,Si1,-2.226141684262231,-3.152486352576953,-4.020506438654025,9.0
22,4,9,Si1,0.09432416290376802,-5.170822403837409,0.06688916158453584,10.0
23,4,0,Si1,-4.530544353652719,-3.152486352576953,-0.7709388310714407,11.0
24,4,36,Si1,4.507450478650137,1.6733783793432597,-2.7885251710747516,12.0
25,4,23,Si1,4.589168887620669,-1.9616532525312864,0.8125119105950922,13.0
26,4,32,Si1,2.6847384125670755,2.6569238026409723,1.9038589472945828,14.0
27,4,23,Si1,0.43804924392090905,4.629369855511679,-2.1312185616006354,15.0
28,4,22,Si1,-1.8663534254695802,4.629369855511679,1.1183490459819483,16.0
29,4,9,Si1,-4.0567954807959925,1.4202007042055556,-2.8768413106111925,17.0
30,4,32,Si1,2.6847384125670755,2.6569238026409723,1.9038589472945828,18.0
31,4,22,Si1,2.28476621823018,-1.9616532525312866,4.0620795181776765,19.0
32,4,36,Si1,-1.140595279659885,1.6733783793432608,5.176101318098248,20.0
