,neighbor_num,isite,atom,x,y,z,front_index
0,0,27,Si1,0.0,0.0,0.0,
1,1,99,O1,5.551115123125783e-17,-1.232595164407831e-32,1.6112128665134484,0.0
2,1,107,O1,-0.7582208085895158,-1.3141372753001561,-0.5359359686098264,0.0
3,1,91,O1,-0.7606764944027754,1.3128562774064816,-0.5365589483100147,0.0
4,1,80,O1,1.5196915178705168,4.930380657631324e-32,-0.5279449248668339,0.0
5,2,33,Si1,0.5742548607861588,-0.6779914208098825,2.9529853143556877,1.0
6,2,29,Si1,-1.1725297683128337,-2.841618296373804,-0.23436554976767737,2.0
7,2,37,Si1,-1.5265125484938868,2.705076746094255,-0.279619774430456,3.0
8,2,20,Si1,2.6763250704155923,0.12158634818085484,-1.6395220648995195,4.0
9,3,98,O1,0.7792361216719103,-2.256459188800712,2.7158851209423847,5.0
10,3,113,O1,-0.47983769187346437,-0.4557194480528532,4.15056642735475,5.0
11,3,115,O1,1.9827210063263796,-0.0004639587167679215,3.343404616568399,5.0
12,3,106,O1,0.020436815590433366,-3.5689212902413274,0.5679161876346791,6.0
13,3,111,O1,-2.5091484581410026,-2.865730899368708,0.6592320358188613,6.0
14,3,69,O1,-1.4294596461429578,-3.60948552696381,-1.6216114234263748,6.0
15,3,119,O1,-3.0391075337764666,2.4103843013015402,0.1854115260387239,7.0
16,3,90,O1,-1.5387556210907625,3.5659651184881125,-1.6395910063700883,7.0
17,3,117,O1,-0.7614385866105582,3.532639567027168,0.8711183378532872,7.0
18,3,84,O1,2.4563059735888197,1.4590048730194185,-2.5072888110497864,8.0
19,3,92,O1,4.109563840892658,0.18669886762023089,-0.9063141217946151,8.0
20,3,100,O1,2.6290474539142057,-1.16025253876373,-2.6109832479921984,8.0
21,4,26,Si1,1.1801348836011107,-3.4173546734621034,1.6730002962398154,9.0
22,4,34,Si1,-2.006993974360162,-0.795258423641788,4.534263488296423,10.0
23,4,39,Si1,2.7477949682097074,0.8270988622161434,4.494142728852139,11.0
24,4,26,Si1,1.1801348836011107,-3.4173546734621034,1.6730002962398154,12.0
25,4,30,Si1,-3.909873915095271,-2.9659767617189083,1.4425369227621059,13.0
26,4,11,Si1,-1.6863895239730828,-4.377352757553818,-3.008857297085072,14.0
27,4,38,Si1,-4.156009025418645,2.5856178366673612,1.3312150008923487,15.0
28,4,26,Si1,-1.7123525762055334,4.95851462423913,-2.4274906259165947,16.0
29,4,35,Si1,0.6470275589296616,4.210167029120282,1.2615376400659954,17.0
30,4,38,Si1,2.9392324125866356,2.9079570418127854,-3.0153440258826225,18.0
31,4,34,Si1,5.08824746364512,-0.47291921849636315,0.18770446152145093,19.0
32,4,30,Si1,3.1853675229100102,-2.6436375565734838,-2.9040221040128658,20.0
