,neighbor_num,isite,atom,x,y,z,front_index
0,0,28,Si1,0.0,0.0,0.0,
1,1,74,O1,-0.7547730657840299,-1.3136639972033246,-0.5445725647695796,0.0
2,1,88,O1,1.5144044226375248,0.0,-0.5422787775473991,0.0
3,1,94,O1,0.0,-6.162975822039155e-33,1.6086464275322165,0.0
4,1,86,O1,-0.7625669104166068,1.3124202647981744,-0.539586232140112,0.0
5,2,18,Si1,-1.9377209914997588,-2.4015199675328196,-0.5349339522240326,1.0
6,2,24,Si1,3.0288088452750515,-9.992007221626409e-16,-1.0845575550947972,2.0
7,2,29,Si1,-0.27098518770080426,-0.4765462372859215,3.1210002355373243,3.0
8,2,26,Si1,-2.074644475332729,1.940981100748121,-1.2313031434442125,4.0
