,neighbor_num,isite,atom,x,y,z,front_index
0,0,0,Si1,0.0,0.0,0.0,
1,1,48,O1,-0.7383733954021133,1.3304115674179942,-0.5209390974974604,0.0
2,1,36,O1,1.5174258336359787,0.0,-0.5360695757773903,0.0
3,1,40,O1,-0.773918738163172,-1.2981099997009644,-0.5466713138484272,0.0
4,1,32,O1,1.1102230246251565e-16,-1.232595164407831e-32,1.6118161613032185,0.0
5,2,1,Si1,-1.8229542045305838,2.2774335244024906,-1.2374596027994436,1.0
6,2,6,Si1,2.583501056307693,-0.6288806276052854,-1.5646338793035417,2.0
7,2,14,Si1,-1.5447608243736148,-2.1474129715377908,-1.6764685066387206,3.0
8,2,21,Si1,-0.7242156317658415,0.904769277571931,2.7320195405635244,4.0
