,neighbor_num,isite,atom,x,y,z,front_index
0,0,20,Si1,0.0,0.0,0.0,
1,1,76,O1,0.0,2.7755575615628914e-17,1.6071369916682516,0.0
2,1,70,O1,1.5130230917436156,0.0,-0.5483729337873903,0.0
3,1,82,O1,-0.7523301385546215,1.314148386048597,-0.5418312792068898,0.0
4,1,33,O1,-0.7697821476124033,-1.3056778037521863,-0.5482629440736837,0.0
5,2,26,Si1,0.14965598242200287,0.7011704323369082,3.04863547186958,1.0
6,2,18,Si1,3.0714673884028914,0.20628501214404205,-0.20391739437060347,2.0
7,2,21,Si1,-1.5858087639100706,2.6896046601746715,-0.5407486428289445,3.0
8,2,1,Si1,-2.1695677769143917,-1.5428407027811784,-1.3113522502247021,4.0
