,neighbor_num,isite,atom,x,y,z,front_index
0,0,3,Si1,0.0,0.0,0.0,
1,1,43,O1,-0.7739187381631717,-1.2981099997009635,-0.5466713138484282,0.0
2,1,49,O1,-0.7383733954021141,1.3304115674179948,-0.5209390974974611,0.0
3,1,67,O1,1.1102230246251565e-16,1.1315402828812538e-33,1.6118161613032176,0.0
4,1,39,O1,1.517425833635979,-3.180641192665627e-34,-0.5360695757773917,0.0
5,2,13,Si1,-1.5447608243736157,-2.1474129715377908,-1.6764685066387204,1.0
6,2,2,Si1,-1.822954204530584,2.27743352440249,-1.2374596027994413,2.0
7,2,22,Si1,-0.7242156317658396,0.9047692775719314,2.7320195405635244,3.0
8,2,5,Si1,2.583501056307692,-0.6288806276052858,-1.5646338793035435,4.0
