,neighbor_num,isite,atom,x,y,z,front_index
0,0,14,Si1,0.0,0.0,0.0,
1,1,52,O1,-0.7650758783421756,1.3124202647981726,-0.5360228494723371,0.0
2,1,63,O1,1.5144794246850843,0.0,-0.5423056343222836,0.0
3,1,40,O1,-0.7671428660019725,-1.3136639972033262,-0.527004252615689,0.0
4,1,58,O1,5.551115123125783e-17,1.6653345369377348e-16,1.6085667620221413,0.0
5,2,8,Si1,-1.8586276097175427,1.9409811007481192,-1.5381029024352921,1.0
6,2,15,Si1,2.8469486946713394,-0.47654623728592005,-1.307271422500482,2.0
7,2,0,Si1,-1.1568629649080469,-2.401519967532822,-1.643954091379987,3.0
8,2,10,Si1,9.992007221626409e-16,4.440892098500626e-16,3.2171335240442827,4.0
