,neighbor_num,isite,atom,x,y,z,front_index
0,0,3,Si1,0.0,0.0,0.0,
1,1,43,O1,2.905661822261152e-17,0.0,1.6071369916682519,0.0
2,1,49,O1,1.514261079844473,-1.3877787807814457e-17,-0.5418312792068887,0.0
3,1,67,O1,-0.7506790499079922,-1.316753601105055,-0.5482629440736839,0.0
4,1,39,O1,-0.7517150690848692,1.313074000603218,-0.5483729337873903,0.0
5,2,13,Si1,0.5341557653271701,0.4782410549356532,3.04863547186958,1.0
6,2,2,Si1,3.122045077481942,-0.03996495837691953,-0.5407486428289444,2.0
7,2,22,Si1,-0.2610450724395036,-2.6493843139376034,-1.3113522502247008,3.0
8,2,5,Si1,-1.3469727230376496,2.7680552573332564,-0.20391739437060355,4.0
