,neighbor_num,isite,atom,x,y,z,front_index
0,0,10,Si1,0.0,0.0,0.0,
1,1,54,O1,1.5178785341110914,-6.060771124671958e-17,-0.5395862321401117,0.0
2,1,58,O1,-0.7608215517510084,-1.3094164050046446,-0.5422787775473991,0.0
3,1,44,O1,-0.7566575720088258,1.3125794441110805,-0.5445725647695788,0.0
4,1,61,O1,0.0,-1.228168760261566e-16,1.6086464275322165,0.0
5,2,12,Si1,2.7205326810934607,0.8186936323145704,-1.2313031434442119,1.0
6,2,14,Si1,-1.5216431035020168,-2.618832810009288,-1.0845575550947981,2.0
7,2,4,Si1,-1.1029614849587264,2.8819328163673945,-0.5349339522240328,3.0
8,2,11,Si1,-0.27590126097866197,0.47371698556732317,3.1210002355373248,4.0
