,neighbor_num,isite,atom,x,y,z,front_index
0,0,19,Si1,0.0,0.0,0.0,
1,1,71,O1,-5.551115123125783e-17,1.232595164407831e-32,1.6093327035327403,0.0
2,1,81,O1,1.5209775017847627,-6.162975822039155e-33,-0.5226807745874209,0.0
3,1,35,O1,-0.7365550767218724,1.3293531377410739,-0.5368968168758659,0.0
4,1,75,O1,-0.7607147519975292,-1.3054920543772974,-0.5476247547724242,0.0
5,2,21,Si1,-0.2521659603032018,-0.8424824237596755,2.9571410893132954,1.0
6,2,18,Si1,2.851866931344554,-0.4479894189817318,-1.3066492432295873,2.0
7,2,6,Si1,-0.34013237141128894,2.480730910392926,-1.592893787134655,3.0
8,2,29,Si1,-0.8628787009158185,-2.87350929363452,-0.8981090220577588,4.0
