,neighbor_num,isite,atom,x,y,z,front_index
0,0,13,Si1,0.0,0.0,0.0,
1,1,57,O1,-0.7445182796546768,1.321628877315639,-0.535235153729498,0.0
2,1,55,O1,-1.1102230246251565e-16,0.0,1.610934060174531,0.0
3,1,62,O1,-0.764389715085529,-1.3088639031717078,-0.5388199840927801,0.0
4,1,43,O1,1.5200258093457992,0.0,-0.5305433965319001,0.0
5,2,9,Si1,-1.489036559309353,2.64325775463128,-1.0704703074589974,1.0
6,2,11,Si1,0.8324981051227114,-0.19791748141737797,2.9758091906340516,2.0
7,2,12,Si1,-1.0273523991436826,-2.6984772072276497,-1.3053503623530391,3.0
8,2,3,Si1,2.929118028699055,-0.6991134517674312,-0.860071557550686,4.0
