,neighbor_num,isite,atom,x,y,z,front_index
0,0,16,Si1,0.0,0.0,0.0,
1,1,64,O1,1.5197674644059243,3.113284155817811e-18,-0.5368968168758642,0.0
2,1,72,O1,-0.7732443770408439,1.2981099997009613,-0.5476247547724264,0.0
3,1,80,O1,-0.7371415211584563,-1.3304115674179975,-0.522680774587421,0.0
4,1,68,O1,0.0,-3.332101611376415e-17,1.6093327035327414,0.0
5,2,5,Si1,2.3347608944435327,-0.9047692775719306,-1.5928937871346533,1.0
6,2,30,Si1,-2.095288248134221,2.1474129715377868,-0.898109022057763,2.0
7,2,17,Si1,-1.7740169265099541,-2.277433524402495,-1.3066492432295878,3.0
8,2,22,Si1,-0.6147141303910295,0.6288806276052861,2.957141089313295,4.0
