,neighbor_num,isite,atom,x,y,z,front_index
0,0,12,Si1,0.0,0.0,0.0,
1,1,48,O1,1.516638217336705,-1.6653345369377348e-16,-0.5396549058367031,0.0
2,1,59,O1,-0.7588970292185334,-1.3153177716197373,-0.5349942005639446,0.0
3,1,62,O1,-0.7600190375129133,1.3137550315899107,-0.5378018346477987,0.0
4,1,72,O1,-1.1102230246251565e-16,1.6653345369377348e-16,1.608834113967416,0.0
5,2,0,Si1,3.0744640642394896,0.30685867162045743,-0.26862231726110286,1.0
6,2,11,Si1,-1.668240958804734,-1.9651887258954621,-1.6938581686145382,2.0
7,2,13,Si1,-2.1123222182917103,2.1837730750944386,-0.45320428744636143,3.0
8,2,20,Si1,0.15978901846677862,0.7576957678711361,3.020175461706309,4.0
