,neighbor_num,isite,atom,x,y,z,front_index
0,0,1,Si1,0.0,0.0,0.0,
1,1,37,O1,-0.7623750425161598,-1.3124821996460294,-0.5363716781026429,0.0
2,1,45,O1,-0.7588146587493629,1.315390525616963,-0.532830464399269,0.0
3,1,49,O1,0.0,4.2828662944586136e-49,1.6107272511809823,0.0
4,1,64,O1,1.5184730297473203,-2.5974535213666654e-49,-0.5335466574841968,0.0
5,2,25,Si1,-0.8219545832851994,-2.897257071824914,-0.8070857137518245,1.0
6,2,4,Si1,-0.7792180711823009,2.5538998727105713,-1.5602731746904934,2.0
7,2,13,Si1,-0.3222979072684814,-0.7707851870168605,2.986748019238507,3.0
8,2,0,Si1,2.570522520436338,-0.2676351447487044,-1.7218209003334128,4.0
