,neighbor_num,isite,atom,x,y,z,front_index
0,0,28,Si1,0.0,0.0,0.0,
1,1,91,O1,-0.7572027863352941,1.3157758494138048,-0.5362669022025588,0.0
2,1,40,O1,-0.7615037884886332,-1.3113834027735287,-0.537338587217501,0.0
3,1,80,O1,1.5180722959630646,-2.465190328815662e-32,-0.5356075091980212,0.0
4,1,94,O1,-1.1102230246251565e-16,-6.162975822039155e-33,1.6102211133134503,0.0
5,2,27,Si1,-1.1528060120365922,2.850013087746879,-0.2502275338294136,1.0
6,2,4,Si1,-1.0783894710835722,-2.8880907328608294,-0.46594344504973095,2.0
7,2,16,Si1,2.775047162376737,-0.826627832875058,-1.111057671086656,3.0
8,2,29,Si1,-0.9154241530052675,-0.11302366990433524,2.9300833424481216,4.0
