,neighbor_num,isite,atom,x,y,z,front_index
0,0,18,Si1,0.0,0.0,0.0,
1,1,70,O1,-0.7652072946995396,1.3111052588296728,-0.5357057058848885,0.0
2,1,78,O1,0.0,-5.551115123125783e-17,1.6093353364068408,0.0
3,1,82,O1,-0.7563901337292268,-1.3183006570253646,-0.533291309680379,0.0
4,1,33,O1,1.5164314492264748,5.551115123125783e-17,-0.53932183117268,0.0
5,2,10,Si1,-1.148431613692003,2.3381199302290843,-1.7132995205461403,1.0
6,2,23,Si1,0.8254980183133233,0.2307068270534618,2.971424763250549,2.0
7,2,30,Si1,-1.8953092057533165,-1.9684076436619684,-1.4669096219396995,3.0
8,2,19,Si1,2.8736848974543636,0.8031257615829992,-0.8607008381687772,4.0
