,neighbor_num,isite,atom,x,y,z,front_index
0,0,20,Si1,0.0,0.0,0.0,
1,1,72,O1,1.5178357058124543,1.7056254910465267e-33,-0.5363716781026433,0.0
2,1,34,O1,-0.7626951561227105,1.31303329771067,-0.5335466574841966,0.0
3,1,84,O1,0.0,-4.677780076027951e-33,1.6107272511809818,0.0
4,1,77,O1,-0.756290874126534,-1.3168432081795858,-0.5328304643992692,0.0
5,2,12,Si1,2.918126104153238,0.7444782854338065,-0.8070857137518274,1.0
6,2,21,Si1,-1.0596903513105098,2.357174358870053,-1.7218209003334128,2.0
7,2,24,Si1,0.8283859140038594,0.10845516600997498,2.986748019238506,3.0
8,2,17,Si1,-1.8169896135021388,-1.9565618075372648,-1.5602731746904919,4.0
