,neighbor_num,isite,atom,x,y,z,front_index
0,0,17,Si1,0.0,0.0,0.0,
1,1,77,O1,-0.758814658749361,1.3153905256169633,-0.5328304643992687,0.0
2,1,69,O1,-0.7623750425161605,-1.312482199646028,-0.5363716781026439,0.0
3,1,32,O1,1.5184730297473188,0.0,-0.5335466574841966,0.0
4,1,81,O1,0.0,-1.232595164407831e-32,1.610727251180982,0.0
5,2,20,Si1,-0.7792180711822968,2.5538998727105717,-1.5602731746904936,1.0
6,2,9,Si1,-0.821954583285202,-2.897257071824913,-0.8070857137518265,2.0
7,2,16,Si1,2.5705225204363367,-0.26763514474870576,-1.7218209003334115,3.0
8,2,29,Si1,-0.3222979072684835,-0.77078518701686,2.986748019238507,4.0
