,neighbor_num,isite,atom,x,y,z,front_index
0,0,3,Si1,0.0,0.0,0.0,
1,1,65,O1,-0.7587666846507937,1.315307363445537,-0.533546657484196,0.0
2,1,39,O1,-0.7559256540145004,-1.316207291972638,-0.5363716781026422,0.0
3,1,51,O1,0.0,-2.1570415377137042e-32,1.6107272511809816,0.0
4,1,47,O1,1.5185690373558196,0.0,-0.5328304643992676,0.0
5,2,2,Si1,-1.5162925400391218,2.092862043183151,-1.7218209003334133,1.0
6,2,27,Si1,-2.098892600551144,-2.1597124180257614,-0.8070857137518247,2.0
7,2,15,Si1,-0.506607955808102,-0.6643298312330955,2.9867480192385063,3.0
8,2,6,Si1,2.601566141235433,0.6011979499844582,-1.5602731746904914,4.0
