,neighbor_num,isite,atom,x,y,z,front_index
0,0,25,Si1,0.0,0.0,0.0,
1,1,89,O1,-0.7585077340613031,1.3155423059197344,-0.5349942005639441,0.0
2,1,37,O1,0.0,0.0,1.608834113967415,0.0
3,1,85,O1,-0.7594596446141421,-1.3127880752386565,-0.539654905836704,0.0
4,1,92,O1,1.5177553229720089,0.0,-0.5378018346477974,0.0
5,2,30,Si1,-0.8656742420416891,2.4280862282229423,-1.6938581686145366,1.0
6,2,1,Si1,0.5758398064606549,-0.5177295861429612,3.0201754617063084,2.0
7,2,21,Si1,-1.2739300372584677,-2.8148878817493435,-0.2686223172611044,3.0
8,2,24,Si1,2.948003473812638,0.7348778917513141,-0.4532042874463593,4.0
