,neighbor_num,isite,atom,x,y,z,front_index
0,0,5,Si1,0.0,0.0,0.0,
1,1,66,O1,-0.7587666846507943,1.3153073634455352,-0.5335466574841959,0.0
2,1,44,O1,1.5185690373558198,-6.2454918152501245e-34,-0.5328304643992687,0.0
3,1,53,O1,1.1102230246251565e-16,1.550647089448963e-33,1.610727251180982,0.0
4,1,41,O1,-0.7559256540144994,-1.3162072919726386,-0.5363716781026434,0.0
5,2,4,Si1,-1.5162925400391232,2.0928620431831493,-1.7218209003334124,1.0
6,2,0,Si1,2.6015661412354327,0.6011979499844596,-1.5602731746904916,2.0
7,2,9,Si1,-0.5066079558081018,-0.6643298312330956,2.9867480192385063,3.0
8,2,29,Si1,-2.0988926005511432,-2.159712418025763,-0.8070857137518277,4.0
