,neighbor_num,isite,atom,x,y,z,front_index
0,0,18,Si1,0.0,0.0,0.0,
1,1,70,O1,0.0,0.0,1.6098198057266653,0.0
2,1,78,O1,-0.7543714551024727,1.3168432081795853,-0.5355444872329422,0.0
3,1,82,O1,1.5186913003993388,2.553216837252074e-34,-0.5366740274956542,0.0
4,1,33,O1,-0.7571805514384755,-1.3130332977106691,-0.5413442060361688,0.0
5,2,10,Si1,0.21131351484559105,-0.7444782854338066,3.020296989954209,1.0
6,2,23,Si1,-2.07651818642327,1.9565618075372648,-1.1933045951000136,2.0
7,2,30,Si1,3.0920948499753065,-0.10845516600997662,-0.2140943523340415,3.0
8,2,19,Si1,-1.9765126023564712,-2.357174358870052,-0.4254512736044012,4.0
