,neighbor_num,isite,atom,x,y,z,front_index
0,0,20,Si1,0.0,0.0,0.0,
1,1,72,O1,-1.1102230246251565e-16,0.0,1.6098198057266648,0.0
2,1,34,O1,-0.7629499775220718,1.309689337275333,-0.5413442060361678,0.0
3,1,84,O1,-0.754906944504687,-1.3177779672794776,-0.5366740274956544,0.0
4,1,77,O1,1.5176140244482879,0.0,-0.5355444872329407,0.0
5,2,12,Si1,-0.7510276256849489,0.1867051806910724,3.020296989954208,1.0
6,2,21,Si1,-1.062855463326032,2.8867302072529046,-0.4254512736044005,2.0
7,2,24,Si1,-1.6311173329746158,-2.6291194971601883,-0.21409435233404006,3.0
8,2,17,Si1,2.7299109699411352,0.8292454289624576,-1.1933045951000127,4.0
