,neighbor_num,isite,atom,x,y,z,front_index
0,0,23,Si1,0.0,0.0,0.0,
1,1,87,O1,-0.7549069445046876,-1.317777967279479,-0.536674027495654,0.0
2,1,75,O1,0.0,0.0,1.6098198057266655,0.0
3,1,78,O1,1.5176140244482883,0.0,-0.5355444872329411,0.0
4,1,35,O1,-0.7629499775220714,1.3096893372753333,-0.5413442060361685,0.0
5,2,27,Si1,-1.6311173329746165,-2.6291194971601906,-0.2140943523340415,1.0
6,2,15,Si1,-0.7510276256849485,0.18670518069107245,3.0202969899542103,2.0
7,2,18,Si1,2.729910969941137,0.8292454289624589,-1.1933045951000127,3.0
8,2,22,Si1,-1.0628554633260323,2.886730207252906,-0.42545127360440077,4.0
