,neighbor_num,isite,atom,x,y,z,front_index
0,0,21,Si1,0.0,0.0,0.0,
1,1,62,O1,1.5176528446706499,0.0,-0.5371936614007037,0.0
2,1,69,O1,-5.551115123125783e-17,-1.1102230246251565e-16,1.6085332295778034,0.0
3,1,70,O1,-0.759887198677291,-1.3115731990599064,-0.5382623333005401,0.0
4,1,63,O1,-0.7548430029215226,1.3166177113639839,-0.5371936614007037,0.0
5,2,18,Si1,2.9744792900579697,-0.678966431578116,-0.6380461112422152,1.0
6,2,22,Si1,-8.881784197001252e-16,-1.3322676295501878e-15,3.2170664591556077,2.0
7,2,22,Si1,-1.5197743973545828,-2.6231463981198138,-1.0765246666010793,3.0
8,2,19,Si1,-2.0684599377888926,2.2427652458418526,-0.6380461112422152,4.0
9,3,65,O1,3.5998753339339538,-0.8206394735615895,0.8356741496698942,5.0
10,3,34,O1,3.9320984907955028,0.24516546533034744,-1.5416017332916754,5.0
11,3,66,O1,2.839988135256663,-2.132212672621496,-1.3111214132084492,5.0
12,3,52,O1,-1.5176528446706508,-1.5543122344752192e-15,3.7542601205563115,6.0
13,3,53,O1,0.7548430029215217,-1.3166177113639852,3.7542601205563115,6.0
14,3,70,O1,0.759887198677291,1.311573199059906,3.7553287924561465,6.0
15,3,69,O1,-1.519774397354582,-2.6231463981198124,-2.6850578961788836,7.0
16,3,52,O1,-3.037427242025233,-2.6231463981198138,-0.5393310052003755,7.0
17,3,53,O1,-0.7649313944330601,-3.9397641094837974,-0.5393310052003755,7.0
18,3,43,O1,-3.2623100591369263,1.403280644682435,-1.3111214132084492,8.0
19,3,35,O1,-1.743038829990536,3.5331742504230035,-1.5416017332916754,8.0
20,3,40,O1,-2.5024228604596357,2.7148538437423415,0.8356741496698942,8.0
21,4,5,Si1,4.225271377809937,-0.9623125155450645,2.3093944105820046,9.0
22,4,2,Si1,5.257285994833406,0.7373603189046829,-2.311373493306476,10.0
23,4,5,Si1,2.7054969804553552,-3.585458913664877,-1.9841967151746824,11.0
24,4,12,Si1,-3.0296878957573976,0.5020806889113785,3.9827217926462666,12.0
25,4,13,Si1,1.9424646730344994,-2.3786392660278644,3.9827217926462666,13.0
26,4,21,Si1,1.5197743973545819,2.6231463981198124,4.293591125756687,14.0
27,4,21,Si1,-1.5197743973545819,-2.6231463981198124,-4.293591125756687,15.0
28,4,12,Si1,-4.549462293111979,-2.121065709208434,-0.31086933311042064,16.0
29,4,13,Si1,0.4226902756799177,-5.001785664147677,-0.31086933311042064,17.0
30,4,4,Si1,-4.456160180484961,0.5637960435230163,-1.9841967151746824,18.0
31,4,3,Si1,-1.9751578251618749,4.927626998573302,-2.311373493306476,19.0
32,4,4,Si1,-2.936385783130379,3.1869424416428287,2.3093944105820046,20.0
