,neighbor_num,isite,atom,x,y,z,front_index
0,0,31,Si1,0.0,0.0,0.0,
1,1,81,O1,-1.1102230246251565e-16,-6.162975822039155e-33,1.6106077070338196,0.0
2,1,95,O1,-0.7591800509082347,-1.3158378853136492,-0.5323942231734715,0.0
3,1,87,O1,-0.7609137701216284,1.3142352759786027,-0.5348520835910888,0.0
4,1,93,O1,1.517851992706434,-1.232595164407831e-32,-0.5349346441192993,0.0
5,2,23,Si1,0.5004517025353991,0.9555415539722016,2.8070104019856394,1.0
6,2,30,Si1,-1.0118003751298184,-2.301706209965583,-1.7795806235284395,2.0
7,2,25,Si1,-0.7689207922285431,2.567320602104616,-1.5457840774216978,3.0
8,2,27,Si1,3.0198534934736894,0.5465990138469699,-0.7239114186047473,4.0
