,neighbor_num,isite,atom,x,y,z,front_index
0,0,1,Si1,0.0,0.0,0.0,
1,1,33,O1,1.5185404226326022,0.0,-0.5328738629477495,0.0
2,1,39,O1,0.0,1.232595164407831e-32,1.6111464621029747,0.0
3,1,36,O1,-0.7535537874131717,-1.3203700250617054,-0.5266926484080261,0.0
4,1,43,O1,-0.7619388347220277,1.309972952332914,-0.5386336343623438,0.0
5,2,9,Si1,2.905155432553474,0.8188093335553452,-0.571051769992938,1.0
6,2,6,Si1,0.04143310431097069,0.6661269082132192,3.075326624507372,2.0
7,2,0,Si1,-1.4803753051005304,-2.2559170172135827,-1.6153192131384153,3.0
8,2,10,Si1,-1.6819046954043984,2.6251610609438725,-0.4138452379924907,4.0
