,neighbor_num,isite,atom,x,y,z,front_index
0,0,10,Si1,0.0,0.0,0.0,
1,1,34,O1,-0.7572750366293437,1.3185886122348947,-0.5314753556130694,0.0
2,1,56,O1,1.5179378020275642,-7.16205439944155e-18,-0.5367823323111688,0.0
3,1,43,O1,-0.7602607897941805,-1.3113462040938209,-0.5422211303808971,0.0
4,1,60,O1,0.0,2.3869679096538944e-18,1.609500293109361,0.0
5,2,2,Si1,-0.9085096023309263,2.9119161700325042,-0.3630860190094196,1.0
6,2,12,Si1,3.034150895110299,-0.5029714863817963,-0.3358135635854945,2.0
7,2,1,Si1,-1.6041945943111093,-2.674019163666948,-0.4095401045725569,3.0
8,2,14,Si1,0.17485817094394973,-0.6092426515384654,3.0887831453193266,4.0
