,neighbor_num,isite,atom,x,y,z,front_index
0,0,20,Si1,0.0,0.0,0.0,
1,1,84,O1,-0.7620941960299261,1.3119455549170125,-0.5366582704617945,0.0
2,1,73,O1,0.0,3.0814879110195774e-33,1.6091194282877186,0.0
3,1,78,O1,-0.7646672203001103,-1.3132355839713716,-0.5344037047177316,0.0
4,1,82,O1,1.5175888537825666,-1.232595164407831e-32,-0.5332219500104602,0.0
5,2,21,Si1,-0.7587453439093619,2.574443845404731,-1.5346951704054352,1.0
6,2,19,Si1,-0.6670632325645067,0.039892207503689395,3.075144039378242,2.0
7,2,28,Si1,-2.2701726100019983,-1.8832623527872587,-0.5851992790192746,3.0
8,2,7,Si1,2.6895842884553907,-0.17374589244421534,-1.6211744503811665,4.0
