,neighbor_num,isite,atom,x,y,z,front_index
0,0,23,Si1,0.0,0.0,0.0,
1,1,50,O1,-0.756892715869276,-1.3122553334811975,-0.5408335543512772,0.0
2,1,85,O1,0.0,7.79526318337752e-34,1.6093448362436344,0.0
3,1,70,O1,1.5170180967451166,-1.3218389160072093e-33,-0.5365831050646456,0.0
4,1,81,O1,-0.7544022495595988,1.3208347981259339,-0.5302486759485646,0.0
5,2,4,Si1,-2.0289779381682096,-2.2384055587040415,-0.8746696288345316,1.0
6,2,22,Si1,-0.5774375855361179,-0.637039702085479,2.969762806839845,2.0
7,2,16,Si1,3.0223652077811507,0.5567703560251072,-0.6770457361420448,3.0
8,2,31,Si1,-0.7144880873788595,2.908962002553559,-0.2650769803039402,4.0
