,neighbor_num,isite,atom,x,y,z,front_index
0,0,9,Si1,0.0,0.0,0.0,
1,1,55,O1,-0.7585417732351049,1.3149275605444495,-0.5365168514442539,0.0
2,1,59,O1,-0.7630203238958508,-1.313877182016011,-0.5310536031500543,0.0
3,1,44,O1,1.517598026201206,1.232595164407831e-32,-0.5371455301791942,0.0
4,1,33,O1,1.1102230246251565e-16,1.232595164407831e-32,1.6107785269991521,0.0
5,2,15,Si1,-1.576797052690955,2.0252656063799166,-1.7273774914995976,1.0
6,2,13,Si1,-1.2310815972510638,-2.422091614344635,-1.6000761293886627,2.0
7,2,2,Si1,2.800563254755024,-0.5994061009018361,-1.299653670654604,3.0
8,2,1,Si1,-0.8940330288829419,-0.22054173878096378,2.9306216440793316,4.0
