,neighbor_num,isite,atom,x,y,z,front_index
0,0,8,Si1,0.0,0.0,0.0,
1,1,58,O1,-0.7643689673988242,1.3108370615666285,-0.5365980723423401,0.0
2,1,54,O1,0.0,1.232595164407831e-32,1.610052937651443,0.0
3,1,32,O1,-0.759496444605452,-1.3151664362565685,-0.5367586398006444,0.0
4,1,45,O1,1.5180061733390227,2.465190328815662e-32,-0.5359909956574834,0.0
5,2,12,Si1,-0.9699611769100194,2.872874463341579,-0.8649283086691251,1.0
6,2,14,Si1,0.08442114821354418,0.8537172926441523,2.9725178845339832,2.0
7,2,0,Si1,-2.1904812987311058,-2.024187907454638,-0.735480731237826,3.0
8,2,3,Si1,2.773885356749249,0.5514219871710555,-1.3758763301179493,4.0
