,neighbor_num,isite,atom,x,y,z,front_index
0,0,11,Si1,0.0,0.0,0.0,
1,1,61,O1,1.5174167918864534,-2.465190328815662e-32,-0.5365980723423415,0.0
2,1,57,O1,0.0,0.0,1.6100529376514436,0.0
3,1,35,O1,-0.7535394360872663,-1.3185886100999842,-0.5367586398006434,0.0
4,1,42,O1,-0.7646658567536236,1.311346205168807,-0.5359909956574822,0.0
5,2,15,Si1,2.9703629003503287,0.6092426503908037,-0.8649283086691277,1.0
6,2,13,Si1,0.694967504676579,0.5029714837532677,2.972517884533982,2.0
7,2,3,Si1,-0.6452048016628714,-2.9119161678673833,-0.7354807312378238,3.0
8,2,0,Si1,-0.9209384764599169,2.674019166516812,-1.3758763301179489,4.0
