,neighbor_num,isite,atom,x,y,z,front_index
0,0,10,Si1,0.0,0.0,0.0,
1,1,34,O1,-0.7535394455381186,-1.3185886122348947,-0.5367586410521186,0.0
2,1,56,O1,-1.1102230246251565e-16,7.703719777548943e-34,1.610052931771403,0.0
3,1,43,O1,-0.7646658606554011,1.3113462040938209,-0.5359909927210937,0.0
4,1,60,O1,1.5174167811968686,3.851859888774472e-34,-0.5365980857785967,0.0
5,2,2,Si1,-0.6452048106054912,-2.9119161700325042,-0.7354807319700079,1.0
6,2,12,Si1,0.6949675190058813,0.5029714863817963,2.9725178807390584,2.0
7,2,1,Si1,-0.9209384938425218,2.674019163666948,-1.3758763331889072,3.0
8,2,14,Si1,2.9703628874530565,0.6092426515384654,-0.8649283297453955,4.0
