,neighbor_num,isite,atom,x,y,z,front_index
0,0,7,Si1,0.0,0.0,0.0,
1,1,37,O1,-0.7363599760743638,1.326783760158983,-0.5360695757773908,0.0
2,1,51,O1,1.5215749109909942,0.0,-0.5209390974974599,0.0
3,1,34,O1,-5.551115123125783e-17,0.0,1.6118161613032187,0.0
4,1,47,O1,-0.7594628069725785,-1.3066200784577906,-0.5466713138484293,0.0
5,2,1,Si1,-1.8035645097977433,1.953746045605264,-1.5646338793035426,1.0
6,2,6,Si1,2.875931220305402,-0.4887587400351735,-1.2374596027994413,2.0
7,2,18,Si1,1.1425379422325654,-0.1941720306609671,2.7320195405635257,3.0
8,2,9,Si1,-1.1279975438492031,-2.39275782642506,-1.6764685066387215,4.0
9,3,41,O1,-2.172044329746706,0.8744768769412714,-2.6970163208179785,5.0
10,3,33,O1,-1.179566546636939,3.2736624979115017,-2.2475675794097296,5.0
11,3,48,O1,-3.1310997857118883,2.364189864107652,-0.7548476629998466,5.0
12,3,46,O1,2.614288516734155,-1.8799823461380996,-1.9983336288237104,6.0
13,3,36,O1,3.344132674756228,0.6333122220841056,-2.29182951164493,6.0
14,3,35,O1,4.018469162537967,-0.6829307706961385,-0.11725622353913345,6.0
15,3,81,O1,2.4968942515469728,-0.6829307706961414,2.015499035261544,7.0
16,3,74,O1,1.404180645803811,1.1970515754419582,3.492893566587793,7.0
17,3,70,O1,0.6743364877817377,-1.3162429927802468,3.786389449409013,7.0
18,3,57,O1,-1.775972491240281,-3.685771149605471,-0.9723860956143611,8.0
19,3,53,O1,-2.1916572391507327,-1.751544878608913,-2.702422966824155,8.0
20,3,60,O1,0.20146693417846828,-2.819378132997319,-2.4753819215310773,8.0
21,4,15,Si1,-2.934244156986972,-0.4311802886665166,-3.2504289570424363,9.0
22,4,20,Si1,-1.6981065257087027,4.7877509808787035,-2.4388884974730076,10.0
23,4,0,Si1,-4.679495730103145,2.442504785640438,-0.3271742765041008,11.0
24,4,8,Si1,1.7479336764561986,-2.881516566460234,-2.9139281094381633,12.0
25,4,0,Si1,3.481489571558039,1.055561709490683,-3.8386941482391777,13.0
26,4,19,Si1,4.018469162537967,-0.6829307706961407,1.4945599377640841,14.0
27,4,19,Si1,4.018469162537967,-0.6829307706961407,1.4945599377640835,15.0
28,4,28,Si1,2.2705354860817675,2.198585795764092,4.408488047202245,16.0
29,4,20,Si1,0.536979590979926,-1.7384924801868233,5.3332540860032625,17.0
30,4,13,Si1,-2.4239474386313593,-4.978784472785884,-0.26830368459000187,18.0
31,4,15,Si1,-2.934244156986972,-0.4311802886665166,-3.2504289570424363,19.0
32,4,8,Si1,1.7479336764561981,-2.881516566460234,-2.9139281094381633,20.0
