,neighbor_num,isite,atom,x,y,z,front_index
0,0,4,Si1,0.0,0.0,0.0,
1,1,65,O1,1.1102230246251565e-16,2.465190328815662e-32,1.6118161613032174,0.0
2,1,50,O1,1.521574910990995,1.0103772464402067e-33,-0.5209390974974611,0.0
3,1,44,O1,-0.7594628069725776,-1.3066200784577915,-0.5466713138484287,0.0
4,1,38,O1,-0.7363599760743644,1.3267837601589823,-0.5360695757773916,0.0
5,2,17,Si1,1.142537942232566,-0.1941720306609651,2.732019540563525,1.0
6,2,5,Si1,2.8759312203054037,-0.48875874003517245,-1.2374596027994418,2.0
7,2,10,Si1,-1.127997543849203,-2.3927578264250613,-1.6764685066387206,3.0
8,2,2,Si1,-1.803564509797745,1.9537460456052627,-1.5646338793035435,4.0
9,3,80,O1,2.496894251546974,-0.6829307706961399,2.015499035261541,5.0
10,3,73,O1,1.4041806458038106,1.197051575441959,3.492893566587789,5.0
11,3,69,O1,0.6743364877817384,-1.316242992780246,3.786389449409013,5.0
12,3,39,O1,3.3441326747562314,0.6333122220841063,-2.2918295116449316,6.0
13,3,45,O1,2.614288516734157,-1.8799823461380987,-1.9983336288237095,6.0
14,3,64,O1,4.0184691625379685,-0.6829307706961375,-0.11725622353913434,6.0
15,3,54,O1,-2.191657239150733,-1.7515448786089163,-2.702422966824154,7.0
16,3,58,O1,-1.7759724912402806,-3.685771149605474,-0.9723860956143602,7.0
17,3,61,O1,0.2014669341784695,-2.8193781329973198,-2.4753819215310764,7.0
18,3,66,O1,-1.1795665466369414,3.2736624979114977,-2.247567579409732,8.0
19,3,42,O1,-2.172044329746708,0.8744768769412681,-2.6970163208179776,8.0
20,3,49,O1,-3.131099785711889,2.3641898641076495,-0.7548476629998485,8.0
21,4,16,Si1,4.018469162537969,-0.6829307706961383,1.4945599377640826,9.0
22,4,31,Si1,2.270535486081768,2.198585795764095,4.408488047202244,10.0
23,4,23,Si1,0.5369795909799282,-1.7384924801868216,5.3332540860032625,11.0
24,4,3,Si1,3.481489571558041,1.055561709490684,-3.8386941482391803,12.0
25,4,11,Si1,1.7479336764562006,-2.881516566460234,-2.913928109438163,13.0
26,4,16,Si1,4.01846916253797,-0.6829307706961376,1.494559937764083,14.0
27,4,12,Si1,-2.934244156986974,-0.43118028866652,-3.250428957042436,15.0
28,4,14,Si1,-2.423947438631358,-4.978784472785885,-0.2683036845899984,16.0
29,4,11,Si1,1.7479336764562006,-2.881516566460234,-2.913928109438163,17.0
30,4,23,Si1,-1.6981065257087051,4.787750980878698,-2.4388884974730103,18.0
31,4,12,Si1,-2.934244156986974,-0.43118028866652,-3.250428957042436,19.0
32,4,3,Si1,-4.679495730103148,2.4425047856404354,-0.3271742765041019,20.0
