,neighbor_num,isite,atom,x,y,z,front_index
0,0,0,Si1,0.0,0.0,0.0,
1,1,48,O1,-1.1102230246251565e-16,6.162975822039155e-33,1.6082809931907784,0.0
2,1,36,O1,-0.7695685850892282,-1.3130740006032162,-0.5230225735507273,0.0
3,1,40,O1,1.5131839565133,1.232595164407831e-32,-0.5414458640891399,0.0
4,1,32,O1,-0.7691159895902928,1.3167536011050567,-0.5220841755614254,0.0
5,2,1,Si1,0.5426831865540115,0.03996495837691666,3.1217093906355458,1.0
6,2,6,Si1,-0.6457927015094549,-2.7680552573332546,-1.1995289104525515,2.0
7,2,14,Si1,3.05037015551324,-0.47824105493565555,-0.5241588846216774,3.0
8,2,21,Si1,-1.3226370696528829,2.6493843139376057,0.19601131598548305,4.0
9,3,37,O1,0.00041323465255871383,-1.2563700301478862,3.9061905232647454,5.0
10,3,41,O1,2.14980492507581,0.046882842772467154,3.1206275243578943,5.0
11,3,33,O1,-0.010837893508580665,1.372595671209466,3.839804882182454,5.0
12,3,51,O1,-1.1697373476908548,-2.68482695099727,-2.7177920002433216,6.0
13,3,46,O1,0.886687184528103,-3.25185721071077,-1.1813525855519624,6.0
14,3,35,O1,-1.5615922287758899,-3.817160995616838,-0.38796270021627305,6.0
15,3,52,O1,3.160016261271254,-1.9372862981230952,-1.1981568490508054,7.0
16,3,63,O1,3.582779661666157,-0.5438885187553817,0.9924075850934495,7.0
17,3,58,O1,3.936764578268499,0.5678666586995256,-1.3652597148814891,7.0
18,3,82,O1,-0.7799538830988717,2.6893492723145243,1.709439713430249,8.0
19,3,77,O1,-2.9297588081746815,2.6424664295420572,0.19709318226313421,8.0
20,3,71,O1,-0.7803671177514302,3.9457193024624075,-0.5884698166437173,8.0
21,4,7,Si1,0.3514877514201078,-2.6946122747995105,4.537187892542851,9.0
22,4,15,Si1,3.5930533420672517,-0.4382760965587387,2.597550506013868,10.0
23,4,20,Si1,-0.779953883098872,2.6893492723145225,3.317720706621029,11.0
24,4,7,Si1,-1.1884758880634665,-2.808020215710171,-4.321238301088098,12.0
25,4,8,Si1,2.4027035999665234,-3.2586156387402005,-1.7232043258396288,13.0
26,4,19,Si1,-2.6929866655700225,-4.882143845627914,-0.8165761570883269,14.0
27,4,8,Si1,2.4027035999665234,-3.2586156387402005,-1.7232043258396288,15.0
28,4,15,Si1,3.5930533420672517,-0.4382760965587387,2.597550506013868,16.0
29,4,10,Si1,4.823159001023758,1.6139743723347064,-2.2063605451413006,17.0
30,4,20,Si1,-0.779953883098872,2.6893492723145225,3.317720706621029,18.0
31,4,27,Si1,-4.373007225166121,3.1276253688732605,0.7201702006071601,19.0
32,4,19,Si1,-1.1314416345189793,5.3839615471140325,-1.2194671859218214,20.0
