,neighbor_num,isite,atom,x,y,z,front_index
0,0,0,Si1,0.0,0.0,0.0,
1,1,54,O1,1.526211694842808,0.0,-0.5160906690708658,0.0
2,1,36,O1,-2.220446049250313e-16,1.6653345369377348e-16,1.6087077408238657,0.0
3,1,30,O1,-0.7479291374878712,1.3204857458470476,-0.5384568366262755,0.0
4,1,48,O1,-0.7413387607925355,-1.3097452013180448,-0.5761226911419005,0.0
5,2,12,Si1,2.396618129451184,0.5422212711186184,-1.7560392150952606,1.0
6,2,26,Si1,-0.5789320876592186,0.24364082674796006,3.091501301157225,2.0
7,2,11,Si1,-0.9931652681450862,2.9086293794166114,-0.4351349061963634,3.0
8,2,10,Si1,-0.8731820248452785,-2.208811702439336,-1.9069982623968103,4.0
