,neighbor_num,isite,atom,x,y,z,front_index
0,0,26,Si1,0.0,0.0,0.0,
1,1,36,O1,-0.7582475052767002,1.3239663444592373,-0.5151444424885849,0.0
2,1,40,O1,-1.1102230246251565e-16,-6.162975822039155e-33,1.610341565366171,0.0
3,1,87,O1,-0.7667508081698935,-1.3081160502018068,-0.54055355995986,0.0
4,1,86,O1,1.515920706505227,0.0,-0.541532053897766,0.0
5,2,0,Si1,-0.9612682467317594,2.890072319787184,-0.8217961145332084,1.0
6,2,4,Si1,-0.6102264105367717,-0.1461054654232718,3.091630711036613,2.0
7,2,27,Si1,-1.4792459956011588,-2.7448805698701135,-0.4015181369230361,3.0
8,2,28,Si1,2.7485095972277462,0.5286355059480359,-1.4317801396962955,4.0
