,neighbor_num,isite,atom,x,y,z,front_index
0,0,5,Si1,0.0,0.0,0.0,
1,1,41,O1,-2.7755575615628914e-17,5.551115123125783e-17,1.6087077472421358,0.0
2,1,53,O1,-0.7413387626160437,-1.3097451956928037,-0.5761226861993347,0.0
3,1,35,O1,-0.7479291275211027,1.3204857580647973,-0.538456836606785,0.0
4,1,59,O1,1.5262116982163414,0.0,-0.5160906589095365,0.0
5,2,25,Si1,-0.5789320957320038,0.24364083772225598,3.091501300862652,1.0
6,2,8,Si1,-0.8731820320713719,-2.208811692467384,-1.9069982614718848,2.0
7,2,6,Si1,-0.9931652440868938,2.9086293881345533,-0.43513490283303835,3.0
8,2,17,Si1,2.3966181403046756,0.5422212598845695,-1.7560392036815904,4.0
