,neighbor_num,isite,atom,x,y,z,front_index
0,0,17,Si1,0.0,0.0,0.0,
1,1,59,O1,-0.7796766056867577,-1.303497462832393,-0.5311143169942845,0.0
2,1,71,O1,-0.7347806127899434,1.3255633162391403,-0.545042954699638,0.0
3,1,74,O1,1.535469020585157,5.551115123125783e-17,-0.4758287403234621,0.0
4,1,83,O1,-5.551115123125783e-17,5.551115123125783e-17,1.6073934688922207,0.0
5,2,5,Si1,-2.226893743699409,-1.9998881829527067,-0.40354380175324917,1.0
6,2,20,Si1,-1.3158963650816364,1.8853553478402871,-1.9389690094703211,2.0
7,2,14,Si1,2.7515120041382417,0.4576588242508294,-1.4223306921710905,3.0
8,2,18,Si1,-0.7016417032919164,0.14697673998568883,3.0460770798502566,4.0
