,neighbor_num,isite,atom,x,y,z,front_index
0,0,21,Si1,0.0,0.0,0.0,
1,1,80,O1,-0.719178070806185,-1.3360386598877811,-0.5305632579485735,0.0
2,1,63,O1,1.1102230246251565e-16,-9.797781148006102e-33,1.609062976038316,0.0
3,1,76,O1,1.4965160459561577,-2.803011360756153e-33,-0.5869564059276628,0.0
4,1,67,O1,-0.7915739154844981,1.2954454063694059,-0.5378888526593509,0.0
5,2,14,Si1,-1.9961298549801092,-2.278701300263556,-0.7845220267734642,1.0
6,2,9,Si1,-1.0456560151445151,-0.07640182311968018,2.8323527939816504,2.0
7,2,19,Si1,2.7911733113839436,0.6989972848957634,-1.2345237492039862,3.0
8,2,13,Si1,-0.8315704147516296,2.8795649055565598,-0.2496907105765148,4.0
