,neighbor_num,isite,atom,x,y,z,front_index
0,0,22,Si1,0.0,0.0,0.0,
1,1,79,O1,-0.746945014806808,-1.341419342152376,-0.4757951951094058,0.0
2,1,75,O1,0.0,5.551115123125783e-17,1.6075067926059625,0.0
3,1,64,O1,-0.7797619803136959,1.2790112348271356,-0.5875246210095314,0.0
4,1,66,O1,1.5172123026006301,0.0,-0.5405176358582595,0.0
5,2,13,Si1,-1.1860409734909056,-2.43209418377537,-1.5718503455262622,1.0
6,2,18,Si1,0.6645664327041024,0.2527506918449707,3.0492233502445085,2.0
7,2,10,Si1,-1.2390624490862918,1.8856107250108185,-2.00764850788389,3.0
8,2,12,Si1,2.737724760813639,1.0412229587961304,-0.6829836853548981,4.0
