,neighbor_num,isite,atom,x,y,z,front_index
0,0,5,Si1,0.0,0.0,0.0,
1,1,41,O1,1.502388962001399,2.465190328815662e-32,-0.5751243542862932,0.0
2,1,53,O1,-1.1102230246251565e-16,-6.162975822039155e-33,1.6115002290260474,0.0
3,1,35,O1,-0.7819952047825696,1.301347446346098,-0.5366513817373287,0.0
4,1,59,O1,-0.7507522683515369,-1.3282076878489586,-0.5175974164251905,0.0
5,2,25,Si1,2.913333863944743,0.6238377862972312,-1.0369260996284584,1.0
6,2,8,Si1,-0.9399780079233974,-0.32812809035698076,2.8786649030598803,2.0
7,2,6,Si1,-1.1364272791388135,2.297063297398885,-1.7515358261302563,3.0
8,2,17,Si1,-2.2307329204711,-1.8186014042168304,-0.9154101048611899,4.0
