,neighbor_num,isite,atom,x,y,z,front_index
0,0,7,Si1,0.0,0.0,0.0,
1,1,19,O1,-0.7514244247751223,-1.316864878406852,-0.5373475571297532,0.0
2,1,33,O1,-0.747230999363995,1.3158395360217028,-0.5458235825653851,0.0
3,1,16,O1,1.1102230246251565e-16,-2.2386096859322506e-16,1.608575199138489,0.0
4,1,31,O1,1.5195706221519865,5.50100219994974e-18,-0.532098593633162,0.0
5,2,0,Si1,-1.5729063655134328,-2.5902201549558943,-1.0768635697235307,1.0
6,2,9,Si1,-1.6207413905465284,2.5820596831429223,-1.0169793098124853,2.0
7,2,0,Si1,-0.07005751596318766,0.0435096018578096,3.2149819428129542,3.0
8,2,11,Si1,3.0039778095293377,-0.6011237859480056,-0.6829991862436433,4.0
