,neighbor_num,isite,atom,x,y,z,front_index
0,0,4,Si1,0.0,0.0,0.0,
1,1,28,O1,0.0,6.162975822039155e-33,1.6102504805931528,0.0
2,1,22,O1,-0.7631073853465009,-1.3005640263821685,-0.5656343229542118,0.0
3,1,26,O1,1.5232005616742958,0.0,-0.5168818604702056,0.0
4,1,25,O1,-0.7430001028039991,1.3296957540423051,-0.5168818604702053,0.0
5,2,8,Si1,0.5574978396812704,0.9501436481918044,2.7860400649884567,1.0
6,2,2,Si1,-1.1132469456812948,-1.8973069293196494,-2.02075736920899,2.0
7,2,3,Si1,2.8847533137460486,-0.27549638510847596,-1.3266718408984615,3.0
8,2,3,Si1,-1.647648015210542,2.3838951229761345,-1.3266718408984612,4.0
