,neighbor_num,isite,atom,x,y,z,front_index
0,0,9,Si1,0.0,0.0,0.0,
1,1,29,O1,-5.551115123125783e-17,1.5407439555097887e-33,1.6112287051256868,0.0
2,1,35,O1,1.5202777125601288,0.0,-0.5259220388810733,0.0
3,1,33,O1,-0.7627294937439962,1.3118334564610854,-0.5344700980220278,0.0
4,1,36,O1,-0.7520967038107644,-1.3212096243306888,-0.5259220388810734,0.0
5,2,5,Si1,-0.5533822218718928,0.9517729664535269,2.7863044441431537,1.0
6,2,10,Si1,2.843617534992101,0.33662638225602803,-1.3766520259490929,2.0
7,2,7,Si1,-1.5476637836268456,2.6618573784905877,-0.9205074080932488,3.0
8,2,10,Si1,-1.6993141250856545,-2.304736321323918,-1.376652025949093,4.0
