,neighbor_num,isite,atom,x,y,z,front_index
0,0,0,Si1,0.0,0.0,0.0,
1,1,16,O1,1.5145995806962076,-9.334440595901369e-33,-0.5416012160939317,0.0
2,1,14,O1,-0.7573845559394297,-1.3201618124274443,-0.5263313790332611,0.0
3,1,20,O1,0.0,3.1466018531024056e-33,1.6103786423439983,0.0
4,1,19,O1,-0.7644701939126654,1.3075156643284473,-0.5416012160939319,0.0
5,2,7,Si1,3.0038207135048354,-0.044235992795372055,-1.1480480528578985,1.0
6,2,2,Si1,-1.1475797289502867,-2.0002928802751625,-1.9325671845323464,2.0
7,2,12,Si1,0.4291602658700262,0.7480493099177047,2.9699714514785853,3.0
8,2,7,Si1,-1.5543188357129103,2.570795335861523,-1.1480480528578987,4.0
