,neighbor_num,isite,atom,x,y,z,front_index
0,0,2,Si1,0.0,0.0,0.0,
1,1,22,O1,-0.7617375150332495,-1.30233258632749,-0.5654809249125924,0.0
2,1,24,O1,-0.7460556814370832,1.3265754780290042,-0.5187315043975317,0.0
3,1,14,O1,-5.551115123125783e-17,0.0,1.6100713285939565,0.0
4,1,27,O1,1.5219729231206551,-1.232595164407831e-32,-0.5187315043975325,0.0
5,2,4,Si1,-1.1110967708962824,-1.899627499950972,-2.0197603863972096,1.0
6,2,5,Si1,-1.6531885203243788,2.3777594636864414,-1.33078387648217,2.0
7,2,0,Si1,0.5417282433872685,0.9261856353056122,2.8109851374880073,3.0
8,2,5,Si1,2.8828686887910964,-0.2753914923715673,-1.330783876482171,4.0
