,neighbor_num,isite,atom,x,y,z,front_index
0,0,13,Si1,0.0,0.0,0.0,
1,1,39,O1,-0.7696936392907088,1.3044881374175927,-0.5414454693395772,0.0
2,1,21,O1,-0.7553625992816255,-1.3188359812380084,-0.5313642158541096,0.0
3,1,41,O1,1.5117526211730354,0.0,-0.5427929382779169,0.0
4,1,40,O1,-1.1102230246251565e-16,1.232595164407831e-32,1.6062441163994716,0.0
5,2,11,Si1,-1.1571477253653266,2.842384392960089,-0.8140023007504884,1.0
6,2,1,Si1,-0.8154473546114105,-2.9275381523518993,-0.5736311866188272,2.0
7,2,12,Si1,3.023505242346071,0.0,-1.0855858765558337,3.0
8,2,12,Si1,-6.661338147750939e-16,-5.551115123125783e-16,3.2124882327989432,4.0
