,neighbor_num,isite,atom,x,y,z,front_index
0,0,0,Si1,0.0,0.0,0.0,
1,1,28,O1,0.0,0.0,1.6104267790714002,0.0
2,1,24,O1,-0.7565007608764652,1.3174017598618306,-0.5389250326741502,0.0
3,1,18,O1,1.5164438690838729,0.0,-0.5375158184326272,0.0
4,1,22,O1,-0.7599695461985463,-1.2943956778737997,-0.5723052834554841,0.0
5,2,9,Si1,0.8013096760794075,0.3105546728931297,2.9738354775569404,1.0
6,2,14,Si1,-0.6218910625663847,2.9029215477194565,-0.3030575519446159,2.0
7,2,6,Si1,2.959032486871774,0.148588017489229,-1.2296336061426116,3.0
8,2,2,Si1,-1.5199390852298431,-2.588791362043448,-1.1446105699097735,4.0
