,neighbor_num,isite,atom,x,y,z,front_index
0,0,14,Si1,0.0,0.0,0.0,
1,1,38,O1,-0.810292858167007,1.2918388410168706,-0.522743730894308,0.0
2,1,32,O1,-0.7364327676095105,-1.3348285194418443,-0.5100806770830194,0.0
3,1,52,O1,-1.1102230246251565e-16,3.450673014799305e-16,1.6079322586536238,0.0
4,1,24,O1,1.5046775532317715,-3.395033331433024e-17,-0.5688336293094569,0.0
5,2,6,Si1,-2.385580422324068,1.3841338702453114,-0.8528530607017101,1.0
6,2,4,Si1,-1.201375185263052,-2.7999277359365387,-0.9853942346520204,2.0
7,2,16,Si1,-0.13487419685677238,-0.4086875744319711,3.158184179183216,3.0
8,2,0,Si1,2.4617638764620238,-1.066698830433515,-1.3066820988300774,4.0
