,neighbor_num,isite,atom,x,y,z,front_index
0,0,4,Si1,0.0,0.0,0.0,
1,1,32,O1,1.5140206952801447,0.0,-0.544381739388101,0.0
2,1,36,O1,-0.7009728666560234,1.337625958079456,-0.5642829860257266,0.0
3,1,20,O1,0.0,1.1102230246251565e-16,1.606912365742808,0.0
4,1,40,O1,-0.7624295396145855,-1.2993466861286551,-0.5673019589763881,0.0
5,2,14,Si1,3.052620692826506,-0.25829846251128297,-0.9320344789275288,1.0
6,2,12,Si1,-0.35697640204710124,2.11170345050406,-1.9358345101777612,2.0
7,2,2,Si1,-0.17566144236602865,-0.14276238011587128,3.1997988097923837,3.0
8,2,9,Si1,-0.5923003932609681,-2.7197983134579222,-1.3054819892408354,4.0
