,neighbor_num,isite,atom,x,y,z,front_index
0,0,8,Si1,0.0,0.0,0.0,
1,1,48,O1,1.509440642487238,-9.302646184452095e-33,-0.5626661153714161,0.0
2,1,44,O1,-0.7654732998197684,-1.3138793803442756,-0.5308907088043614,0.0
3,1,41,O1,-0.7743306959890344,1.303167396576102,-0.5419439342825539,0.0
4,1,29,O1,-1.1102230246251565e-16,3.2508032107740046e-33,1.6116527792735873,0.0
5,2,9,Si1,2.5017394896020164,0.4549503000418371,-1.747304207807998,1.0
6,2,17,Si1,-1.8392126177507835,-1.9884970662076333,-1.5214727590108676,2.0
7,2,5,Si1,-1.47762967717219,2.692745997440637,-0.1346676515919668,3.0
8,2,1,Si1,-0.8454120468451563,0.15065410588587233,2.974024319096839,4.0
