,neighbor_num,isite,atom,x,y,z,front_index
0,0,1,Si1,0.0,0.0,0.0,
1,1,23,O1,-0.7599695346905542,-1.2943956874601446,-0.5723052847762077,0.0
2,1,29,O1,0.0,0.0,1.6104267760725939,0.0
3,1,19,O1,1.5164438714761017,0.0,-0.5375158116836515,0.0
4,1,25,O1,-0.7565007603035254,1.3174017567066372,-0.5389250411912655,0.0
5,2,3,Si1,-1.5199390693811086,-2.5887913749202895,-1.1446105695524151,1.0
6,2,8,Si1,0.8013096695811734,0.310554679333675,2.973835476910294,2.0
7,2,7,Si1,2.9590324921383893,0.14858801678248057,-1.2296335935542495,3.0
8,2,15,Si1,-0.6218910658463725,2.9029215493944927,-0.30305757532300365,4.0
