,neighbor_num,isite,atom,x,y,z,front_index
0,0,17,Si1,0.0,0.0,0.0,
1,1,44,O1,0.0,1.232595164407831e-32,1.6091233461552652,0.0
2,1,45,O1,-0.7715166727115506,1.3086030869421084,-0.5306580040260701,0.0
3,1,50,O1,-0.7297545621665102,-1.3268118509801627,-0.543623184588331,0.0
4,1,51,O1,1.5120066420978848,0.0,-0.5498486185837453,0.0
5,2,8,Si1,0.4023243010273484,-0.7102357847093421,2.997566225947871,1.0
6,2,9,Si1,-1.2883517984933723,2.2130656745126105,-1.7590318168245103,2.0
7,2,12,Si1,-1.805373034166759,-2.3910942674590774,-1.0874926441874084,3.0
8,2,13,Si1,3.098629669564969,0.19754530871098347,-0.7202873704461238,4.0
