,neighbor_num,isite,atom,x,y,z,front_index
0,0,17,Si1,0.0,0.0,0.0,
1,1,44,O1,1.5122345371472916,2.0303555822155032e-17,-0.5499314937342965,0.0
2,1,45,O1,-0.7623782728018889,-1.3086030869421084,-0.5437051247399123,0.0
3,1,50,O1,-0.760290237714363,1.3268118509801627,-0.5000266415512586,0.0
4,1,51,O1,-1.1102230246251565e-16,-2.62223468918816e-16,1.608880849878752,0.0
5,2,8,Si1,2.9545739855516744,0.7102357847093421,-0.6463440926022305,1.0
6,2,9,Si1,-2.0934218016240655,-2.2130656745126105,-0.6096133608830249,2.0
7,2,12,Si1,-1.639013833937807,2.3910942674590774,-1.3250078097198903,3.0
8,2,13,Si1,0.38206555508785567,-0.19754530871098402,3.1582187442841754,4.0
