,neighbor_num,isite,atom,x,y,z,front_index
0,0,2,Si1,0.0,0.0,0.0,
1,1,20,O1,1.5164438690838733,0.0,-0.537515818432628,0.0
2,1,26,O1,-0.7565007602703739,-1.3174017561402411,-0.5389250234122702,0.0
3,1,30,O1,0.0,6.162975822039155e-33,1.6104267790714002,0.0
4,1,22,O1,-0.7599695390312975,1.2943956841696476,-0.5723052864542892,0.0
5,2,4,Si1,2.9590324868717746,-0.1485880174892278,-1.229633606142612,1.0
6,2,12,Si1,-0.6218910625663843,-2.9029215477194574,-0.3030575519446161,2.0
7,2,11,Si1,0.8013096760794076,-0.3105546728931291,2.97383547755694,3.0
8,2,0,Si1,-1.519939085229845,2.588791362043447,-1.144610569909773,4.0
