,neighbor_num,isite,atom,x,y,z,front_index
0,0,30,Si1,0.0,0.0,0.0,
1,1,67,O1,1.6858168320645008,-1.232595164407831e-32,-0.4342953981827437,0.0
2,1,96,O1,0.0,-3.0814879110195774e-33,1.7656014265628055,0.0
3,1,79,O1,-0.8240912266022542,-1.3860996489944208,-0.7216777301723971,0.0
4,1,72,O1,-0.8004746778157349,1.4712997248128936,-0.49864659763907604,0.0
5,2,17,Si1,2.7512694801686752,-0.9668254939247448,-1.1361662278763431,1.0
6,2,22,Si1,-2.1773504330199622,-2.148569754586148,-0.2239470279878506,3.0
7,2,18,Si1,-2.060060769750892,1.9903637730704313,-1.3631729887870527,4.0
