,neighbor_num,isite,atom,x,y,z,front_index
0,0,2,Si1,0.0,0.0,0.0,
1,1,38,O1,1.511825466609658,-1.3877787807814457e-17,-0.5637146873124907,0.0
2,1,42,O1,-1.1102230246251565e-16,-5.551115123125783e-17,1.6114186525249297,0.0
3,1,95,O1,-0.7057629674495975,1.3817440180291984,-0.5432652333513786,0.0
4,1,34,O1,-0.8304504440439429,-1.2572020723256259,-0.5407019067445324,0.0
5,2,14,Si1,2.890702193142512,-1.0529420751390388,-0.7738169929249408,1.0
6,2,10,Si1,1.0614613075928565,-0.7357935533261912,2.8045700278861356,2.0
7,2,19,Si1,-1.6183956783781988,1.631866611036982,-1.8875104647460503,3.0
8,2,13,Si1,-1.6346828103930753,-2.667434723996251,0.0878241891601742,4.0
