,neighbor_num,isite,atom,x,y,z,front_index
0,0,5,Si1,0.0,0.0,0.0,
1,1,51,O1,-0.778797237505001,1.388258132354187,-0.35958722790318903,0.0
2,1,56,O1,1.1102230246251565e-16,-9.244463733058732e-33,1.622738543220336,0.0
3,1,46,O1,-0.8270619296384435,-1.311400204178844,-0.5065620027152526,0.0
4,1,53,O1,1.4829716974140428,0.0,-0.6057626616818983,0.0
5,2,11,Si1,-1.0080987632563017,2.1721405726296545,-1.9162011632501954,1.0
6,2,8,Si1,1.1299585690929161,0.21576946439059436,2.9432564147236846,2.0
7,2,13,Si1,-0.9458799352277772,-1.9905339431667628,-2.1331771935480757,3.0
8,2,9,Si1,2.7675065670432746,-0.49442291922272913,-1.6599209171063571,4.0
