,neighbor_num,isite,atom,x,y,z,front_index
0,0,17,Si1,0.0,0.0,0.0,
1,1,71,O1,-0.8332644205559265,-1.2614620956080476,-0.5637146838437133,0.0
2,1,60,O1,-0.7639311265527584,1.3504544207790132,-0.5432652298825976,0.0
3,1,75,O1,1.1102230246251565e-16,0.0,1.6114186525249283,0.0
4,1,67,O1,1.5067199443402306,-2.0316873028537126e-33,-0.5407019067445349,0.0
5,2,29,Si1,-0.7146808909864586,-2.99233643740381,-0.7738169894561632,1.0
6,2,0,Si1,-0.4696218891655704,2.249810773610525,-1.8875104612772693,2.0
7,2,25,Si1,0.028903955232795653,-1.2912229946856657,2.8045700278861325,3.0
8,2,30,Si1,3.1266776193277446,-0.10622128868795552,0.08782418916016987,4.0
