,neighbor_num,isite,atom,x,y,z,front_index
0,0,1,Si1,0.0,0.0,0.0,
1,1,94,O1,1.1102230246251565e-16,0.0,1.6439145411842848,0.0
2,1,41,O1,-0.7471059308129157,1.324733385961586,-0.5325262979122999,0.0
3,1,33,O1,-0.7711770728126572,-1.3022661729049219,-0.5214904408572374,0.0
4,1,37,O1,1.545716755200632,0.0,-0.46276362291487255,0.0
5,2,16,Si1,-0.08914427338067421,-1.264837301268768,2.690191234301222,1.0
6,2,9,Si1,-0.5836870633309338,2.277956268031654,-2.0009822475438837,2.0
7,2,14,Si1,-2.1006812127798904,-1.7087066405488214,-1.5692574818668765,3.0
8,2,13,Si1,2.54958060858405,-0.2552476589080826,-1.8703278366855525,4.0
