,neighbor_num,isite,atom,x,y,z,front_index
0,0,0,Si1,0.0,0.0,0.0,
1,1,32,O1,1.5168842917744685,-1.232595164407831e-32,-0.5358256310837254,0.0
2,1,28,O1,-0.7623542872068532,-1.3142499999999997,-0.5294274485286635,0.0
3,1,30,O1,-0.7623542872068534,1.31425,-0.5294274485286635,0.0
4,1,24,O1,0.0,0.0,1.6108934409077713,0.0
5,2,1,Si1,2.5138524101937856,-9.356434419158919e-17,-1.7984030078863698,1.0
6,2,2,Si1,-1.0172272956948591,-2.6284999999999994,-1.4219055894500605,2.0
7,2,2,Si1,-1.0172272956948598,2.6285000000000003,-1.421905589450061,3.0
8,2,5,Si1,0.8993815346543889,-1.562179566361274e-16,2.9472584749788053,4.0
