,neighbor_num,isite,atom,x,y,z,front_index
0,0,13,Si1,0.0,0.0,0.0,
1,1,49,O1,-0.7551916774856083,1.3178714817323447,-0.5365426039493488,0.0
2,1,56,O1,2.220446049250313e-16,5.551115123125783e-17,1.6087408310720532,0.0
3,1,53,O1,1.5147400489082044,5.551115123125783e-17,-0.5424879069728733,0.0
4,1,55,O1,-0.7658533291370511,-1.3068688128561818,-0.542487906972875,0.0
5,2,16,Si1,-1.5306215667323637,2.6710603046330643,-0.13361935368413136,1.0
6,2,12,Si1,0.42680173087782924,-0.7448040626594613,2.96931212737521,2.0
7,2,15,Si1,3.115640242806226,-0.15035652712972025,-0.485549089765232,3.0
8,2,15,Si1,-1.4455465132842857,-2.7640941528420853,-0.48554908976523525,4.0
