,neighbor_num,isite,atom,x,y,z,front_index
0,0,10,Si1,0.0,0.0,0.0,
1,1,47,O1,1.5209951891462594,-1.925749502542867e-17,-0.5316934187552925,0.0
2,1,37,O1,-0.7505839890295284,-1.3173113549654771,-0.5383002440344449,0.0
3,1,42,O1,-0.7566977153746484,1.3132827585418134,-0.5411954568988088,0.0
4,1,38,O1,0.0,1.9673374663694296e-16,1.6088668941947937,0.0
5,2,11,Si1,2.8898052392869125,-0.848935137276386,-0.4893562449570538,1.0
6,2,7,Si1,-1.9129795673887728,-2.2232114560657976,-1.1850492094951606,2.0
7,2,16,Si1,-2.135545796145934,2.1428256975788633,-0.5681263088405941,3.0
8,2,7,Si1,-0.4118115893297152,0.4114112538651569,3.1092850669633174,4.0
