,neighbor_num,isite,atom,x,y,z,front_index
0,0,14,Si1,0.0,0.0,0.0,
1,1,54,O1,-1.3684555315672042e-48,-6.842277657836021e-49,1.6089532451187765,0.0
2,1,57,O1,-0.7564322229515273,1.3121135333766267,-0.5424162877061441,0.0
3,1,50,O1,1.5211863297118864,1.1102230246251565e-16,-0.530065871621024,0.0
4,1,52,O1,-0.7481522253829399,-1.3188815823277444,-0.5380986567809465,0.0
5,2,12,Si1,-0.4266210155579157,0.4389741902879946,3.0969138340873057,1.0
6,2,15,Si1,-2.1133041023839363,2.1744966219329367,-0.5993475878497463,2.0
7,2,19,Si1,2.634639533026772,0.7779701389804633,-1.395942927586535,3.0
8,2,12,Si1,-1.9229254663237951,-2.1987889743674938,-1.1971899697121402,4.0
