,neighbor_num,isite,atom,x,y,z,front_index
0,0,11,Si1,0.0,0.0,0.0,
1,1,43,O1,-1.1102230246251565e-16,2.465190328815662e-32,1.6094084499915848,0.0
2,1,36,O1,1.5151756467416644,0.0,-0.5410133480395684,0.0
3,1,47,O1,-0.7560765777775001,1.3178832546307873,-0.536335895362024,0.0
4,1,39,O1,-0.7647620835332405,-1.3080123073078926,-0.5410133480395682,0.0
5,2,17,Si1,0.44781917381078107,-0.780573565712943,2.943669175793259,1.0
6,2,6,Si1,3.117224010307537,-0.15142394586993693,-0.5162236828484544,2.0
7,2,10,Si1,-1.1933516155569306,2.0800778085892415,-1.886881807282395,3.0
8,2,6,Si1,-1.4426514502422725,-2.7674485604857226,-0.5162236828484541,4.0
