,neighbor_num,isite,atom,x,y,z,front_index
0,0,16,Si1,0.0,0.0,0.0,
1,1,58,O1,0.0,-1.5407439555097887e-32,1.6093796003700314,0.0
2,1,42,O1,1.5161572277697732,1.232595164407831e-32,-0.5397740722012052,0.0
3,1,65,O1,-0.7641792726862051,-1.310592446343582,-0.5371035066643399,0.0
4,1,49,O1,-0.7591799774068215,1.3166710566025217,-0.53364945401896,0.0
5,2,21,Si1,0.5625781804780217,-0.14878821848324947,3.109319779219381,1.0
6,2,10,Si1,2.9236559944668596,-0.7800821951038648,-0.5645641817700537,2.0
7,2,21,Si1,-0.9657803648943888,-2.7699731111704136,-1.1836464348493618,3.0
8,2,13,Si1,-2.137961559859043,2.149514119603498,-0.551297634134198,4.0
