,neighbor_num,isite,atom,x,y,z,front_index
0,0,21,Si1,0.0,0.0,0.0,
1,1,70,O1,1.5209951891462612,2.940821393972406e-17,-0.5316934187552916,0.0
2,1,69,O1,-0.7566977153746447,1.3132827585418152,-0.5411954568988104,0.0
3,1,58,O1,-0.7505839890295269,-1.3173113549654754,-0.538300244034448,0.0
4,1,65,O1,1.1102230246251565e-16,2.2039931064551087e-17,1.6088668941947926,0.0
5,2,20,Si1,2.889805239286914,-0.8489351372763888,-0.48935624495705055,1.0
6,2,7,Si1,-2.1355457961459314,2.1428256975788673,-0.568126308840597,2.0
7,2,16,Si1,-1.9129795673887726,-2.223211456065794,-1.1850492094951657,3.0
8,2,16,Si1,-0.4118115893297185,0.4114112538651569,3.1092850669633147,4.0
