,neighbor_num,isite,atom,x,y,z,front_index
0,0,4,Si1,0.0,0.0,0.0,
1,1,41,O1,-0.7641792726862059,-1.3105924463435805,-0.5371035066643413,0.0
2,1,25,O1,-0.7591799774068209,1.3166710566025228,-0.5336494540189602,0.0
3,1,34,O1,0.0,-6.162975822039155e-33,1.6093796003700311,0.0
4,1,66,O1,1.5161572277697748,1.232595164407831e-32,-0.5397740722012057,0.0
5,2,9,Si1,-0.9657803648943915,-2.769973111170412,-1.1836464348493636,1.0
6,2,1,Si1,-2.1379615598590416,2.1495141196035,-0.5512976341341983,2.0
7,2,9,Si1,0.5625781804780199,-0.14878821848325113,3.109319779219382,3.0
8,2,22,Si1,2.9236559944668596,-0.7800821951038668,-0.5645641817700533,4.0
