,neighbor_num,isite,atom,x,y,z,front_index
0,0,14,Si1,0.0,0.0,0.0,
1,1,54,O1,1.519354179157273,6.84227765783602e-49,-0.529427448528663,0.0
2,1,57,O1,-0.7611149914185313,-1.3121135333766267,-0.5358256310837253,0.0
3,1,50,O1,0.0,0.0,1.6108934409077702,0.0
4,1,52,O1,-0.7543132595409774,1.3188815823277444,-0.5294274485286633,0.0
5,2,12,Si1,2.784073505022395,-0.43897419028799467,-1.4219055894500598,1.0
6,2,15,Si1,-1.2613557711602783,-2.1744966219329367,-1.79840300788637,2.0
7,2,19,Si1,-0.4512755341606757,-0.7779701389804631,2.947258474978805,3.0
8,2,12,Si1,-1.7632613723741066,2.1987889743674938,-1.4219055894500603,4.0
