,neighbor_num,isite,atom,x,y,z,front_index
0,0,15,Si1,0.0,0.0,0.0,
1,1,51,O1,-0.7551916774856076,1.3178714817323431,-0.536542603949349,0.0
2,1,57,O1,0.0,0.0,1.608740831072053,0.0
3,1,55,O1,-0.7658533291370507,-1.3068688128561823,-0.542487906972874,0.0
4,1,53,O1,1.5147400489082046,5.551115123125783e-17,-0.5424879069728737,0.0
5,2,18,Si1,-1.5306215667323655,2.671060304633064,-0.13361935368413097,1.0
6,2,14,Si1,0.42680173087782936,-0.7448040626594608,2.96931212737521,2.0
7,2,13,Si1,-1.4455465132842842,-2.7640941528420866,-0.48554908976523414,3.0
8,2,13,Si1,3.1156402428062258,-0.15035652712972047,-0.4855490897652329,4.0
