,neighbor_num,isite,atom,x,y,z,front_index
0,0,2,Si1,0.0,0.0,0.0,
1,1,32,O1,0.0,-2.1570415377137042e-32,1.6100189866014307,0.0
2,1,29,O1,1.5170151361770257,-1.232595164407831e-32,-0.5378889772601014,0.0
3,1,26,O1,-0.757251573500749,-1.317955612233048,-0.5301091492521446,0.0
4,1,35,O1,-0.7620337053211443,1.3115359352820732,-0.5400518082373774,0.0
5,2,10,Si1,0.16418748110263048,0.5449692882699344,3.1146567473863285,1.0
6,2,3,Si1,2.5758411879133734,0.5804224227588477,-1.6021524214182121,2.0
7,2,6,Si1,-1.0117267155376315,-2.361804749162353,-1.7283587508511884,3.0
8,2,1,Si1,-1.5512184666003663,1.9650445878944116,-1.782062954196874,4.0
