,neighbor_num,isite,atom,x,y,z,front_index
0,0,14,Si1,0.0,0.0,0.0,
1,1,53,O1,-0.7602404720662852,1.3133487407445186,-0.5364783174233035,0.0
2,1,56,O1,-0.7606230490597995,-1.316252702383465,-0.5301816084364834,0.0
3,1,59,O1,1.5177649984031278,0.0,-0.5374637129932689,0.0
4,1,50,O1,-5.551115123125783e-17,-5.551115123125783e-17,1.6097989475418284,0.0
5,2,15,Si1,-0.6321538793125263,2.7919851522405805,-1.1592845975802195,1.0
6,2,22,Si1,-1.2683203864230557,-2.4529154188028963,-1.549065864877965,2.0
7,2,13,Si1,3.0074687375232765,0.5595883792913752,-0.29226695817042603,3.0
8,2,18,Si1,0.13686123808687323,0.8352042937652397,2.978697598100169,4.0
