,neighbor_num,isite,atom,x,y,z,front_index
0,0,7,Si1,0.0,0.0,0.0,
1,1,27,O1,0.0,6.162975822039155e-33,1.6094038430669546,0.0
2,1,67,O1,1.5147791160464426,1.232595164407831e-32,-0.5415457510488009,0.0
3,1,44,O1,-0.7586588992249184,-1.3155653054886214,-0.5357635261134573,0.0
4,1,39,O1,-0.7646034887037052,1.3127455521048212,-0.5374493048686471,0.0
5,2,3,Si1,-0.7875869200424148,0.3104122792537256,2.978638560627604,1.0
6,2,21,Si1,3.0889621403407554,0.33549228047924184,-0.5887981705482358,2.0
7,2,4,Si1,-2.0163061227114825,-2.2926259575618095,-0.29702957855066625,3.0
8,2,11,Si1,-0.5374295433705651,2.707255443669481,-1.309037618463094,4.0
