,neighbor_num,isite,atom,x,y,z,front_index
0,0,5,Si1,0.0,0.0,0.0,
1,1,45,O1,0.0,6.162975822039155e-33,1.6103782043815853,0.0
2,1,25,O1,-0.7624937238388358,-1.3122837872795423,-0.5354393607726824,0.0
3,1,37,O1,-0.7588702827419471,1.3177125149484918,-0.5334048457559363,0.0
4,1,65,O1,1.5176482104759093,2.465190328815662e-32,-0.5334524385682785,0.0
5,2,6,Si1,-0.8795542583578718,-0.3167449430966197,2.9216275737902073,1.0
6,2,1,Si1,-2.1560152468953504,-2.0438911417655246,-0.8735238104994592,2.0
7,2,9,Si1,-0.6046196394707418,2.5781248521693136,-1.5229410284414449,3.0
8,2,23,Si1,2.754231101771604,-0.2525524764935688,-1.533412465248269,4.0
