,neighbor_num,isite,atom,x,y,z,front_index
0,0,9,Si1,0.0,0.0,0.0,
1,1,43,O1,1.5175689683562812,1.753264031366516e-17,-0.5383534913680362,0.0
2,1,46,O1,-0.7556769204117687,1.3136657022674778,-0.5413329856611911,0.0
3,1,31,O1,1.1102230246251565e-16,2.161884639943474e-16,1.6086901023155638,0.0
4,1,37,O1,-0.7588412176931323,-1.3138687833961749,-0.5380735926734257,0.0
5,2,19,Si1,3.094271182392119,-0.3174840448739398,-0.5706270160348219,1.0
6,2,8,Si1,-2.1482178648877857,2.0943253930010863,-0.7443274485002711,2.0
7,2,1,Si1,-0.5662850099941094,0.061690917129488584,3.114570793279091,3.0
8,2,5,Si1,-0.5129566535112627,-2.755213585913839,-1.2154487095097637,4.0
