,neighbor_num,isite,atom,x,y,z,front_index
0,0,25,Si1,0.0,0.0,0.0,
1,1,53,O1,-0.7428501726189524,-1.3270183511830704,-0.5578401069655673,0.0
2,1,89,O1,1.5200682443176439,5.551115123125783e-17,-0.5571382027451302,0.0
3,1,91,O1,-0.7798392717301639,1.3087925146462152,-0.5512452492551845,0.0
4,1,47,O1,0.0,-1.6653345369377348e-16,1.618852710831964,0.0
5,2,5,Si1,-1.8140374928170935,-2.4909637117587153,-0.21368998780328957,1.0
6,2,27,Si1,2.5445815345133136,0.7623862713083669,-1.5522010831069517,2.0
7,2,29,Si1,-1.589060592267793,2.4039688384185247,-1.4271721739105205,3.0
8,2,5,Si1,0.3975549372328724,0.7816083407567643,2.980919704231142,4.0
9,3,43,O1,-3.124183285255131,-1.8112775626505364,0.4518332359150116,5.0
10,3,47,O1,-2.211592430049964,-3.2725720525154776,-1.5757569812024668,5.0
11,3,50,O1,-1.1572429232039094,-3.5126552487607787,0.8556598988348442,5.0
12,3,49,O1,3.2343940306511016,-0.2988554183528811,-2.561462642696481,6.0
13,3,55,O1,3.675946791163896,1.4916937857856742,-0.6510280288898961,6.0
14,3,93,O1,1.7426093926861301,1.8871307346784776,-2.3988114048042535,6.0
15,3,70,O1,-2.728551344282053,1.6784876578077834,-2.3217928875353606,7.0
16,3,95,O1,-0.5553159035451891,3.1928737042394584,-2.391166752603839,7.0
17,3,66,O1,-2.2890873121713824,3.465350660944241,-0.42471575705589837,7.0
18,3,53,O1,1.4687422574310118,1.9455537013324085,2.6367695850688637,8.0
19,3,43,O1,-0.9125908552051673,1.4612944898649414,3.646442927949443,8.0
20,3,50,O1,1.0543495068460542,-0.2400831962453005,4.050269590869274,8.0
21,4,1,Si1,-4.538469776531857,-1.0893686129324809,0.1364352585686997,9.0
22,4,25,Si1,-2.2115924300499645,-3.272572052515479,-3.1946096920344305,10.0
23,4,4,Si1,-0.02235356925652865,-4.458394500951633,1.516224282275526,11.0
24,4,7,Si1,3.029114415617557,-1.3762696323772952,-3.7536148611803792,12.0
25,4,7,Si1,5.240706845667521,1.8963024201381828,-0.5590051691459499,13.0
26,4,31,Si1,0.9759659591158765,3.216342753666789,-2.9154849549700006,14.0
27,4,18,Si1,-4.213179365407477,1.034809330757601,-2.264776758983083,15.0
28,4,31,Si1,0.975965959115876,3.2163427536667886,-2.9154849549700015,16.0
29,4,18,Si1,-2.0015869353575124,4.3073813832730785,0.9298329330513473,17.0
30,4,25,Si1,2.211592430049964,3.272572052515479,3.1946096920344305,18.0
31,4,1,Si1,-2.326877346481891,2.1832034395829973,3.331044950603131,19.0
32,4,4,Si1,2.1892388607934357,-1.185822448436155,4.710833974309955,20.0
