,neighbor_num,isite,atom,x,y,z,front_index
0,0,25,Si1,0.0,0.0,0.0,
1,1,53,O1,0.0,0.0,1.6198733494554438,0.0
2,1,89,O1,1.538104474103323,0.0,-0.5052178451760573,0.0
3,1,91,O1,-0.7433743649328995,-1.3405301553808564,-0.524720799119105,0.0
4,1,47,O1,-0.7695042258521574,1.3106310604509077,-0.5574886269198672,0.0
5,2,5,Si1,-0.7476611483050906,0.5502381209684727,2.9461053048186256,1.0
6,2,27,Si1,2.664127154462242,-0.8877026175839072,-1.2569275167867089,2.0
7,2,29,Si1,-1.2995456502581262,-2.8444580886846147,-0.7491591557086611,3.0
8,2,5,Si1,-1.2942576402577881,2.135495093400092,-1.8491624255945527,4.0
9,3,43,O1,-2.344338184673187,0.3560554305745238,2.760924462593619,5.0
10,3,47,O1,-0.22290773389945984,-0.27462591198071107,4.23777910349331,5.0
11,3,50,O1,-0.43088423706799084,2.128315434638889,3.1136351949691288,5.0
12,3,49,O1,4.007249237206611,-0.9626516343580143,-0.3563222674698854,6.0
13,3,55,O1,2.987199280757856,-0.19174376539811971,-2.6835512743174297,6.0
14,3,93,O1,2.092136433762993,-2.3807192175309004,-1.5190086276468384,6.0
15,3,70,O1,-1.633568234299823,-3.53946110387446,0.675799812409414,7.0
16,3,95,O1,-0.18769407809825217,-3.717698562441421,-1.5375256142841476,7.0
17,3,66,O1,-2.64802656420811,-2.778120465276709,-1.6428516049848128,7.0
18,3,53,O1,-0.5465964919526977,1.5852569724316186,-3.175394380957733,8.0
19,3,43,O1,-2.8909346766258848,1.9413124030061426,-2.0343432678195583,8.0
20,3,50,O1,-0.9774807290206884,3.713572407070508,-1.6816325354440478,8.0
21,4,1,Si1,-3.573339127404157,-0.6845718711148362,2.9267140791264685,9.0
22,4,25,Si1,0.5465964919526975,-1.5852569724316186,4.795267730413177,10.0
23,4,4,Si1,0.4602397254288273,3.4788411782090067,3.140471419113821,11.0
24,4,7,Si1,4.691890387585072,-1.443087051684637,1.0309903598614236,12.0
25,4,7,Si1,4.145293895632375,0.14216992074698154,-3.7642773705517527,13.0
26,4,31,Si1,1.337887614981005,-3.699685608143981,-2.0784142791192997,14.0
27,4,18,Si1,-2.7310549232722217,-3.607858230384747,1.8643021428040747,15.0
28,4,31,Si1,1.337887614981006,-3.6996856081439815,-2.0784142791192997,16.0
29,4,18,Si1,-3.2776514152249194,-2.0226012579531285,-2.9309655876091014,17.0
30,4,25,Si1,-0.5465964919526975,1.5852569724316188,-4.795267730413178,18.0
31,4,1,Si1,-4.119935619356855,0.9006851013167824,-1.8685536512867087,19.0
32,4,4,Si1,-0.08635676652387031,5.064098150640625,-1.6547963112993553,20.0
