,neighbor_num,isite,atom,x,y,z,front_index
0,0,3,Si1,0.0,0.0,0.0,
1,1,35,O1,1.5258441845592865,3.437722821509257e-17,-0.5461445617522932,0.0
2,1,39,O1,-0.7748163046244257,1.3183807255132458,-0.5321888249703486,0.0
3,1,40,O1,0.0,-4.386133204480813e-17,1.6164324042841987,0.0
4,1,45,O1,-0.7396109841493546,-1.3357153950642568,-0.5382143352967824,0.0
5,2,12,Si1,2.798413789146608,0.9810809925932892,-0.7449769960094667,1.0
6,2,12,Si1,-2.1139372613444958,2.20915569046529,-0.3362720985766846,2.0
7,2,16,Si1,0.25151237378514524,-0.06287742453104579,3.2119391178198407,3.0
8,2,7,Si1,-0.8330108080248319,-2.9444874925692455,-0.38167286721105076,4.0
9,3,39,O1,4.137534745866679,0.09030602764124532,-0.9408937224031308,5.0
10,3,62,O1,2.5551477270107146,1.9002443331424392,-2.05503229748787,5.0
11,3,58,O1,2.9396930032317234,1.9294431388480684,0.5596868405088806,5.0
12,3,35,O1,-3.3865068659318167,1.2280746978720003,-0.13743966431951082,6.0
13,3,62,O1,-2.3572033234803893,3.12831903101444,-1.646327400055088,6.0
14,3,58,O1,-1.9726580472593813,3.1575178367200687,0.968391737941663,6.0
15,3,64,O1,1.664236587629636,-0.7975117087980756,3.513596409927844,7.0
16,3,74,O1,0.316166323597022,1.4415754340208244,3.806309506023888,7.0
17,3,68,O1,-0.9562962055686395,-0.8856072019831547,3.909081239394058,7.0
18,3,55,O1,-1.8528557583751475,-3.29064130957915,0.8269396406229058,8.0
19,3,49,O1,0.6248134115168387,-3.566475233672437,-0.0469075526975577,8.0
20,3,51,O1,-1.4139736062927881,-3.568742024302512,-1.7570020605851826,8.0
21,4,3,Si1,4.912351050491104,-1.2280746978720005,-0.4087048974327818,9.0
22,4,14,Si1,2.529206523368281,3.429316669112245,-2.5856445493758873,10.0
23,4,8,Si1,3.447391867389837,2.9187991252098895,1.7379801217150455,11.0
24,4,3,Si1,-4.912351050491104,1.2280746978720005,0.4087048974327818,12.0
25,4,14,Si1,-2.3831445271228238,4.657391366984245,-2.176939651943105,13.0
26,4,8,Si1,-1.4649591831012667,4.14687382308189,2.146685019147828,14.0
27,4,31,Si1,2.3438352905074797,-2.2666295863256996,3.5500095179452282,15.0
28,4,20,Si1,0.9626968757577979,2.912066320545425,3.6037478664872236,16.0
29,4,31,Si1,-2.568515759983624,-1.0385548884536993,3.9587144153780107,17.0
30,4,27,Si1,-3.2960914550347113,-2.9566238259043494,1.4822965760124218,18.0
31,4,27,Si1,1.6162595954563925,-4.184698523776349,1.0735916785796396,19.0
32,4,6,Si1,-2.0820761633759486,-4.675224459554665,-2.7306947622140942,20.0
