,neighbor_num,isite,atom,x,y,z,front_index
0,0,19,Si1,0.0,0.0,0.0,
1,1,72,O1,-0.7616906023490831,1.3175561016103277,-0.5447265947450015,0.0
2,1,77,O1,-0.7780231019354156,-1.322995101762869,-0.514974473902588,0.0
3,1,67,O1,-1.1102230246251565e-16,3.1035420994241156e-32,1.620640107452915,0.0
4,1,71,O1,1.5228351086228644,-6.444440266711854e-33,-0.5501510889615586,0.0
5,2,0,Si1,-1.6103769231036542,2.659964395280811,-0.8456006874628184,1.0
6,2,23,Si1,-2.2288149706282834,-2.02782536424766,-0.6556644695002838,2.0
7,2,28,Si1,0.7284205002201803,0.7002255477986168,2.885778600476154,3.0
8,2,28,Si1,2.4275556253273405,0.214831171623688,-1.8769655797423077,4.0
9,3,32,O1,-2.626799554942757,2.9503273111086536,0.3828327736909489,5.0
10,3,36,O1,-2.447441095233268,2.4640592250566122,-2.2176931496374306,5.0
11,3,42,O1,-0.5988926549785136,3.916266309757246,-0.9850272639222462,5.0
12,3,83,O1,-2.0231924171802547,-3.630787718371866,-0.7391686028236839,6.0
13,3,81,O1,-3.170922621561403,-1.6409394540857363,0.6040737920198244,6.0
14,3,87,O1,-2.92600382177844,-1.5134695984828685,-2.0231498383195214,6.0
15,3,90,O1,0.9108480311913306,2.27952472864689,2.5791312518556384,7.0
16,3,71,O1,-0.17630001648429539,0.48539437617492803,4.212593091256902,7.0
17,3,94,O1,2.182528177925387,0.02145946470966868,3.0982214930734555,7.0
18,3,90,O1,2.6099831562984908,1.7941303524719616,-2.18361292836282,8.0
19,3,67,O1,1.6991351251071611,-0.4853943761749285,-3.142104072765545,8.0
20,3,94,O1,3.881663303032547,-0.4639349114652605,-1.664522687145006,8.0
21,4,15,Si1,-4.030456353880524,2.4429974884019536,1.010408817886529,9.0
22,4,15,Si1,-2.331321228773362,1.957603112227025,-3.7523353623319315,10.0
23,4,4,Si1,0.6605765986272866,4.675751978999333,-0.30805227363195226,11.0
24,4,22,Si1,-2.409615089163299,-5.173149951610447,-1.040064172024676,12.0
25,4,11,Si1,-4.401362021727145,-0.7477819596579182,1.1599268949482742,13.0
26,4,11,Si1,-2.7022268966199854,-1.2331763358328458,-3.602817285270186,14.0
27,4,24,Si1,1.1265123300685185,3.88323868583969,2.660056616530912,15.0
28,4,19,Si1,-1.69913512510716,0.48539437617492787,4.76274418021846,16.0
29,4,30,Si1,3.76071760494535,0.3466774412021015,3.2526103422071113,17.0
30,4,24,Si1,2.825647455175677,3.397844309664762,-2.1026875636875486,18.0
31,4,19,Si1,1.69913512510716,-0.48539437617492787,-4.76274418021846,19.0
32,4,30,Si1,5.459852730052508,-0.13871693497282708,-1.5101338380113483,20.0
