,neighbor_num,isite,atom,x,y,z,front_index
0,0,22,Si1,0.0,0.0,0.0,
1,1,86,O1,-0.7688627115657894,1.3233380535007366,-0.5275195814363973,0.0
2,1,76,O1,-0.7994320597121258,-1.3079579697858101,-0.5210861264889055,0.0
3,1,80,O1,1.5171119429465398,0.0,-0.5679431076571166,0.0
4,1,83,O1,-5.551115123125783e-17,0.0,1.6182527254752266,0.0
5,2,10,Si1,-2.210806864822854,2.042131640103427,-0.6952172469616053,1.0
6,2,18,Si1,-0.9811144013818572,-2.3349269194354974,-1.7592949127547026,2.0
7,2,10,Si1,2.5700538697840716,0.606333343229048,-1.6376894677651335,3.0
8,2,23,Si1,0.15616049777903218,0.6013962814845332,3.112467668198656,4.0
9,3,60,O1,-2.7500168463772288,1.7913437774989696,-2.202305998401089,5.0
10,3,56,O1,-2.015801736764285,3.629925550518803,-0.4464323149023851,5.0
11,3,80,O1,-3.263748791660387,1.4357982968743785,0.37452911314641135,5.0
12,3,73,O1,-1.1387195079678238,-1.4978265613009343,-3.1330770419182077,6.0
13,3,70,O1,-2.3005304395938557,-3.2468482406024606,-1.537407980174039,6.0
14,3,66,O1,0.3332822043453876,-3.2793009931732526,-1.84292223837052,6.0
15,3,60,O1,2.0308438882296977,0.35554548062458996,-3.1447782192046163,7.0
16,3,56,O1,2.765058997842642,2.1941272536444236,-1.3889045357059133,7.0
17,3,86,O1,4.011998023041138,-0.11246024337364302,-1.469991802239925,7.0
18,3,77,O1,0.296790457485868,-0.6277863112425287,4.156838190671705,8.0
19,3,81,O1,-1.121830682943365,1.5222843375077224,3.4904779210170824,8.0
20,3,87,O1,1.5016783808309317,1.4988392882574075,3.1819518956193007,8.0
21,4,14,Si1,-2.914267879794526,1.5946573024849096,-3.80100369705088,9.0
22,4,8,Si1,-2.054364690509332,5.0779251206511535,-1.1694956508806296,10.0
23,4,22,Si1,-4.780860734606927,1.4357982968743792,0.9424722208035287,11.0
24,4,1,Si1,-1.0515445449419154,-0.7342390759663371,-4.55511374878685,12.0
25,4,29,Si1,-3.9202875883684447,-3.2217074885061194,-1.5667858659156106,13.0
26,4,29,Si1,0.8605731462384814,-4.657505785380499,-2.5092580867191385,14.0
27,4,14,Si1,1.8665928548123996,0.15885900561053012,-4.7434759178544095,15.0
28,4,8,Si1,2.726496044097595,3.6421268237767728,-2.111967871684157,16.0
29,4,22,Si1,4.780860734606927,-1.4357982968743792,-0.9424722208035287,17.0
30,4,19,Si1,0.0953915780414129,-1.0761176146095839,5.699327162750505,18.0
31,4,11,Si1,-1.6599309686656527,2.8986793597979936,4.151287216115265,19.0
32,4,11,Si1,3.120929765941272,1.4628810629236124,3.208814995311738,20.0
