,neighbor_num,isite,atom,x,y,z,front_index
0,0,19,Si1,0.0,0.0,0.0,
1,1,46,O1,1.5186897308688287,2.6629594946319852e-17,-0.533177665512081,0.0
2,1,72,O1,-0.7620712154782734,-1.3126874716081303,-0.5352418321745618,0.0
3,1,76,O1,0.0,1.3405372597874705e-16,1.6094672283458191,0.0
4,1,41,O1,-0.7561018601009492,1.313577421667017,-0.5417760181923731,0.0
5,2,3,Si1,2.9482361747547263,-0.4000795314613661,-1.1536501728935924,1.0
6,2,14,Si1,-0.799504984682741,-2.7620361063841297,-1.2340780154462572,2.0
7,2,13,Si1,-0.48284128800554793,0.5531613311004825,3.041689833771197,3.0
8,2,7,Si1,-1.6431569310378267,2.648112439526316,-0.6860063349887248,4.0
