,neighbor_num,isite,atom,x,y,z,front_index
0,0,9,Si1,0.0,0.0,0.0,
1,1,32,O1,-0.7574798305442723,-1.3124818580637527,-0.546127099368176,0.0
2,1,43,O1,1.5173824852487183,-5.551115123125783e-17,-0.5349796188621394,0.0
3,1,52,O1,-0.7591146466038281,1.3138472361165596,-0.534979618862139,0.0
4,1,62,O1,1.1102230246251565e-16,0.0,1.6074033747080647,0.0
5,2,29,O1,-0.7579605127821493,-1.3133147339916227,-0.5469423481875333,1.0
6,2,21,Si1,2.864334978948697,-0.20842302531895596,-1.3911196447221925,2.0
7,2,13,Si1,-1.6134327863002156,2.375855566570422,-1.3911196447221927,3.0
8,2,67,O1,-0.00011257258580271712,-0.0001950540075442153,1.6086437979058348,4.0
