,neighbor_num,isite,atom,x,y,z,front_index
0,0,22,Si1,0.0,0.0,0.0,
1,1,79,O1,1.5155523334955237,6.0993649379389415e-33,-0.541743371116834,0.0
2,1,44,O1,0.0,0.0,1.6095642017173053,0.0
3,1,75,O1,-0.7589855118485223,-1.3153256564874265,-0.5331455379884769,0.0
4,1,49,O1,-0.7570797481220521,1.316217404099306,-0.5339465532961921,0.0
5,2,16,Si1,3.106649450744432,-0.1425157739004443,-0.3455700462621687,1.0
6,2,10,Si1,0.4024513706126809,-0.10303946250535166,3.1639349941955057,2.0
7,2,17,Si1,-1.8335654846427372,-2.0707983207107117,-1.4631582792638915,3.0
8,2,0,Si1,-1.6981041098898073,2.355590388801498,-1.3231421870704227,4.0
