,neighbor_num,isite,atom,x,y,z,front_index
0,0,18,Si1,0.0,0.0,0.0,
1,1,70,O1,-0.7556501504993274,-1.3137319839351065,-0.5417433711168342,0.0
2,1,77,O1,-0.7617406818939374,1.3137319830763812,-0.5331455379884773,0.0
3,1,47,O1,0.0,-5.775144599534992e-18,1.6095642017173069,0.0
4,1,40,O1,1.5184195730661747,1.740898214934394e-17,-0.5339465532961931,0.0
5,2,12,Si1,-1.6725042081164438,-2.621890773745905,-0.3455700462621684,1.0
6,2,14,Si1,-0.8808273540097165,2.621890776512191,-1.4631582792638933,2.0
7,2,4,Si1,-0.2899792152074785,-0.29748326219986176,3.163934994195509,3.0
8,2,6,Si1,2.8885753162501073,0.2974832603513033,-1.3231421870704247,4.0
