,neighbor_num,isite,atom,x,y,z,front_index
0,0,18,Si1,0.0,0.0,0.0,
1,1,70,O1,1.5178606414004758,-1.3877787807814457e-17,-0.535241841600687,0.0
2,1,77,O1,0.0,5.551115123125783e-17,1.6094672269068004,0.0
3,1,47,O1,-0.7624874764681608,1.3134044879589037,-0.5331776614680075,0.0
4,1,40,O1,-0.7564022237540426,-1.3134044877310238,-0.5417760138242518,0.0
5,2,12,Si1,2.790091392044109,0.6952996889778684,-1.234078027939643,1.0
6,2,14,Si1,-0.23596927852003513,-0.6952996900946564,3.041689836630116,2.0
7,2,4,Si1,-1.134219103533718,2.7505830656121333,-1.1536501672445016,3.0
8,2,6,Si1,-1.4651815639281207,-2.750583064731924,-0.6860063292559565,4.0
