,neighbor_num,isite,atom,x,y,z,front_index
0,0,2,Si1,0.0,0.0,0.0,
1,1,66,O1,1.5121980758642402,6.162975822039155e-33,-0.5449794474223358,0.0
2,1,51,O1,-0.7604506151481885,-1.314214,-0.5321740486446302,0.0
3,1,36,O1,-0.7604506151481882,1.3142139999999995,-0.5321740486446304,0.0
4,1,26,O1,0.0,-6.162975822039155e-33,1.6107883537136165,0.0
5,2,60,O1,1.51344138364026,-3.739068855702981e-20,-0.5451881344226238,1.0
6,2,23,Si1,-1.7329531414431327,-2.584999999999999,-0.7054908315365354,2.0
7,2,14,Si1,-1.7329531414431327,2.584999999999999,-0.7054908315365358,3.0
8,2,6,Si1,-1.0560169185775319,-2.0993469584661152e-16,2.8286856847105932,4.0
