,neighbor_num,isite,atom,x,y,z,front_index
0,0,15,Si1,0.0,0.0,0.0,
1,1,73,O1,0.0,0.0,1.6094672283458182,0.0
2,1,81,O1,-0.7620712154782734,1.31268747160813,-0.535241832174562,0.0
3,1,56,O1,-0.7561018601009484,-1.313577421667017,-0.5417760181923725,0.0
4,1,37,O1,1.5186897308688287,1.1102230246251565e-16,-0.5331776655120806,0.0
5,2,21,Si1,-0.48284128800554776,-0.5531613311004822,3.0416898337711955,1.0
6,2,23,Si1,-0.7995049846827416,2.76203610638413,-1.2340780154462574,2.0
7,2,7,Si1,-1.6431569310378262,-2.648112439526317,-0.6860063349887238,3.0
8,2,3,Si1,2.9482361747547263,0.40007953146136677,-1.1536501728935913,4.0
