,neighbor_num,isite,atom,x,y,z,front_index
0,0,6,Si1,0.0,0.0,0.0,
1,1,55,O1,6.162975822039155e-33,0.0,1.608929084558254,0.0
2,1,26,O1,-0.7546467047427521,1.3209449657692804,-0.532971284030621,0.0
3,1,59,O1,-0.7567720433499118,-1.3135376024556145,-0.534472310192054,0.0
4,1,40,O1,1.5163009327123227,3.216957252451524e-17,-0.5380374341932003,0.0
5,2,16,Si1,-0.0011014395980194472,0.41559511748526873,3.1639134596567837,1.0
6,2,2,Si1,-0.6180567549784652,2.9230299883523205,-0.4365042611786943,2.0
7,2,64,O1,-0.7575063644483783,-1.314421445231195,-0.5349909264614696,3.0
8,2,18,Si1,2.9813944941398303,0.4155951174852693,-1.0590733986269583,4.0
