,neighbor_num,isite,atom,x,y,z,front_index
0,0,19,Si1,0.0,0.0,0.0,
1,1,46,O1,-0.7624874743725771,1.3134044883703437,-0.5331776655120806,0.0
2,1,72,O1,1.5178606443206433,0.0,-0.5352418321745624,0.0
3,1,76,O1,-1.1102230246251565e-16,0.0,1.6094672283458185,0.0
4,1,41,O1,-0.75640221989612,-1.313404487314439,-0.5417760181923722,0.0
5,2,3,Si1,-1.1342191017718242,2.7505830659703117,-1.153650172893592,1.0
6,2,14,Si1,2.790091398893427,0.6952996902941001,-1.2340780154462583,2.0
7,2,13,Si1,-0.23596929218789098,-0.6952996913360885,3.0416898337711964,3.0
8,2,7,Si1,-1.4651815576348066,-2.7505830646534757,-0.6860063349887238,4.0
