,neighbor_num,isite,atom,x,y,z,front_index
0,0,6,Si1,0.0,0.0,0.0,
1,1,35,O1,-0.7564063872257988,1.3290892340615152,-0.5111894692099281,0.0
2,1,26,O1,1.1102230246251565e-16,1.232595164407831e-32,1.6118338232620133,0.0
3,1,29,O1,-0.769288460100468,-1.3087246874417044,-0.5342664114764482,0.0
4,1,59,O1,1.5156904626915038,-2.465190328815662e-32,-0.5404343477033114,0.0
5,2,3,Si1,-1.4066369337005733,2.5682407091672297,0.28983946056713383,1.0
6,2,8,Si1,-0.49932409660592425,1.1113240162678195,2.666069212415995,2.0
7,2,1,Si1,-0.9810549767360061,-2.8482293464242194,-0.11583363527668816,3.0
8,2,15,Si1,2.723866674888555,-0.8927849442403291,-1.1171770515934174,4.0
