,neighbor_num,isite,atom,x,y,z,front_index
0,0,4,Si1,0.0,0.0,0.0,
1,1,24,O1,1.5204228745046104,-6.938893903907228e-18,-0.5350911665263959,0.0
2,1,31,O1,-5.551115123125783e-17,5.551115123125783e-17,1.6093494464519074,0.0
3,1,33,O1,-0.7353268629932803,-1.3256096701283415,-0.5495424416621809,0.0
4,1,38,O1,-0.764768928738979,1.3066652091183486,-0.5451067599898454,0.0
5,2,9,Si1,2.280816263575174,-0.9936282125437832,-1.5501196131348844,1.0
6,2,3,Si1,0.8709256463529543,0.5975834363663326,2.8235933247153944,2.0
7,2,1,Si1,-0.22497658690139943,-2.5141098945309586,-1.512326581775223,3.0
8,2,17,Si1,-1.2565439338696425,2.8006445106166016,-0.20515080123192297,4.0
