,neighbor_num,isite,atom,x,y,z,front_index
0,0,10,Si1,0.0,0.0,0.0,
1,1,52,O1,-5.551115123125783e-17,3.851859888774472e-34,1.6124340259884558,0.0
2,1,40,O1,1.52868836084145,0.0,-0.5109991871219787,0.0
3,1,48,O1,-0.7466709654704509,-1.315920038356215,-0.5484911692735471,0.0
4,1,36,O1,-0.7502321925535436,1.3172979312771318,-0.5396894295618385,0.0
5,2,15,Si1,1.2030981435296095,0.047792910373164695,2.6849144141163737,1.0
6,2,18,Si1,2.9130471149683856,0.11572040105559823,0.305050754352967,2.0
7,2,17,Si1,-0.7407997819943414,-2.2614427235277876,-1.850780699994573,3.0
8,2,3,Si1,-1.732670015911146,1.9257407212496607,-1.6595109141915594,4.0
