,neighbor_num,isite,atom,x,y,z,front_index
0,0,14,Si1,0.0,0.0,0.0,
1,1,53,O1,1.1102230246251565e-16,0.0,1.6124340259884566,0.0
2,1,44,O1,-0.756533384445493,1.3283619020400919,-0.5109991871219771,0.0
3,1,58,O1,1.5159558642951003,-4.930380657631324e-32,-0.5396894295618403,0.0
4,1,51,O1,-0.7739553481376327,-1.3000600744246997,-0.5484911692735466,0.0
5,2,11,Si1,-0.553871966782789,1.0690908051510366,2.684914414116375,1.0
6,2,19,Si1,-1.3410835546341808,2.588576752722594,0.3050507543529698,2.0
7,2,7,Si1,2.53086464035753,-0.5525820135551286,-1.6595109141915614,3.0
8,2,13,Si1,-1.5984779199642745,-1.7628884956758701,-1.8507806999945728,4.0
