,neighbor_num,isite,atom,x,y,z,front_index
0,0,7,Si1,0.0,0.0,0.0,
1,1,27,O1,-0.768005034622958,-1.3121943393075006,-0.535091166526396,0.0
2,1,28,O1,0.0,-3.16122937795766e-33,1.6093494464519074,0.0
3,1,34,O1,-0.7726289784900143,1.3042204777470672,-0.5495424416621799,0.0
4,1,58,O1,1.514016341749607,-8.444726947402396e-34,-0.5451067599898448,0.0
5,2,9,Si1,-2.0096459613891273,-1.4665411561986013,-1.550119613134885,1.0
6,2,0,Si1,0.0758146455275217,-1.0535034809711095,2.8235933247153926,2.0
7,2,2,Si1,-2.0561500836446793,1.4641071886853936,-1.512326581775222,3.0
8,2,14,Si1,3.051796982594321,-0.33022342379015096,-0.20515080123192253,4.0
