,neighbor_num,isite,atom,x,y,z,front_index
0,0,18,Si1,0.0,0.0,0.0,
1,1,43,O1,1.5208234013847246,2.844516463390827e-17,-0.5318590604005994,0.0
2,1,40,O1,-0.7621966923310239,1.313898628785378,-0.5371261246720008,0.0
3,1,45,O1,-0.7586267090537013,-1.3138986287853764,-0.542156608293091,0.0
4,1,46,O1,-1.1102230246251565e-16,-9.390122332762882e-18,1.6111417933656886,0.0
5,2,13,Si1,2.918126150889159,-0.06794650528082986,0.26872608339043724,1.0
6,2,10,Si1,-2.1088698875175567,1.4695326636514527,-1.409053659716537,2.0
7,2,15,Si1,-2.02622968991838,-1.4695326636514516,-1.5255024294088004,3.0
8,2,16,Si1,1.2169734265467789,0.06794650528082857,2.665830005734897,4.0
