,neighbor_num,isite,atom,x,y,z,front_index
0,0,18,Si1,0.0,0.0,0.0,
1,1,43,O1,-0.7586267090537006,-1.3138986287853782,-0.5421566082930898,0.0
2,1,40,O1,-1.1102230246251565e-16,0.0,1.6111417933656902,0.0
3,1,45,O1,1.5208234013847248,0.0,-0.5318590604005974,0.0
4,1,46,O1,-0.7621966923310234,1.3138986287853767,-0.5371261246720002,0.0
5,2,13,Si1,-2.026229689918379,-1.4695326636514543,-1.5255024294088,1.0
6,2,10,Si1,1.2169734265467786,0.06794650528082975,2.665830005734898,2.0
7,2,15,Si1,2.9181261508891585,-0.06794650528082892,0.26872608339043946,3.0
8,2,16,Si1,-2.1088698875175567,1.4695326636514507,-1.4090536597165377,4.0
