,neighbor_num,isite,atom,x,y,z,front_index
0,0,12,Si1,0.0,0.0,0.0,
1,1,48,O1,-0.7571898657077953,-1.315753397502732,-0.5356075091980201,0.0
2,1,59,O1,1.5180982002276904,0.0,-0.5362669022025589,0.0
3,1,62,O1,0.0,0.0,1.6102211133134479,0.0
4,1,72,O1,-0.7567849168589467,1.3141122625435075,-0.5373385872175019,0.0
5,2,0,Si1,-2.1006087630138177,-1.9928981790970794,-1.1110576710866544,1.0
6,2,11,Si1,3.0451826601832734,-0.4223729013979701,-0.2502275338294141,2.0
7,2,13,Si1,0.3586381328825199,0.8497966930428686,2.9300833424481185,3.0
8,2,20,Si1,-1.9653014044200097,2.375201532999936,-0.46594344504973173,4.0
9,3,44,O1,-2.468598855463088,-3.284205013840974,-0.22388791539690955,5.0
10,3,36,O1,-3.3091252505748807,-0.9318089086406509,-1.039662528918885,5.0
11,3,64,O1,-1.861166035847,-2.438679557009955,-2.638924982503315,5.0
12,3,55,O1,3.3224674140095023,-1.8816099894484641,-0.8708394784722164,6.0
13,3,71,O1,4.0328603054876035,0.6497789285596327,-0.9309114022661336,6.0
14,3,61,O1,3.3031079674665547,-0.45814765534151425,1.3387994441050408,6.0
15,3,73,O1,-0.3427229900988966,2.2952361972671804,2.8455586652032814,7.0
16,3,58,O1,1.9547915094877326,1.0347492250766668,3.0315293634570635,7.0
17,3,49,O1,-0.17362350267229743,0.06701301802806503,4.232145617889163,7.0
18,3,34,O1,-2.2047441315868275,2.820982910912813,1.0619238663669284,8.0
19,3,84,O1,-3.3087203017260323,1.6980567514055882,-1.0413936069383656,8.0
20,3,77,O1,-1.5973113119707385,3.6665083677438304,-1.3531132007394775,8.0
21,4,5,Si1,-2.940739493907219,-4.822297623576713,-0.1876309655307974,9.0
22,4,24,Si1,-4.065910167433827,0.38230335390285664,-1.5770011161363866,10.0
23,4,1,Si1,-2.4631727479626626,-2.851997218425671,-4.073215332157836,11.0
24,4,7,Si1,4.322563405460189,-2.8838049547233995,-1.638860010202249,12.0
25,4,19,Si1,5.478478431583546,1.3427344406937862,-1.0776107499660768,13.0
26,4,10,Si1,3.403820793065793,0.4274237916448984,2.6798558086187048,14.0
27,4,21,Si1,-1.6027374194711648,3.234300572328527,2.49621421602145,15.0
28,4,10,Si1,3.403820793065793,0.4274237916448984,2.6798558086187048,16.0
29,4,1,Si1,-1.3085103755141105,-0.11601301674225728,5.360407792272681,17.0
30,4,21,Si1,-1.6027374194711648,3.234300572328527,2.49621421602145,18.0
31,4,24,Si1,-4.065910167433827,0.38230335390285664,-1.5770011161363866,19.0
32,4,17,Si1,-1.1251706735266087,5.20460097747957,-1.3893701506055893,20.0
