,neighbor_num,isite,atom,x,y,z,front_index
0,0,20,Si1,0.0,0.0,0.0,
1,1,72,O1,1.5178357058124543,1.7056254910465267e-33,-0.5363716781026433,0.0
2,1,34,O1,-0.7626951561227105,1.31303329771067,-0.5335466574841966,0.0
3,1,84,O1,0.0,-4.677780076027951e-33,1.6107272511809818,0.0
4,1,77,O1,-0.756290874126534,-1.3168432081795858,-0.5328304643992692,0.0
5,2,12,Si1,2.918126104153238,0.7444782854338065,-0.8070857137518274,1.0
6,2,21,Si1,-1.0596903513105098,2.357174358870053,-1.7218209003334128,2.0
7,2,24,Si1,0.8283859140038594,0.10845516600997498,2.986748019238506,3.0
8,2,17,Si1,-1.8169896135021388,-1.9565618075372648,-1.5602731746904919,4.0
9,3,48,O1,3.7465120181570977,0.8529334514437816,0.5689350543056972,5.0
10,3,59,O1,3.772343761481328,-0.09683348880005015,-1.881660526585663,5.0
11,3,62,O1,2.639097126147967,2.2223213255925267,-1.3823550522778496,5.0
12,3,73,O1,0.30762882689542026,2.6919832009261175,-2.502756948356025,6.0
13,3,76,O1,-2.120389090686114,1.7174557595123738,-2.7492636106246366,6.0
14,3,85,O1,-1.669181043815854,3.7129249614558213,-1.1014148421467442,6.0
15,3,92,O1,1.107414892009131,-1.3693878741487446,3.562017357764528,7.0
16,3,36,O1,2.2286763123446427,0.8529334514437815,2.7160339835893232,7.0
17,3,88,O1,-0.025831743324229217,0.9497669402438311,4.0613228320723405,7.0
18,3,69,O1,-3.1843087917080686,-2.2913706495933295,-0.77933712666788,8.0
19,3,32,O1,-2.1139848086899375,-0.9124207463778803,-2.7485474175397084,8.0
20,3,81,O1,-1.2074989209967955,-3.3123124101230346,-2.1806792328771616,8.0
21,4,0,Si1,3.746512018157099,0.8529334514437816,2.179662305486679,9.0
22,4,11,Si1,4.846593716792727,-0.04879203309900089,-3.0799440439470844,10.0
23,4,13,Si1,1.869910106965199,3.076129100290616,-2.5102626935083814,11.0
24,4,13,Si1,1.869910106965199,3.076129100290616,-2.5102626935083814,12.0
25,4,16,Si1,-2.876679964812648,0.4006125513327884,-3.282094075023906,13.0
26,4,25,Si1,-1.498208124828833,5.283729060930402,-0.7935810530221772,14.0
27,4,25,Si1,1.876601911191899,-2.223195648846835,4.68992499899506,15.0
28,4,0,Si1,3.746512018157099,0.8529334514437816,2.179662305486679,16.0
29,4,31,Si1,-1.1000816986356279,0.9017254845427823,5.259606349433762,17.0
30,4,9,Si1,-4.746590071777847,-2.6755165489578285,-0.771831381515524,18.0
31,4,16,Si1,-2.876679964812648,0.4006125513327884,-3.282094075023906,19.0
32,4,29,Si1,-1.3784718399838152,-4.883116509597614,-2.488513022001727,20.0
