,neighbor_num,isite,atom,x,y,z,front_index
0,0,5,Si1,0.0,0.0,0.0,
1,1,40,O1,1.5183743121386069,-6.274651274466147e-34,-0.5196126852433607,0.0
2,1,55,O1,-0.7488175945702411,1.2990567442938754,-0.580328739781718,0.0
3,1,41,O1,-0.7609988022018467,-1.3139031070858092,-0.5196126852433616,0.0
4,1,54,O1,-5.551115123125783e-17,-2.3134155096119456e-32,1.607811450714915,0.0
5,2,11,Si1,3.0376607383685865,0.0005257715514547235,-1.0392253704867216,1.0
6,2,7,Si1,-1.1907888815910215,2.0657932437455218,-1.9269499816557445,2.0
7,2,11,Si1,-1.5229097184950657,-2.6283319857230727,-1.0392253704867236,3.0
8,2,6,Si1,0.46764503312033284,-0.8112755878274388,2.919204713928375,4.0
9,3,36,O1,3.788955624229134,-1.302828604076926,-0.4792201526885477,5.0
10,3,37,O1,3.048020320128054,-0.017446141301933397,-2.6443272885483733,5.0
11,3,41,O1,3.799571654661806,1.3149546501887188,-0.5196126852433598,5.0
12,3,51,O1,-0.7253396293870988,1.2583269200554879,-3.2358151135390707,6.0
13,3,59,O1,-0.5202394137226446,3.5313385280853407,-1.8854783208049957,6.0
14,3,57,O1,-2.7950519576062334,2.220064278756807,-1.8854783208049963,6.0
15,3,40,O1,-3.042196144725046,-2.6288577572745275,-0.5196126852433618,7.0
16,3,36,O1,-0.771614832634518,-3.931686361351454,-0.4792201526885498,7.0
17,3,37,O1,-1.512550136735598,-2.6463038985764613,-2.6443272885483764,7.0
18,3,56,O1,-0.8575849602866008,-1.1410741185846096,3.7760465089220814,8.0
19,3,58,O1,1.4172275835969899,0.17020013074392415,3.776046508922082,8.0
20,3,50,O1,1.2452329879030088,-2.160243459665236,2.522448545662595,8.0
21,4,14,Si1,4.4775863008598575,-2.4974724416301894,0.34785948694718827,9.0
22,4,15,Si1,2.9113751846376803,0.2196072961718425,-4.228808469386296,10.0
23,4,5,Si1,4.560570456863653,2.6288577572745253,0.0,11.0
24,4,9,Si1,-0.2598903771831742,0.4508605963654504,-4.544680245422397,12.0
25,4,13,Si1,0.19851601345177683,4.925904301213657,-2.2428217576918468,13.0
26,4,13,Si1,-4.362054443411875,2.2970465439391283,-2.242821757691849,14.0
27,4,5,Si1,-4.560570456863651,-2.6288577572745293,-3.552713678800501e-15,15.0
28,4,14,Si1,-0.08298415600379404,-5.126330198904717,0.3478594869471864,16.0
29,4,15,Si1,-1.6491952722259717,-2.4092504611026855,-4.228808469386299,17.0
30,4,12,Si1,-1.9871203250538372,-1.823014477700288,4.6970376043779964,18.0
31,4,12,Si1,2.573450131809815,0.8058432795742391,4.697037604378,19.0
32,4,8,Si1,2.0228209426856867,-3.509211331503035,2.125692377396812,20.0
