,neighbor_num,isite,atom,x,y,z,front_index
0,0,14,Si1,0.0,0.0,0.0,
1,1,53,O1,-0.7596703639590188,1.312051432707129,-0.539879299959517,0.0
2,1,68,O1,-0.7543427661443213,-1.3171891843536814,-0.5362850972850124,0.0
3,1,44,O1,1.516066705899229,-1.1102230246251565e-16,-0.5404073916035226,0.0
4,1,32,O1,0.0,-5.551115123125783e-17,1.609346664301795,0.0
5,2,5,Si1,-2.045385231418984,2.27954702900469,-0.5092650351722524,1.0
6,2,18,Si1,-2.121436942033463,-2.0992094271434794,-0.8759502252707704,2.0
7,2,8,Si1,3.087426667425815,0.22898239769641604,-0.2779319861038271,3.0
8,2,20,Si1,0.20400681569701273,0.8448402843112881,2.9622701893121994,4.0
