,neighbor_num,isite,atom,x,y,z,front_index
0,0,11,Si1,0.0,0.0,0.0,
1,1,47,O1,1.51603634558913,0.0,-0.5404925572925294,0.0
2,1,29,O1,0.0,-2.7755575615628914e-17,1.6080348103733935,0.0
3,1,63,O1,-0.7551960628031696,-1.318299390351054,-0.5363209837609547,0.0
4,1,59,O1,-0.7598095226025839,1.3118627646754548,-0.540141887370106,0.0
5,2,17,Si1,3.087392046593706,0.22917379362817658,-0.27815872632452765,1.0
6,2,5,Si1,0.2041031119739839,0.8455464477327171,2.962062066490652,2.0
7,2,3,Si1,-2.1213119932837525,-2.0995891346227658,-0.8753425661469821,3.0
8,2,20,Si1,-2.045602921380436,2.2792588169665953,-0.5096804996464529,4.0
