,neighbor_num,isite,atom,x,y,z,front_index
0,0,21,Si1,0.0,0.0,0.0,
1,1,71,O1,-1.1102230246251565e-16,0.0,1.6111718014247038,0.0
2,1,34,O1,-0.7589322251615112,-1.312736314036328,-0.5352767620984409,0.0
3,1,54,O1,-0.7536552294960038,1.3165078672564026,-0.5374555908091887,0.0
4,1,40,O1,1.519496694197175,-6.162975822039155e-33,-0.530686535579047,0.0
5,2,17,Si1,-0.7560963311594627,0.284623646202714,3.003626380429782,1.0
6,2,16,Si1,-1.4693847416078265,-2.0557168491857034,-1.773514955317523,2.0
7,2,6,Si1,-2.116857983756848,2.148447526287828,-0.7364589477985912,3.0
8,2,4,Si1,2.6407367634931096,-0.5571739160650453,-1.5420600215088083,4.0
