,neighbor_num,isite,atom,x,y,z,front_index
0,0,3,Si1,0.0,0.0,0.0,
1,1,63,O1,1.517899972946513,-3.497961066224307e-17,-0.5362850971913075,0.0
2,1,39,O1,-0.7534316941162177,-1.3155983218363594,-0.540407383927676,0.0
3,1,51,O1,-0.7610304565951668,1.3112630054477057,-0.5398792978671513,0.0
4,1,27,O1,-1.1102230246251565e-16,4.361024683114232e-17,1.6093466684710243,0.0
5,2,11,Si1,2.8759118591661936,0.7976878386064712,-0.8759502301106148,1.0
6,2,22,Si1,-1.7330464018464216,-2.5653823345578943,-0.2779319760814275,2.0
7,2,12,Si1,-0.9616398733722025,2.9077799362461154,-0.509265033852932,3.0
8,2,10,Si1,-0.8345118615967404,0.24282468597265042,2.9622701943555794,4.0
