,neighbor_num,isite,atom,x,y,z,front_index
0,0,24,Si1,0.0,0.0,0.0,
1,1,101,O1,-5.551115123125783e-17,-5.551115123125783e-17,1.6070001411836567,0.0
2,1,74,O1,-0.7740893901505581,-1.3090307294139207,-0.5290138685453167,0.0
3,1,94,O1,-0.7615655721401993,1.3135531295798772,-0.5375967670649081,0.0
4,1,98,O1,1.5128442567828584,1.1102230246251565e-16,-0.5522246779226556,0.0
5,2,25,Si1,0.528049424404353,-0.2194532047423311,3.1088168911689222,1.0
6,2,35,Si1,-2.150845521450643,-2.144099733264619,-0.5317374502420404,2.0
7,2,12,Si1,-1.3363632305406166,1.841590550888766,-1.9462539183870273,3.0
8,2,18,Si1,2.7518131752790786,0.7872721436299006,-1.216252088494283,4.0
