,neighbor_num,isite,atom,x,y,z,front_index
0,0,28,Si1,0.0,0.0,0.0,
1,1,54,O1,1.5178018079604425,-1.6653345369377348e-16,-0.5348189496803044,0.0
2,1,40,O1,-0.7388684226271284,-1.3174182930066887,-0.5648274425319662,0.0
3,1,82,O1,5.551115123125783e-17,1.6653345369377348e-16,1.6087794740706691,0.0
4,1,86,O1,-0.7657896619459514,1.30976781141347,-0.5397783698562685,0.0
5,2,12,Si1,3.0375210998808044,0.5089786532080016,-0.6846102346806292,1.0
6,2,16,Si1,-0.6834024675198876,-1.9768860535110686,-2.0340567656103787,2.0
7,2,18,Si1,0.6575786956445859,0.7556998776643369,2.8696377997921436,3.0
8,2,32,Si1,-0.6709009867266866,2.323038756407479,-1.7881794210681863,4.0
