,neighbor_num,isite,atom,x,y,z,front_index
0,0,30,Si1,0.0,0.0,0.0,
1,1,90,O1,-0.7482027679200571,-1.3246647166369312,-0.5258321322364814,0.0
2,1,84,O1,0.0,0.0,1.6106604451744706,0.0
3,1,102,O1,-0.7614162515289757,1.305985838637131,-0.5533832153136374,0.0
4,1,58,O1,1.518339180507658,0.0,-0.536821170699729,0.0
5,2,10,Si1,-0.8897876828492068,-2.846421183725584,-1.0297811414859317,1.0
6,2,26,Si1,0.3837938314302004,-1.0062844268142486,2.8078990083483464,2.0
7,2,20,Si1,-0.7260689281900101,2.3119004747329335,-1.8106589419112915,3.0
8,2,6,Si1,2.7685425068850136,-1.0154243501803064,-0.518953304770634,4.0
