,neighbor_num,isite,atom,x,y,z,front_index
0,0,26,Si1,0.0,0.0,0.0,
1,1,80,O1,-5.551115123125783e-17,2.220446049250313e-16,1.6087794772686461,0.0
2,1,42,O1,1.5104692946948919,-5.551115123125783e-17,-0.564827458916781,0.0
3,1,84,O1,-0.7677708411564903,1.3086074607889768,-0.5397783608859099,0.0
4,1,52,O1,-0.7424552368331743,-1.3238136397280817,-0.5348189467044149,0.0
5,2,20,Si1,-0.9807792633120311,-0.20387267813583398,2.8696378084762078,1.0
6,2,17,Si1,2.0585193753052193,-0.37096535272511943,-2.034056774731014,2.0
7,2,30,Si1,-1.6979532164393882,1.7215028727280675,-1.7881794171023564,3.0
8,2,14,Si1,-1.9297752281387668,-2.4003252400803374,-0.6846102335182881,4.0
