,neighbor_num,isite,atom,x,y,z,front_index
0,0,18,Si1,0.0,0.0,0.0,
1,1,104,O1,1.5180456587958115,7.98535190825616e-50,-0.5379528894490663,0.0
2,1,82,O1,-0.7602431309650874,1.3114204562243792,-0.5435646533995094,0.0
3,1,98,O1,-1.1102230246251565e-16,-1.4099727479190444e-49,1.61114053115356,0.0
4,1,107,O1,-0.757411011673174,-1.3166110400544742,-0.5325432906731542,0.0
5,2,32,Si1,2.713987179859601,1.0319270403002863,-0.8484962523343711,1.0
6,2,28,Si1,-1.4715564610788447,2.659328054196565,-0.028443454144004787,2.0
7,2,24,Si1,0.4777829957487384,0.6561679547451059,3.0021174771618844,3.0
8,2,21,Si1,-1.3520214016567103,-2.0906551148016748,-1.8123997991577854,4.0
