,neighbor_num,isite,atom,x,y,z,front_index
0,0,34,Si1,0.0,0.0,0.0,
1,1,77,O1,-0.7613050643763124,-1.315630977468333,-0.5349193362630669,0.0
2,1,76,O1,1.1102230246251565e-16,-3.0814879110195774e-33,1.6113997030886138,0.0
3,1,72,O1,-0.750783603277863,1.3204064197484415,-0.5344679291906379,0.0
4,1,73,O1,1.5148520367027962,7.703719777548943e-34,-0.5459197844548441,0.0
5,2,11,Si1,-0.38839772836871544,-2.2921153755788857,-1.762911961469287,1.0
6,2,10,Si1,-0.23197609755061044,1.2200313324622796,2.640116468052062,2.0
7,2,22,Si1,-2.1620862415573363,2.013669392652348,-0.8812283760410632,3.0
8,2,23,Si1,3.018727163800078,-0.5332860726648454,-0.3300562293865317,4.0
