,neighbor_num,isite,atom,x,y,z,front_index
0,0,11,Si1,0.0,0.0,0.0,
1,1,47,O1,-5.551115123125783e-17,-5.551115123125783e-17,1.6087794772686463,0.0
2,1,51,O1,-0.76777084115649,-1.3086074607889786,-0.5397783608859097,0.0
3,1,77,O1,1.5104692946948926,0.0,-0.5648274589167799,0.0
4,1,91,O1,-0.7424552368331767,1.3238136397280815,-0.5348189467044149,0.0
5,2,1,Si1,-0.9807792633120325,0.20387267813583299,2.8696378084762086,1.0
6,2,15,Si1,-1.6979532164393878,-1.7215028727280706,-1.7881794171023564,2.0
7,2,34,Si1,2.058519375305219,0.37096535272512177,-2.034056774731014,3.0
8,2,31,Si1,-1.9297752281387714,2.400325240080336,-0.6846102335182881,4.0
