,neighbor_num,isite,atom,x,y,z,front_index
0,0,21,Si1,0.0,0.0,0.0,
1,1,103,O1,-0.7613456420083318,1.313322289304393,-0.5379528894490666,0.0
2,1,107,O1,-0.7591886618321438,-1.315586807148287,-0.5325432906731532,0.0
3,1,81,O1,1.5158473640783756,-2.465190328815662e-32,-0.5435646533995099,0.0
4,1,97,O1,-1.1102230246251565e-16,-6.162975822039155e-33,1.6111405311535596,0.0
5,2,31,Si1,-0.4683848109379882,2.865521854362267,-0.8484962523343721,1.0
6,2,18,Si1,-1.13063026103275,-2.2182145731243397,-1.8123997991577858,2.0
7,2,27,Si1,3.0387214508551756,0.06063053762251201,-0.02844345414400451,3.0
8,2,23,Si1,0.32805469056186165,0.7424372672902259,3.0021174771618857,4.0
