,neighbor_num,isite,atom,x,y,z,front_index
0,0,16,Si1,0.0,0.0,0.0,
1,1,36,O1,-0.7668253316642515,-1.3111552322214934,-0.5344679291906382,0.0
2,1,40,O1,0.0,3.109751458542141e-33,1.6113997030886127,0.0
3,1,41,O1,1.5200231149292744,-1.2588103665864399e-33,-0.5349193362630663,0.0
4,1,37,O1,-0.7587151247869459,1.311155235859635,-0.5459197844548436,0.0
5,2,4,Si1,-0.6600153748872477,-2.8799064296863617,-0.8812283760410627,1.0
6,2,28,Si1,-0.9397925745729677,-0.8118369779715663,2.640116468052062,2.0
7,2,29,Si1,2.1784321021963295,0.8118369703872691,-1.7629119614692854,3.0
8,2,5,Si1,-1.0503554748871857,2.87990643964995,-0.33005622938653023,4.0
