,neighbor_num,isite,atom,x,y,z,front_index
0,0,2,Si1,0.0,0.0,0.0,
1,1,60,O1,0.0,3.0814879110195774e-33,1.611140534156624,0.0
2,1,70,O1,-0.7591886576212302,-1.3155868102272215,-0.5325432890700389,0.0
3,1,44,O1,1.5158473665342438,0.0,-0.5435646465507898,0.0
4,1,66,O1,-0.761345628309519,1.3133222832193825,-0.5379529024166826,0.0
5,2,4,Si1,0.3280546832587735,0.7424372730618991,3.0021174788066998,1.0
6,2,1,Si1,-1.1306302498010363,-2.2182145816093444,-1.8123997957795874,2.0
7,2,8,Si1,3.0387214566912775,0.06063054486398871,-0.02844344815311206,3.0
8,2,12,Si1,-0.46838479068630146,2.865521841327162,-0.8484962669137296,4.0
