,neighbor_num,isite,atom,x,y,z,front_index
0,0,14,Si1,0.0,0.0,0.0,
1,1,92,O1,-0.7647407376067633,1.311688039309357,-0.5368211557087073,0.0
2,1,68,O1,1.5117386427279036,-1.4536032995045502e-33,-0.5533832258232888,0.0
3,1,50,O1,0.0,-1.3928095172575392e-32,1.6106604401055318,0.0
4,1,52,O1,-0.7675266028517089,-1.3135626672583232,-0.5258321501699568,0.0
5,2,22,Si1,-2.2716513138047363,1.8802964136122764,-0.5189532830808298,1.0
6,2,0,Si1,2.362941494114569,0.5371846914210765,-1.8106589408751521,2.0
7,2,10,Si1,-1.0626308145573047,-0.17527634560100283,2.8078990000211643,3.0
8,2,26,Si1,-2.0108548468932126,-2.2023393013720662,-1.0297811648601898,4.0
