,neighbor_num,isite,atom,x,y,z,front_index
0,0,5,Si1,0.0,0.0,0.0,
1,1,35,O1,0.0,0.0,1.607664019217461,0.0
2,1,19,O1,-0.7584037976998952,1.3149760000000004,-0.5346205386598386,0.0
3,1,18,O1,-0.7584037976998961,-1.3149760000000004,-0.534620538659839,0.0
4,1,34,O1,1.514155833869372,0.0,-0.5402922444805098,0.0
5,2,10,Si1,0.0,0.0,3.215328038434922,1.0
6,2,3,Si1,-1.849603667467402,2.2129900000000005,-1.303838551451879,2.0
7,2,2,Si1,-1.8496036674674032,-2.2129900000000013,-1.3038385514518795,3.0
8,2,10,Si1,3.028311667738744,0.0,-1.0805844889610197,4.0
