,neighbor_num,isite,atom,x,y,z,front_index
0,0,1,Si1,0.0,0.0,0.0,
1,1,13,O1,1.5152448986728682,0.0,-0.5372184990010024,0.0
2,1,20,O1,0.0,6.162975822039155e-33,1.60978042029693,0.0
3,1,17,O1,-0.7566115639230826,1.31756069006265,-0.529542652219688,0.0
4,1,14,O1,-0.7637213615168136,-1.3087004183223356,-0.5372184990010027,0.0
5,2,2,Si1,3.030489797345736,6.661338147750941e-16,-1.0744369980020056,1.0
6,2,0,Si1,0.3937989691420386,-0.68576012615833,3.011938907360836,2.0
7,2,4,Si1,-1.369834004948381,2.385424070804386,-1.565777837490081,3.0
8,2,2,Si1,-1.5274427230336278,-2.6174008366446704,-1.0744369980020059,4.0
