,neighbor_num,isite,atom,x,y,z,front_index
0,0,2,Si1,0.0,0.0,0.0,
1,1,13,O1,-0.7591579433455271,-1.3100856050697929,-0.540301529765874,0.0
2,1,18,O1,1.5170264685919346,-5.551115123125783e-17,-0.5361654080336065,0.0
3,1,14,O1,3.3306690738754696e-16,0.0,1.6076600444817428,0.0
4,1,21,O1,-0.7520404500455944,1.3177490863717625,-0.5379270475008319,0.0
5,2,1,Si1,-1.518315886691055,-2.6201712101395853,-1.080603059531748,1.0
6,2,5,Si1,3.0301486031506957,-0.4969236142888097,-0.7678670454232457,2.0
7,2,1,Si1,-3.3306690738754696e-16,8.881784197001252e-16,3.2153200889634856,3.0
8,2,3,Si1,-2.067904882636719,2.239925729691966,-0.635313058445298,4.0
