,neighbor_num,isite,atom,x,y,z,front_index
0,0,10,Si1,0.0,0.0,0.0,
1,1,35,O1,-0.756480893457966,1.311641927918474,-0.5402922444805105,0.0
2,1,34,O1,0.0,0.0,1.6076640192174612,0.0
3,1,28,O1,-0.7601989488618885,-1.3139390241144757,-0.5346205386598376,0.0
4,1,29,O1,1.5180046775097966,-1.1102230246251565e-16,-0.5346205386598376,0.0
5,2,5,Si1,-1.512961786915932,2.623283855836948,-1.080584488961021,1.0
6,2,5,Si1,0.0,0.0,3.2153280384349223,2.0
7,2,6,Si1,-0.992936527090077,-2.7078470266946697,-1.303838551451879,3.0
8,2,7,Si1,2.8410816170618145,-0.49660216673137436,-1.303838551451879,4.0
