,neighbor_num,isite,atom,x,y,z,front_index
0,0,5,Si1,0.0,0.0,0.0,
1,1,35,O1,-0.7609040552829365,1.311641927918474,-0.5340450077163266,0.0
2,1,19,O1,-0.7567895148995414,-1.3139390241144777,-0.5394359946701474,0.0
3,1,18,O1,1.1102230246251565e-16,-3.0814879110195774e-33,1.6093965705501427,0.0
4,1,34,O1,1.5163705115899957,-6.162975822039155e-33,-0.534045007716326,0.0
5,2,10,Si1,-1.521808110565873,2.623283855836948,-1.0680900154326531,1.0
6,2,3,Si1,-1.5596387656843667,-2.7078470266946706,-0.5034330498252773,2.0
7,2,2,Si1,-0.286027970827627,-0.4966021667313714,3.1128648738682734,3.0
8,2,10,Si1,3.0327410231799914,-1.232595164407831e-32,-1.068090015432652,4.0
