,neighbor_num,isite,atom,x,y,z,front_index
0,0,12,Si1,0.0,0.0,0.0,
1,1,68,O1,-0.7587638574850815,-1.2652019164576935,-0.6435314175954272,0.0
2,1,72,O1,-0.7407803970943232,1.3465574369763214,-0.48139945497335457,0.0
3,1,64,O1,1.1102230246251565e-16,1.180882872448014e-16,1.610141276803643,0.0
4,1,44,O1,1.5241736176585152,-2.177898140155256e-17,-0.5232750912711753,0.0
5,2,23,Si1,-0.9854559156208691,-2.139308023440642,-1.9775467912450417,1.0
6,2,16,Si1,-2.0923243645918568,2.203257817654074,-0.3041267086573347,2.0
7,2,28,Si1,0.2822090379670036,0.874772941957659,2.933235055625694,3.0
8,2,24,Si1,2.689425420944003,1.109128125329506,-0.4541714189424781,4.0
9,3,36,O1,0.4200669969159373,-2.415391859148639,-2.7154272763063125,5.0
10,3,55,O1,-1.9585896771664348,-1.3714005012034312,-3.00878924371921,5.0
11,3,79,O1,-1.6911884444300624,-3.522416235901194,-1.5494823479416517,5.0
12,3,40,O1,-3.338073976879835,1.2404010113433313,0.018673869956084,6.0
13,3,60,O1,-2.29151237554981,3.0735224441920184,-1.6456762954442405,6.0
14,3,92,O1,-1.935195022343501,3.2342295932272105,0.9226927060041505,6.0
15,3,34,O1,-0.24764691877897405,0.04069910370032328,4.207373576646639,7.0
16,3,89,O1,1.866241280944417,1.1044422125830486,3.1253745522390384,7.0
17,3,56,O1,-0.41452284720332,2.3219562238587472,2.842707675979974,7.0
18,3,85,O1,3.3760356338502557,1.0800455130795126,1.0012454510786113,8.0
19,3,80,O1,3.829435851157077,0.8183281995725311,-1.5503056251192664,8.0
20,3,51,O1,2.026760285147809,2.5492616400465913,-0.7398579917926865,8.0
21,4,4,Si1,1.0323716388140571,-3.2711152938030565,-3.9351599110267617,9.0
22,4,3,Si1,-3.5150022043500173,-1.5131071078160607,-3.3994623080815867,10.0
23,4,11,Si1,-1.9173289321352776,-5.114063242276652,-1.6312542458549504,11.0
24,4,4,Si1,-4.55005643389417,0.48741715510419836,0.7612826675161024,12.0
25,4,8,Si1,-1.468051207378154,4.3773491345631665,-2.112752470670332,13.0
26,4,0,Si1,-0.9343496064398125,3.656540049921071,2.1111795321141718,14.0
27,4,6,Si1,0.2386781897192951,-1.3869297055400778,4.776863514402527,15.0
28,4,9,Si1,3.1883787538830886,0.4560182360462394,2.4729578466769246,16.0
29,4,0,Si1,-0.9343496064398125,3.656540049921071,2.1111795321141718,17.0
30,4,9,Si1,3.1883787538830886,0.4560182360462394,2.4729578466769246,18.0
31,4,0,Si1,4.648078466268413,-0.10199239898618397,-2.5852630464286896,19.0
32,4,7,Si1,2.5979233515042366,3.9568406738602335,-1.2783692371367192,20.0
