,neighbor_num,isite,atom,x,y,z,front_index
0,0,20,Si1,0.0,0.0,0.0,
1,1,39,O1,1.5096829567419705,0.0,-0.563064768801079,0.0
2,1,76,O1,-0.7980672589506813,1.3084456534008049,-0.49532261513128595,0.0
3,1,52,O1,-0.7565647471424334,-1.303066800897152,-0.5742464316286007,0.0
4,1,71,O1,-5.551115123125783e-17,0.0,1.610915209690297,0.0
5,2,7,Si1,2.3146265937103054,0.14068989932491138,-1.9513008346589071,1.0
6,2,8,Si1,-1.0368049128834471,2.5758980206156137,-1.4585127239925133,2.0
7,2,0,Si1,-2.219760991445722,-1.5685541585469152,-1.1936811731505585,3.0
8,2,15,Si1,0.6551372057626628,-0.6344769664666841,2.9371223614184285,4.0
9,3,35,O1,2.6626251073064116,1.6972270190456915,-2.185915725065436,5.0
10,3,51,O1,1.372916719993076,-0.38708258508870064,-3.148020962593072,5.0
11,3,43,O1,3.654884900690632,-0.7480046329499663,-1.9871295191679685,5.0
12,3,60,O1,-2.167099338845174,2.2317581331727214,-2.554055847737669,6.0
13,3,88,O1,0.3682320715200072,2.924459597853425,-2.1645754745500856,6.0
14,3,84,O1,-1.4983037233218852,3.859927954893328,-0.604786480820281,6.0
15,3,92,O1,-2.763806319657057,-0.18624113052760016,-1.8147801810591018,7.0
16,3,56,O1,-2.221819305930209,-2.686457296421734,-2.349862651701536,7.0
17,3,80,O1,-3.208276950424274,-1.9994290280119127,0.0002558624754824823,7.0
18,3,47,O1,2.2482876856504257,-0.7388843920320061,2.7182784494187926,8.0
19,3,67,O1,0.3654633786222168,0.22036601179539872,4.270496832236269,8.0
20,3,75,O1,0.03945520547814735,-2.105115109467138,3.164887775574502,8.0
21,4,29,Si1,1.8960249270045364,3.013818328095719,-1.65793187148933,9.0
22,4,24,Si1,1.6498549822373836,-1.1808986920461007,-4.522025193866824,10.0
23,4,19,Si1,4.9569200867510155,-1.5862182724071023,-1.556678791227251,11.0
24,4,16,Si1,-2.6156853667628717,0.7810434878606056,-3.093490061664346,12.0
25,4,29,Si1,1.8960249270045364,3.013818328095719,-1.65793187148933,13.0
26,4,25,Si1,-1.0854343105903896,4.735163954199534,0.6813000022335076,14.0
27,4,16,Si1,-2.6156853667628717,0.7810434878606056,-3.093490061664346,15.0
28,4,28,Si1,-1.8427187900018778,-3.319686702621979,-3.7792937607930797,16.0
29,4,24,Si1,-4.612024697705859,-2.4788634402143113,0.6210082141936881,17.0
30,4,27,Si1,3.403500902548487,-1.5010218147905736,3.541310194445256,18.0
31,4,31,Si1,0.422041671301953,0.22032380765744008,5.8805420749749295,19.0
32,4,19,Si1,-1.3049595995406218,-2.884183016919514,3.5863546100264254,20.0
