,neighbor_num,isite,atom,x,y,z,front_index
0,0,30,Si1,0.0,0.0,0.0,
1,1,56,O1,-0.7565329197736654,1.3143006483696023,-0.5418907503851385,0.0
2,1,92,O1,-0.7596718288470672,-1.3141870506042987,-0.5380175118242974,0.0
3,1,95,O1,-1.1102230246251565e-16,1.0953979532183696e-16,1.609610006433936,0.0
4,1,85,O1,1.5186916766358245,4.442572242521357e-18,-0.5382265140163482,0.0
5,2,0,Si1,-0.7804522496299375,2.2627183180939667,-1.841865006151648,1.0
6,2,18,Si1,-0.9771022714555944,-2.216109405564577,-1.854683991833579,2.0
7,2,29,Si1,0.1558492614137046,-0.8836709372092716,2.945903782241017,3.0
8,2,27,Si1,3.0435886100784892,0.2427184196989246,-0.08399624273043937,4.0
