,neighbor_num,isite,atom,x,y,z,front_index
0,0,9,Si1,0.0,0.0,0.0,
1,1,45,O1,5.551115123125783e-17,7.703719777548943e-33,1.6106792669654093,0.0
2,1,49,O1,1.5213118343898033,0.0,-0.5279471834729942,0.0
3,1,51,O1,-0.7526486066583706,1.3140322008044296,-0.5453324475773806,0.0
4,1,33,O1,-0.7523250516214074,-1.3179475349601577,-0.5346743582878583,0.0
5,2,0,Si1,0.37874222863698104,-1.0203199691712872,2.797629321513408,1.0
6,2,10,Si1,2.48618020589291,-0.343974142895265,-1.7704562340170722,2.0
7,2,12,Si1,-0.5005939914758952,2.750463966145089,-1.230346639808932,3.0
8,2,5,Si1,-1.5135191999245654,-2.090520704096501,-1.7238777232460072,4.0
