,neighbor_num,isite,atom,x,y,z,front_index
0,0,16,Si1,0.0,0.0,0.0,
1,1,77,O1,1.5169518629888228,-4.674468827398681e-33,-0.5405608130533006,0.0
2,1,88,O1,-0.7592492576886911,1.3143474462798306,-0.5348201860426659,0.0
3,1,90,O1,0.0,1.3895339179736847e-32,1.6106987773417045,0.0
4,1,70,O1,-0.7558039915106755,-1.3175691443394608,-0.5356720596424629,0.0
5,2,25,Si1,2.638074296681122,-1.0885108218832094,-0.9310942363642046,1.0
6,2,14,Si1,-0.7198129296497199,2.912906768280721,-0.3439623634787304,2.0
7,2,28,Si1,-0.8906895927589237,0.40795282846092,2.8889390686067404,3.0
8,2,20,Si1,-1.3619818197352367,-2.7684460636454125,-0.18499016390132073,4.0
