,neighbor_num,isite,atom,x,y,z,front_index
0,0,26,Si1,0.0,0.0,0.0,
1,1,78,O1,-0.7539400843411286,1.321744334322712,-0.5280662505232929,0.0
2,1,66,O1,1.517283877334595,1.232595164407831e-32,-0.5354484038595451,0.0
3,1,84,O1,-0.7638725307779421,-1.3129151927995661,-0.5322597875806874,0.0
4,1,81,O1,0.0,-1.8488927466117464e-32,1.6103160950544888,0.0
5,2,19,Si1,-0.48478807369100874,2.909171232508845,-0.55940289540196,1.0
6,2,22,Si1,2.868661161581018,-0.809859440426756,-0.8646863097612819,2.0
7,2,31,Si1,-1.7318873688044985,-2.5149806794690344,-0.06955250625519438,3.0
8,2,25,Si1,0.7236519911802684,-0.5744129764263433,2.929215429410753,4.0
