,neighbor_num,isite,atom,x,y,z,front_index
0,0,13,Si1,0.0,0.0,0.0,
1,1,63,O1,1.5171337592954186,0.0,-0.5377262586283184,0.0
2,1,59,O1,1.1102230246251565e-16,9.244463733058732e-33,1.610481833039255,0.0
3,1,87,O1,-0.7644049261081562,-1.3127281711370975,-0.5346061129501083,0.0
4,1,50,O1,-0.7612124753736205,1.3148244062223438,-0.5365673650258125,0.0
5,2,14,Si1,3.006179167604959,0.5771677758493807,-0.33656586658851484,1.0
6,2,1,Si1,-0.9438083946890493,0.2631307265072795,2.888894319763432,2.0
7,2,19,Si1,-2.2600011894865,-1.8080790958559407,-0.8629665164563345,3.0
8,2,8,Si1,-0.6582255213884034,2.5135508912804223,-1.6056775228512863,4.0
