,neighbor_num,isite,atom,x,y,z,front_index
0,0,16,Si1,0.0,0.0,0.0,
1,1,77,O1,0.0,-2.1570415377137042e-32,1.610387825101179,0.0
2,1,88,O1,1.517582091586436,-3.697785493223493e-32,-0.5356732880571802,0.0
3,1,90,O1,-0.7584789822001647,1.314055301875011,-0.5406651907648923,0.0
4,1,70,O1,-0.762045120966249,-1.3154029181597438,-0.5321419694863876,0.0
5,2,25,Si1,-0.9469636884463404,-0.5368305642083528,2.7975526803356074,1.0
6,2,14,Si1,2.8055696676329442,0.966300834487937,-0.5625905608898063,2.0
7,2,28,Si1,-0.857622136353823,2.3018794891963283,-1.80874472811225,3.0
8,2,20,Si1,-2.0820378731295595,-1.9308345377565392,-1.2208626982605182,4.0
