,neighbor_num,isite,atom,x,y,z,front_index
0,0,22,Si1,0.0,0.0,0.0,
1,1,72,O1,-0.7657751268349695,1.3131223973262178,-0.5336395892055854,0.0
2,1,66,O1,0.0,1.232595164407831e-32,1.6095000703038624,0.0
3,1,69,O1,1.5168569244963515,0.0,-0.5379604156571482,0.0
4,1,75,O1,-0.7630113795390325,-1.3120758359235771,-0.5353928789080806,0.0
5,2,18,Si1,-0.9135914106673431,2.414909452434621,-1.6991387572061531,1.0
6,2,26,Si1,0.13354474827052365,-0.8105561617283801,2.992981138663222,2.0
7,2,21,Si1,2.993522196106307,-0.5929671020194189,-0.29690849230799143,3.0
8,2,23,Si1,-0.6681071077837948,-2.7940905345643747,-1.1558769734031178,4.0
