,neighbor_num,isite,atom,x,y,z,front_index
0,0,7,Si1,0.0,0.0,0.0,
1,1,35,O1,-0.7618666226674327,1.3127800325743175,-0.5354048317472772,0.0
2,1,43,O1,1.1102230246251565e-16,-3.0814879110195774e-33,1.6094641652755404,0.0
3,1,36,O1,1.5160770817703284,6.162975822039155e-33,-0.5401542560577541,0.0
4,1,41,O1,-0.765621965282542,-1.3147103265508255,-0.5299367414549535,0.0
5,2,11,Si1,-1.070261368121193,2.885964303312066,-0.3981485426561076,1.0
6,2,6,Si1,0.8030869640668824,0.2639138559982852,2.979053776824942,2.0
7,2,4,Si1,2.8022086422027934,0.9208737299512021,-0.8369934733991518,3.0
8,2,3,Si1,-0.6568671480133896,-2.860146809596234,-0.970358296074475,4.0
