,neighbor_num,isite,atom,x,y,z,front_index
0,0,25,Si1,0.0,0.0,0.0,
1,1,81,O1,-0.7529082750958875,1.3201005763296503,-0.5325237306053079,0.0
2,1,83,O1,-2.7755575615628914e-17,0.0,1.609517949025874,0.0
3,1,77,O1,1.515411138585156,5.551115123125783e-17,-0.5457259221296613,0.0
4,1,65,O1,-0.7638412458141514,-1.3078693194366964,-0.5430283160982604,0.0
5,2,26,Si1,-2.1855389302968113,1.9863913491263339,-0.8435606060013023,1.0
6,2,28,Si1,-0.2646252507133371,0.9326546813559533,2.896468185477479,2.0
7,2,16,Si1,2.268396869270116,-0.17847164722404657,-1.9579968974584308,3.0
8,2,21,Si1,-1.981661365928686,-2.3523719988515674,-0.4148925129536634,4.0
