,neighbor_num,isite,atom,x,y,z,front_index
0,0,16,Si1,0.0,0.0,0.0,
1,1,66,O1,-0.7538542229859135,1.3196881185711857,-0.5302637330602423,0.0
2,1,91,O1,0.0,-1.8488927466117464e-32,1.6101251576618014,0.0
3,1,61,O1,1.5107053859019384,3.697785493223493e-32,-0.5557173592911361,0.0
4,1,86,O1,-0.7575824200782635,-1.3209631795553165,-0.5230948082163605,0.0
5,2,10,Si1,-2.0152562881426936,2.3142321679308453,-0.4416943774154085,1.0
6,2,31,Si1,-0.37147523681810857,-0.7350965543678356,2.9943548880735946,2.0
7,2,5,Si1,2.8854523112055626,-0.7969095968200125,-0.8069215645151622,3.0
8,2,26,Si1,-1.5795188720320907,-2.6667661512823395,-0.19493696112336895,4.0
