,neighbor_num,isite,atom,x,y,z,front_index
0,0,1,Si1,0.0,0.0,0.0,
1,1,55,O1,-0.7429159076334313,-1.3223908444593149,-0.5458721008264931,0.0
2,1,57,O1,5.551115123125783e-17,0.0,1.6087565281476992,0.0
3,1,41,O1,-0.7613027259110753,1.3065709937992487,-0.5531725547690942,0.0
4,1,39,O1,1.5220303349753455,5.551115123125783e-17,-0.5216279220984984,0.0
5,2,5,Si1,-0.6727775222652428,-2.3036886812515833,-1.82288153861077,1.0
6,2,20,Si1,0.5344798053731887,0.6381513116187036,2.986489008543733,2.0
7,2,11,Si1,-1.3513858094896618,1.915520388893428,-1.9220012753750653,3.0
8,2,7,Si1,2.723149560733776,0.4024267969071575,-1.5136144685508552,4.0
