,neighbor_num,isite,atom,x,y,z,front_index
0,0,22,Si1,0.0,0.0,0.0,
1,1,80,O1,-0.7712410744497534,-1.3130354336552081,-0.5230948082163621,0.0
2,1,59,O1,-0.7493299752112192,1.3117680249354602,-0.5557173592911373,0.0
3,1,93,O1,0.0,0.0,1.6101251576618025,0.0
4,1,68,O1,1.519826608469419,0.0,-0.5302637330602434,0.0
5,2,24,Si1,-1.532130454823939,-2.6942713007660792,-0.1949369611233695,1.0
6,2,3,Si1,-2.1231912367787946,2.1102035252105646,-0.8069215645151635,2.0
7,2,31,Si1,-0.45403864424164164,-0.6871751635120015,2.9943548880735955,3.0
8,2,12,Si1,3.0090762547278365,-0.6019871487147213,-0.44169437741540896,4.0
