,neighbor_num,isite,atom,x,y,z,front_index
0,0,9,Si1,0.0,0.0,0.0,
1,1,65,O1,-0.777147827081204,1.2989876110379126,-0.5447660122390341,0.0
2,1,43,O1,1.5191871939630186,9.362713945545591e-33,-0.5336475872387398,0.0
3,1,35,O1,-0.7571395797614435,-1.319087157249325,-0.5248054477961535,0.0
4,1,51,O1,0.0,-3.106516510047046e-33,1.6120229346337984,0.0
5,2,19,Si1,-1.4321098949396167,2.094924576580769,-1.7811161175731578,1.0
6,2,3,Si1,2.9199147687768034,-0.7582945180314037,-0.29772140652372636,2.0
7,2,15,Si1,-0.844150657429007,-2.82940579101633,-1.0725633565088062,3.0
8,2,13,Si1,0.009195216649700688,-1.0706476123592132,2.81711508045736,4.0
