,neighbor_num,isite,atom,x,y,z,front_index
0,0,15,Si1,0.0,0.0,0.0,
1,1,49,O1,0.0,0.0,1.6120229346337975,0.0
2,1,71,O1,1.5137131692520283,2.465190328815662e-32,-0.5447660122390356,0.0
3,1,35,O1,-0.7432507814497251,-1.3269625268016485,-0.5248054477961521,0.0
4,1,45,O1,-0.7799582184393237,1.3036851260140176,-0.5336475872387405,0.0
5,2,11,Si1,-0.923493337625873,-0.5417849363173013,2.817115080457362,1.0
6,2,21,Si1,2.533004430374147,-0.1534154113869288,-1.78111611757316,2.0
7,2,9,Si1,-1.9946534662646558,-2.177035831628173,-1.072563356508803,3.0
8,2,5,Si1,-2.149826445564967,2.1164023924922386,-0.2977214065237266,4.0
