,neighbor_num,isite,atom,x,y,z,front_index
0,0,14,Si1,0.0,0.0,0.0,
1,1,50,O1,-0.7487623662770624,1.3238368991143652,-0.5342552996235016,0.0
2,1,44,O1,-1.1102230246251565e-16,0.0,1.610189267653638,0.0
3,1,70,O1,-0.7508284950902411,-1.311067723251282,-0.5526803442018396,0.0
4,1,32,O1,1.5154603901602728,-1.232595164407831e-32,-0.5404182043133219,0.0
5,2,8,Si1,-0.378098124145854,2.8432340401103713,-0.9249703995669492,1.0
6,2,4,Si1,0.3219063773493728,0.9711380930322528,2.8535623275799185,2.0
7,2,20,Si1,-0.7624962927583485,-2.9071789016549143,-0.7608762017090902,3.0
8,2,10,Si1,3.0986948394117926,0.2686105180220048,-0.44097426025866293,4.0
