,neighbor_num,isite,atom,x,y,z,front_index
0,0,5,Si1,0.0,0.0,0.0,
1,1,55,O1,-0.7766848590000699,1.3076505062170118,-0.5342552996235016,0.0
2,1,61,O1,1.5108414887044819,0.0,-0.5526803442018405,0.0
3,1,45,O1,0.0,0.0,1.6101892676536385,0.0
4,1,37,O1,-0.7531239065248281,-1.3150758820560544,-0.5404182043133199,0.0
5,2,1,Si1,-2.2793824235275393,1.7410783341477458,-0.9249703995669492,1.0
6,2,16,Si1,2.901702395954005,-0.7830791582033663,-0.760876201709092,2.0
7,2,15,Si1,-1.0027023356093994,0.2032755215956191,2.85356232757992,3.0
8,2,3,Si1,-1.7730218446813302,-2.555475465832561,-0.44097426025866004,4.0
