,neighbor_num,isite,atom,x,y,z,front_index
0,0,15,Si1,0.0,0.0,0.0,
1,1,44,O1,1.515280602283697,-2.6053057192509085e-17,-0.5497279051782944,0.0
2,1,39,O1,-0.7920204118636501,1.2974219614427154,-0.5271509446007572,0.0
3,1,48,O1,0.0,8.871568021334645e-18,1.6094563581740013,0.0
4,1,50,O1,-0.7404105777994853,-1.3295640499120647,-0.5261842721593839,0.0
5,2,11,Si1,2.52224322300507,-1.1759176905078363,-0.9965010338515612,1.0
6,2,6,Si1,-1.8869396262798592,1.938576449572881,-1.51813059788836,2.0
7,2,11,Si1,0.3124047335191238,0.44202153726050186,3.1243715079331107,3.0
8,2,13,Si1,-1.9652177524942895,-2.30447582109731,-0.14907328315956758,4.0
9,3,36,O1,4.044646951700124,-0.6607467967857351,-0.901033121398388,5.0
10,3,30,O1,2.3275019674676543,-2.4442980821841633,-0.023678101620871805,5.0
11,3,48,O1,2.2098384894859455,-1.6179392277683382,-2.511416183610671,5.0
12,3,35,O1,-1.7004251096027723,3.5376550157265148,-1.5546096106067477,6.0
13,3,28,O1,-3.3767359181097016,1.5728771222099822,-1.0303838089863577,6.0
14,3,24,O1,-1.6586817311279645,1.3564321400844817,-3.0017901230075377,6.0
15,3,36,O1,1.8348084622141787,0.9571924309826034,3.2198394203862857,7.0
16,3,44,O1,-0.6945578872022484,1.6179392277683384,3.5711446366063786,7.0
17,3,30,O1,0.11766347798170917,-0.8263588544158245,4.097194440163801,7.0
18,3,42,O1,-2.467066423499732,-3.0464627509518687,-1.4891775256437243,8.0
19,3,37,O1,-1.4759452136902147,-3.380240108335763,0.9426371996656897,8.0
20,3,46,O1,-3.162508246097775,-1.4278763474924236,0.4741591018053666,8.0
21,4,7,Si1,5.2055917284026325,-0.6659872452958785,0.21491956898715792,9.0
22,4,1,Si1,2.3142751950045946,-4.04684962190135,0.13144958768921622,10.0
23,4,15,Si1,2.209838489485945,-1.617939227768338,-4.1208725417846725,11.0
24,4,10,Si1,-1.9053421653548321,4.706958717128585,-2.6422520791323767,12.0
25,4,3,Si1,-4.481914153135796,1.8905770340676193,0.09694905397869302,13.0
26,4,3,Si1,-2.2720756636498507,0.2726378062992809,-4.0239234878059795,14.0
27,4,7,Si1,2.995753238916686,0.9519519824724598,4.335792110771832,15.0
28,4,15,Si1,-2.2098384894859455,1.6179392277683382,4.120872541784673,16.0
29,4,1,Si1,0.10443670551864881,-2.4289103941330117,4.252322129473889,17.0
30,4,9,Si1,-2.3965117967477587,-2.6594522279038753,-3.0517418483446637,18.0
31,4,4,Si1,-0.2678822686123241,-4.1042330849276665,1.7226281788139175,19.0
32,4,9,Si1,-4.606350286233704,-1.041513000135537,1.0691306934400089,20.0
