,neighbor_num,isite,atom,x,y,z,front_index
0,0,2,Si1,0.0,0.0,0.0,
1,1,58,O1,-0.7561765731802432,-1.317077063447188,-0.5356913897213526,0.0
2,1,50,O1,1.5185902576089272,1.7126009177637338e-33,-0.53328375390058,0.0
3,1,42,O1,-0.7608005234437316,1.311427259408742,-0.5397287248383029,0.0
4,1,34,O1,0.0,-1.6978178623425862e-32,1.6097748435877612,0.0
5,2,15,Si1,-1.7465867409322002,-2.525549833207155,-0.14563814942062658,1.0
6,2,6,Si1,2.5756109075108973,0.41832958739186854,-1.6726764143440318,2.0
7,2,8,Si1,-0.8334665088913359,2.9190654198642862,-0.553337149221911,3.0
8,2,23,Si1,-0.7558259288757359,0.3504447827226848,2.987196589658871,4.0
