,neighbor_num,isite,atom,x,y,z,front_index
0,0,31,Si1,0.0,0.0,0.0,
1,1,90,O1,-0.7593879711359328,1.3150469995662193,-0.536135770241848,0.0
2,1,70,O1,-0.7579609379893282,-1.3135466048122375,-0.5398755231686088,0.0
3,1,85,O1,1.5165524519158657,5.551115123125783e-17,-0.5390515682817498,0.0
4,1,77,O1,0.0,0.0,1.6093371273938106,0.0
5,2,18,Si1,-2.1183941051949158,1.8872968694553098,-1.1835094489691023,1.0
6,2,10,Si1,-1.9348503607723155,-2.396860841123099,-0.35894294181373354,2.0
7,2,25,Si1,3.055028366826732,0.41680928983029286,-0.3157360788293171,3.0
8,2,21,Si1,0.4115028915209669,-0.7752039562245361,2.958296054171002,4.0
