,neighbor_num,isite,atom,x,y,z,front_index
0,0,19,Si1,0.0,0.0,0.0,
1,1,75,O1,-0.7585039283669577,-1.312756902036501,-0.5397287248383027,0.0
2,1,91,O1,1.5187149175817316,-3.552254820403351e-17,-0.5356913897213533,0.0
3,1,83,O1,-0.7561145042890016,1.316968954420926,-0.5332837539005791,0.0
4,1,67,O1,1.1102230246251565e-16,1.228337823790958e-16,1.609774843587762,0.0
5,2,25,Si1,-2.116517211649862,-2.1762270652854356,-0.5533371492219118,1.0
6,2,30,Si1,3.0598710005626124,-0.25720937682910006,-0.14563814942062603,2.0
7,2,21,Si1,-1.6451994416311777,2.0253616930891685,-1.6726764143440307,3.0
8,2,6,Si1,0.07241324505086211,-0.8299642778093659,2.987196589658871,4.0
