,neighbor_num,isite,atom,x,y,z,front_index
0,0,26,Si1,0.0,0.0,0.0,
1,1,72,O1,0.0,-5.551115123125783e-17,1.6093371273938102,0.0
2,1,95,O1,-0.7593879711359306,-1.31504699956622,-0.5361357702418461,0.0
3,1,86,O1,1.5165524519158669,5.551115123125783e-17,-0.5390515682817492,0.0
4,1,38,O1,-0.7579609379893315,1.3135466048122364,-0.5398755231686084,0.0
5,2,16,Si1,0.41150289152096664,0.7752039562245379,2.958296054171001,1.0
6,2,23,Si1,-2.1183941051949127,-1.8872968694553127,-1.183509448969098,2.0
7,2,30,Si1,3.0550283668267344,-0.416809289830292,-0.31573607882931787,3.0
8,2,15,Si1,-1.9348503607723204,2.396860841123098,-0.35894294181373504,4.0
