,neighbor_num,isite,atom,x,y,z,front_index
0,0,18,Si1,0.0,0.0,0.0,
1,1,82,O1,0.0,5.551115123125783e-17,1.6095054932118262,0.0
2,1,90,O1,-0.7559790334390204,1.317077063447189,-0.5359701258921175,0.0
3,1,66,O1,1.5188443933409894,-5.551115123125783e-17,-0.5333729988147485,0.0
4,1,74,O1,-0.7613203854045324,-1.3114272594087413,-0.5389951796216123,0.0
5,2,22,Si1,-0.7248056365948996,-0.41832958739186826,2.984338238731022,1.0
6,2,31,Si1,-0.716114988998034,2.5255498332071555,-1.59967341563807,2.0
7,2,7,Si1,2.568029725530329,-0.3504447827226862,-1.7028915493427816,3.0
8,2,24,Si1,-0.7982368236778616,-2.919065419864285,-0.6030475897283935,4.0
