,neighbor_num,isite,atom,x,y,z,front_index
0,0,26,Si1,0.0,0.0,0.0,
1,1,72,O1,-0.7613021893707436,-1.312756902036503,-0.5357744695513221,0.0
2,1,95,O1,1.1102230246251565e-16,3.0814879110195774e-33,1.6104223874210395,0.0
3,1,86,O1,-0.7544294164275049,1.3169689544209249,-0.5356649712267468,0.0
4,1,38,O1,1.5181042489229573,1.5407439555097887e-33,-0.5354759905449225,0.0
5,2,16,Si1,-1.2258656144334923,-2.1762270652854387,-1.8119273173250479,1.0
6,2,23,Si1,0.8804918073922846,-0.25720937682910083,2.934068027119646,2.0
7,2,30,Si1,-2.1246834524494407,2.0253616930891685,-0.9951119619087478,3.0
8,2,15,Si1,2.841174594987474,-0.8299642778093641,-0.9253723921352701,4.0
