,neighbor_num,isite,atom,x,y,z,front_index
0,0,25,Si1,0.0,0.0,0.0,
1,1,69,O1,-0.7584754925568967,-1.3132495550054424,-0.5398755231686095,0.0
2,1,92,O1,1.5185580995714527,3.494527000613184e-17,-0.5361357702418466,0.0
3,1,85,O1,-0.7583850034494015,1.313310140810266,-0.5390515682817505,0.0
4,1,75,O1,0.0,-2.3367061288859796e-16,1.6093371273938106,0.0
5,2,12,Si1,-1.1080791495913425,-2.8741517720070084,-0.3589429418137347,1.0
6,2,20,Si1,2.693717868438878,-0.8907115715165504,-1.1835094489691,2.0
7,2,31,Si1,-1.166783139719606,2.8540401908646835,-0.31573607882931826,3.0
8,2,19,Si1,-0.8770951753307905,-0.0313026658247995,2.9582960541710017,4.0
