,neighbor_num,isite,atom,x,y,z,front_index
0,0,22,Si1,0.0,0.0,0.0,
1,1,35,O1,-0.756092445100148,1.3172746508021174,-0.5333729988147485,0.0
2,1,78,O1,-0.7583932221991112,-1.313122197845759,-0.5389951796216129,0.0
3,1,82,O1,0.0,-1.0840246741368926e-16,1.609505493211825,0.0
4,1,94,O1,1.5186165711126915,-7.876268265812006e-18,-0.5359701258921185,0.0
5,2,3,Si1,-1.5823213448258642,2.0527657875786525,-1.7028915493427825,1.0
6,2,28,Si1,-2.1343003036051753,-2.1454340274531023,-0.6030475897283946,2.0
7,2,18,Si1,-0.001998160686977224,-0.836862510739404,2.984338238731021,3.0
8,2,27,Si1,2.5468651855221593,0.6361606434349186,-1.5996734156380708,4.0
