,neighbor_num,isite,atom,x,y,z,front_index
0,0,12,Si1,0.0,0.0,0.0,
1,1,44,O1,5.551115123125783e-17,0.0,1.6082778751863624,0.0
2,1,50,O1,-0.7505455765910041,-1.3036572732147989,-0.5689611368694656,0.0
3,1,58,O1,-0.7630473674948394,1.314213202552571,-0.5238661292326068,0.0
4,1,52,O1,1.5196702362039889,0.0,-0.5238661292326061,0.0
5,2,0,Si1,0.4353551080998974,0.7561883925603686,2.9623461401030675,1.0
6,2,6,Si1,-1.2284417295179222,-2.133737171139569,-1.8641207607479653,2.0
7,2,8,Si1,-1.526854396504446,2.62710691393792,-1.046680318446674,3.0
8,2,8,Si1,3.0385808108932095,-0.0013194911672216316,-1.046680318446673,4.0
