,neighbor_num,isite,atom,x,y,z,front_index
0,0,18,Si1,0.0,0.0,0.0,
1,1,73,O1,-0.7347757035177566,1.3225540830189113,-0.5472450578527609,0.0
2,1,78,O1,1.5247495119666987,5.551115123125783e-17,-0.5196101875478881,0.0
3,1,34,O1,-0.7903326598095388,-1.3018625158196715,-0.5292188017834719,0.0
4,1,70,O1,-5.551115123125783e-17,0.0,1.6088883709985222,0.0
5,2,21,Si1,-1.7801160146808859,2.389193892138569,-1.1456303365761191,1.0
6,2,30,Si1,2.6632902201083164,-0.7533833815141756,-1.3697256268716367,2.0
7,2,7,Si1,-2.286156240795937,-1.8838592678648285,-0.37645801298936565,3.0
8,2,21,Si1,-0.3105646076453734,-0.25591427389925325,3.166636521126446,4.0
