,neighbor_num,isite,atom,x,y,z,front_index
0,0,0,Si1,0.0,0.0,0.0,
1,1,36,O1,1.5197489271000362,2.465190328815662e-32,-0.5280956247807499,0.0
2,1,32,O1,1.1102230246251565e-16,0.0,1.612310225551857,0.0
3,1,44,O1,-0.7505386150506845,-1.303374093458969,-0.5768566382248286,0.0
4,1,43,O1,-0.762850480039838,1.3144184822668534,-0.5280956247807502,0.0
5,2,7,Si1,3.1158953362143498,0.13267072055470913,-0.6805322047517517,1.0
6,2,21,Si1,0.562384045021236,0.9766276913091825,2.7653352911478875,2.0
7,2,12,Si1,-1.53610188494976,-2.6675714768144245,-0.24759447513049343,3.0
8,2,7,Si1,-1.4493034780653977,2.7615076850884157,-0.6805322047517528,4.0
