,neighbor_num,isite,atom,x,y,z,front_index
0,0,5,Si1,0.0,0.0,0.0,
1,1,38,O1,1.5197489271000355,2.659761644791125e-33,-0.5280956247807513,0.0
2,1,49,O1,-0.7505386150506848,-1.3033740934589693,-0.5768566382248295,0.0
3,1,64,O1,0.0,-1.5404289299643982e-33,1.6123102255518558,0.0
4,1,41,O1,-0.7628504800398379,1.3144184822668532,-0.5280956247807509,0.0
5,2,2,Si1,3.1158953362143493,0.1326707205547082,-0.6805322047517539,1.0
6,2,13,Si1,-1.53610188494976,-2.6675714768144245,-0.24759447513049393,2.0
7,2,16,Si1,0.5623840450212357,0.9766276913091819,2.7653352911478852,3.0
8,2,2,Si1,-1.449303478065398,2.7615076850884144,-0.6805322047517532,4.0
