,neighbor_num,isite,atom,x,y,z,front_index
0,0,25,Si1,0.0,0.0,0.0,
1,1,91,O1,1.5172365416687537,2.6444323698231804e-33,-0.5276542694115908,0.0
2,1,60,O1,-0.7495991488800637,1.3104641520745661,-0.5489965677440727,0.0
3,1,93,O1,0.0,-1.5357949740656173e-33,1.6064284637882262,0.0
4,1,85,O1,-0.769142611963148,-1.3078326979539343,-0.5276542694115903,0.0
5,2,29,Si1,3.0352256929247363,-0.0013157270603161297,-1.056370217433668,1.0
6,2,8,Si1,-1.5472224107882449,2.704885014415614,-0.548996567744072,2.0
7,2,10,Si1,-0.2725875711314274,0.4765430174280602,3.1161354478994574,3.0
8,2,29,Si1,-1.5375326143390668,-2.616981122968185,-1.0563702174336673,4.0
