,neighbor_num,isite,atom,x,y,z,front_index
0,0,5,Si1,0.0,0.0,0.0,
1,1,38,O1,5.551115123125783e-17,0.0,1.608888370998523,0.0
2,1,49,O1,-0.7912503059984873,1.3033740934589693,-0.5196101875478887,0.0
3,1,64,O1,1.5229811959633457,-5.551115123125783e-17,-0.5292188017834725,0.0
4,1,41,O1,-0.7492320671629804,-1.3144184822668532,-0.5472450578527597,0.0
5,2,2,Si1,0.37992232234339846,-0.1326707205547082,3.1666365211264482,1.0
6,2,13,Si1,-0.7380811148867382,2.6675714768144245,-1.3697256268716376,2.0
7,2,16,Si1,2.796718514798818,-0.976627691309182,-0.376458012989366,3.0
8,2,2,Si1,-1.1185418119825625,-2.7615076850884144,-1.1456303365761176,4.0
