,neighbor_num,isite,atom,x,y,z,front_index
0,0,13,Si1,0.0,0.0,0.0,
1,1,45,O1,0.0,3.0539134855808394e-33,1.6082778751863627,0.0
2,1,53,O1,1.5196702362039889,-5.312358072889331e-33,-0.5238661292326058,0.0
3,1,49,O1,-0.7505455765910036,-1.303657273214798,-0.5689611368694651,0.0
4,1,59,O1,-0.7630473674948391,1.3142132025525703,-0.5238661292326061,0.0
5,2,1,Si1,0.43535510809989786,0.7561883925603691,2.962346140103066,1.0
6,2,9,Si1,3.03858081089321,-0.0013194911672209655,-1.0466803184466726,2.0
7,2,5,Si1,-1.2284417295179217,-2.1337371711395683,-1.8641207607479648,3.0
8,2,9,Si1,-1.5268543965044459,2.62710691393792,-1.0466803184466733,4.0
