,neighbor_num,isite,atom,x,y,z,front_index
0,0,19,Si1,0.0,0.0,0.0,
1,1,72,O1,-0.7492320671629786,-1.3144184822668528,-0.5472450578527617,0.0
2,1,71,O1,-5.551115123125783e-17,-5.551115123125783e-17,1.6088883709985227,0.0
3,1,79,O1,-0.7912503059984838,1.3033740934589695,-0.5196101875478898,0.0
4,1,35,O1,1.5229811959633472,1.6653345369377348e-16,-0.5292188017834717,0.0
5,2,20,Si1,-1.1185418119825605,-2.7615076850884153,-1.14563033657612,1.0
6,2,20,Si1,0.37992232234339696,-0.1326707205547094,3.1666365211264487,2.0
7,2,31,Si1,-0.7380811148867334,2.667571476814425,-1.369725626871639,3.0
8,2,6,Si1,2.796718514798819,-0.9766276913091827,-0.37645801298936443,4.0
