,neighbor_num,isite,atom,x,y,z,front_index
0,0,29,Si1,0.0,0.0,0.0,
1,1,77,O1,-0.750545576591005,-1.3036572732147989,-0.5689611368694651,0.0
2,1,81,O1,1.1102230246251565e-16,0.0,1.608277875186363,0.0
3,1,91,O1,1.5196702362039896,0.0,-0.5238661292326072,0.0
4,1,85,O1,-0.7630473674948384,1.3142132025525708,-0.5238661292326066,0.0
5,2,17,Si1,-1.2284417295179237,-2.1337371711395705,-1.8641207607479648,1.0
6,2,21,Si1,0.4353551080998985,0.7561883925603688,2.9623461401030675,2.0
7,2,25,Si1,3.0385808108932104,-0.0013194911672218534,-1.0466803184466746,3.0
8,2,25,Si1,-1.5268543965044452,2.6271069139379204,-1.0466803184466726,4.0
