,neighbor_num,isite,atom,x,y,z,front_index
0,0,16,Si1,0.0,0.0,0.0,
1,1,76,O1,-0.750538615050684,1.3033740934589693,-0.5768566382248296,0.0
2,1,64,O1,0.0,-6.162975822039155e-33,1.6123102255518558,0.0
3,1,75,O1,1.5197489271000357,0.0,-0.5280956247807512,0.0
4,1,68,O1,-0.7628504800398382,-1.3144184822668532,-0.5280956247807509,0.0
5,2,28,Si1,-1.5361018849497587,2.667571476814424,-0.24759447513049382,1.0
6,2,5,Si1,0.5623840450212351,-0.976627691309182,2.765335291147885,2.0
7,2,23,Si1,3.1158953362143484,-0.1326707205547082,-0.6805322047517537,3.0
8,2,23,Si1,-1.4493034780653993,-2.7615076850884144,-0.680532204751753,4.0
