,neighbor_num,isite,atom,x,y,z,front_index
0,0,21,Si1,0.0,0.0,0.0,
1,1,70,O1,1.5142618067405964,0.0,-0.5431468180125468,0.0
2,1,77,O1,-0.7510966942283506,1.313415153076832,-0.5509648212493431,0.0
3,1,71,O1,-0.7679198375541579,-1.3051007403430934,-0.5431468180125473,0.0
4,1,81,O1,0.0,-3.0814879110195774e-33,1.6099047206799808,0.0
5,2,13,Si1,3.1160704992099366,-0.15309001784244303,-0.5925248236298499,1.0
6,2,17,Si1,-1.5099113017410672,2.6403263371383754,-0.0461520376235664,2.0
7,2,13,Si1,-1.4482927893795718,-2.7632914985286297,-0.5925248236298514,3.0
8,2,25,Si1,-0.20453491992618056,0.35766268874394624,3.1647240144870397,4.0
