,neighbor_num,isite,atom,x,y,z,front_index
0,0,26,Si1,0.0,0.0,0.0,
1,1,64,O1,-0.7535048602361625,1.318305940161379,-0.5344958793372998,0.0
2,1,49,O1,1.5140694379421746,5.551115123125783e-17,-0.5433048530894973,0.0
3,1,48,O1,-0.768402166990906,-1.3045935660864698,-0.5433048530894968,0.0
4,1,82,O1,-1.1102230246251565e-16,5.551115123125783e-17,1.6084838105444021,0.0
5,2,12,Si1,-1.3905460645395222,2.4328511117711074,-1.502851128693925,1.0
6,2,6,Si1,3.006649277040103,0.03759745597284769,-1.1399991838647994,2.0
7,2,6,Si1,-1.5582939328260583,-2.571589676200091,-1.1399991838647983,3.0
8,2,22,Si1,0.20463604858107504,-0.3580241251941386,3.164676608069112,4.0
