,neighbor_num,isite,atom,x,y,z,front_index
0,0,22,Si1,0.0,0.0,0.0,
1,1,78,O1,-0.7384217615148991,-1.3326996760987588,-0.5209728573682271,0.0
2,1,73,O1,1.1102230246251565e-16,-1.566057825219299e-33,1.6087253604237277,0.0
3,1,72,O1,1.5155835349508457,6.038477649562332e-34,-0.539447711883506,0.0
4,1,82,O1,-0.7704152929043144,1.3049185104415173,-0.5435450001921991,0.0
5,2,18,Si1,-1.9923798156845596,-1.8187373625256675,-1.4056679524321178,1.0
6,2,14,Si1,-0.11948995410568086,0.5035115087750145,3.1331479198445096,2.0
7,2,14,Si1,2.91167711579601,0.5035115087750149,-1.1631982247699568,3.0
8,2,26,Si1,-1.7873522571036426,2.3238856597231603,-1.2610164827706607,4.0
