,neighbor_num,isite,atom,x,y,z,front_index
0,0,18,Si1,0.0,0.0,0.0,
1,1,78,O1,-0.7544210678222887,1.301473322681583,-0.5730138639233144,0.0
2,1,52,O1,-5.551115123125783e-17,-6.162975822039155e-33,1.6103603955820125,0.0
3,1,61,O1,1.519986534689625,0.0,-0.5281078090266697,0.0
4,1,60,O1,-0.7554189576606801,-1.3189773553949382,-0.5281078090266689,0.0
5,2,22,Si1,-1.1686628222291429,2.0160935997339906,-1.9552184331526266,1.0
6,2,8,Si1,0.5704816815775473,-0.9841542360354699,2.7488060387417645,2.0
7,2,10,Si1,3.1166471129538977,-0.13436948057379788,-0.6676601587131603,3.0
8,2,10,Si1,-1.432344275191455,-2.7712694313833497,-0.6676601587131585,4.0
