,neighbor_num,isite,atom,x,y,z,front_index
0,0,17,Si1,0.0,0.0,0.0,
1,1,77,O1,1.5218914617397987,1.1102230246251565e-16,-0.5245714671594247,0.0
2,1,59,O1,-0.7408528458774246,1.3223167627152617,-0.5402521294639037,0.0
3,1,55,O1,-0.7884946131060199,-1.3008488538330347,-0.5285159489013719,0.0
4,1,58,O1,1.1102230246251565e-16,-2.7755575615628914e-16,1.6091168147753385,0.0
5,2,21,Si1,2.880264091252952,0.8623835920131759,-0.4622322156168158,1.0
6,2,9,Si1,-1.7993173998282423,2.377831903429094,-1.1338813012112556,2.0
7,2,11,Si1,-2.284590085872396,-1.8704618896098417,-0.36326850537314415,3.0
8,2,9,Si1,-0.31820415337197544,-0.26574419156343254,3.1631377796348903,4.0
