,neighbor_num,isite,atom,x,y,z,front_index
0,0,5,Si1,0.0,0.0,0.0,
1,1,41,O1,-0.7515145781240689,-1.3236453347684487,-0.5293633546957837,0.0
2,1,28,O1,-0.7801172323200528,1.2958163218051253,-0.5495109305634207,0.0
3,1,47,O1,0.0,-5.551115123125783e-17,1.6078719691432548,0.0
4,1,46,O1,1.5139661908767201,5.551115123125783e-17,-0.541441263701653,0.0
5,2,9,Si1,-0.5122447733867581,-2.907428034559886,-0.36082282308118896,1.0
6,2,0,Si1,-0.9951981204996445,2.8835288258766236,-0.7010129024638262,2.0
7,2,25,Si1,-0.0010558441892318804,0.06873237910819119,3.215000206576816,3.0
8,2,25,Si1,3.0268765375642084,0.06873237910819097,-1.0836262591129997,4.0
