,neighbor_num,isite,atom,x,y,z,front_index
0,0,20,Si1,0.0,0.0,0.0,
1,1,69,O1,-2.7755575615628914e-17,0.0,1.608725360423727,0.0
2,1,68,O1,-0.7705228802378337,1.305100740343093,-0.5394477118835086,0.0
3,1,76,O1,-0.7722018908424546,-1.3134151530768334,-0.5209728573682265,0.0
4,1,80,O1,1.5153719155487055,5.551115123125783e-17,-0.5435450001921985,0.0
5,2,12,Si1,0.4943330203800546,0.15309001784244347,3.133147919844511,1.0
6,2,12,Si1,-1.0467127400956129,2.7632914985286297,-1.1631982247699604,2.0
7,2,16,Si1,-0.5532266779607724,-2.6403263371383767,-1.4056679524321156,3.0
8,2,24,Si1,2.9098367740340523,-0.3576626887439456,-1.2610164827706587,4.0
