,neighbor_num,isite,atom,x,y,z,front_index
0,0,24,Si1,0.0,0.0,0.0,
1,1,44,O1,-1.1102230246251565e-16,0.0,1.608597658304005,0.0
2,1,45,O1,-0.7709061949689543,1.3045935660864691,-0.5397459515229415,0.0
3,1,80,O1,1.513962280373901,1.232595164407831e-32,-0.5432664009383396,0.0
4,1,66,O1,-0.7575833004060927,-1.3183059401613793,-0.5286993118719588,0.0
5,2,4,Si1,-0.057510204206276505,-0.03759745597284795,3.2150008694789376,1.0
6,2,4,Si1,-1.5993225941441844,2.57158967620009,-1.0816863501749567,2.0
7,2,20,Si1,3.0478223477760094,0.3580241251941387,-0.8762607388419485,3.0
8,2,14,Si1,-1.8841948285793078,-2.4328511117711087,-0.801242610310976,4.0
