,neighbor_num,isite,atom,x,y,z,front_index
0,0,13,Si1,0.0,0.0,0.0,
1,1,70,O1,-0.7551064460305292,-1.3165636374455294,-0.5367869894021473,0.0
2,1,71,O1,-1.1102230246251565e-16,-1.5528607595139877e-33,1.6098651584129886,0.0
3,1,65,O1,1.516913484156807,-1.1558430536749561e-32,-0.533589548322141,0.0
4,1,39,O1,-0.7825908173262395,1.3029719550848127,-0.5238418003835189,0.0
5,2,21,Si1,-1.0134854990218984,-2.7769483727169866,-1.1600958817114495,1.0
6,2,21,Si1,0.49672739303915936,-0.1438210978259277,3.133208413918823,2.0
7,2,27,Si1,2.883067571399536,0.4221422634673798,-1.2730521170823677,3.0
8,2,3,Si1,-0.9755489409815101,2.6947204781200074,-1.3095403946467998,4.0
