,neighbor_num,isite,atom,x,y,z,front_index
0,0,14,Si1,0.0,0.0,0.0,
1,1,73,O1,1.1102230246251565e-16,-3.0814879110195774e-33,1.609865158412989,0.0
2,1,66,O1,-0.7810381457998382,-1.300386839837397,-0.533589548322143,0.0
3,1,72,O1,-0.739841198047794,1.3252020819300954,-0.536786989402148,0.0
4,1,36,O1,1.5199290454165624,0.0,-0.5238418003835194,0.0
5,2,22,Si1,-0.37905003214518396,-0.35177220513575524,3.133208413918823,1.0
6,2,24,Si1,-1.1225673210861618,-2.688889235630654,-1.2730521170823714,2.0
7,2,22,Si1,-1.8587324282407716,2.2986319587244353,-1.1600958817114506,3.0
8,2,2,Si1,2.8123686863790813,-0.5511774336126949,-1.3095403946467987,4.0
