,neighbor_num,isite,atom,x,y,z,front_index
0,0,19,Si1,0.0,0.0,0.0,
1,1,79,O1,-0.7888731277364328,-1.3014733226815798,-0.5245714671594254,0.0
2,1,62,O1,1.1102230246251565e-16,5.551115123125783e-17,1.6091168147753379,0.0
3,1,53,O1,1.5211612325509543,1.1102230246251565e-16,-0.528515948901371,0.0
4,1,63,O1,-0.7467819602519932,1.3189773553949435,-0.5402521294639031,0.0
5,2,23,Si1,-2.230469298655866,-2.016093599733986,-0.4622322156168186,1.0
6,2,11,Si1,0.39219727340103316,0.13436948057379228,3.1631377796348903,2.0
7,2,9,Si1,2.783778004913955,0.9841542360354663,-0.3632685053731418,3.0
8,2,11,Si1,-1.1007694604094298,2.771269431383356,-1.1338813012112539,4.0
