,neighbor_num,isite,atom,x,y,z,front_index
0,0,0,Si1,0.0,0.0,0.0,
1,1,5,O1,1.5163901875028354,5.551115123125783e-17,-0.5415253031811854,0.0
2,1,12,O1,-0.7591599077634692,1.3138622,-0.5413105282504688,0.0
3,1,9,O1,-0.7591599077634685,-1.3138622,-0.541310528250468,0.0
4,1,13,O1,0.0,5.551115123125783e-17,1.6075247277992837,0.0
5,2,4,Si1,2.4453159352812235,5.551115123125783e-16,-1.856450616580164,1.0
6,2,3,Si1,-1.518627749582595,1.8554754000000002,-1.8548699951066294,2.0
7,2,1,Si1,-1.5186277495825944,-1.8554754000000004,-1.8548699951066285,3.0
8,2,2,Si1,0.0012819998980795333,1.1102230246251565e-16,3.215048944401454,4.0
