,neighbor_num,isite,atom,x,y,z,front_index
0,0,2,Si1,0.0,0.0,0.0,
1,1,7,O1,1.5163901875028347,1.1102230246251565e-16,-0.541525303181186,0.0
2,1,10,O1,-0.7591599077634685,1.3138621999999993,-0.5413105282504682,0.0
3,1,11,O1,-0.7591599077634695,-1.3138621999999995,-0.5413105282504683,0.0
4,1,13,O1,2.7755575615628914e-16,5.551115123125783e-17,1.6075247277992823,0.0
5,2,4,Si1,2.445315935281223,-2.220446049250313e-16,-1.856450616580164,1.0
6,2,1,Si1,-1.518627749582594,1.8554753999999996,-1.8548699951066276,2.0
7,2,3,Si1,-1.5186277495825957,-1.855475399999999,-1.854869995106628,3.0
8,2,0,Si1,0.0012819998980805325,4.440892098500626e-16,3.2150489444014525,4.0
