,neighbor_num,isite,atom,x,y,z,front_index
0,0,1,Si1,0.0,0.0,0.0,
1,1,30,O1,-0.7619608322852076,1.3118399000000005,-0.5371549109577629,0.0
2,1,34,O1,1.5147827040632489,1.7472677962800432e-32,-0.5404353341805487,0.0
3,1,31,O1,-0.7619608322852078,-1.3118398999999992,-0.5371549109577627,0.0
4,1,35,O1,0.0,-3.1370164456005164e-33,1.608302518483389,0.0
5,2,7,Si1,-0.9550213729991521,2.9036594000000004,-0.673255630525773,1.0
6,2,3,Si1,3.0295654081264956,4.4408920985006247e-16,-1.0808706683610976,2.0
7,2,6,Si1,-0.9550213729991515,-2.903659400000001,-0.6732556305257718,3.0
8,2,3,Si1,-1.9984014443252818e-15,8.881784197001249e-16,3.2166050369667762,4.0
9,3,43,O1,-2.2504690248903443,3.1949284999999974,-1.5864995121241283,5.0
10,3,50,O1,0.33928390882864706,3.5561925000000003,-1.3691195971123908,5.0
11,3,51,O1,-1.1754987952346019,3.556192500000001,0.7796182555515458,5.0
12,3,35,O1,3.029565408126498,3.3306690738754696e-16,-2.689173186844486,6.0
13,3,39,O1,3.7869567601581213,1.3163557000000012,-0.5469370762096774,6.0
14,3,38,O1,3.7869567601581213,-1.3163556999999995,-0.5469370762096775,6.0
15,3,48,O1,0.33928390882864645,-3.5561925,-1.3691195971123897,7.0
16,3,42,O1,-2.250469024890345,-3.1949285,-1.5864995121241265,7.0
17,3,49,O1,-1.1754987952346012,-3.5561924999999994,0.7796182555515475,7.0
18,3,34,O1,-1.514782704063249,1.665334536937734e-16,3.757040371147326,8.0
19,3,39,O1,0.7573913520316229,1.3163557000000008,3.750538629118198,8.0
20,3,38,O1,0.7573913520316229,-1.316355699999999,3.7505386291181977,8.0
21,4,11,Si1,-2.99300956609782,4.524831600000001,-2.1099638181549323,9.0
22,4,27,Si1,1.672429772811913,4.1590518,-2.0376023538450907,10.0
23,4,27,Si1,-1.3571356353145843,4.1590518,2.2598733514827845,11.0
24,4,1,Si1,3.0295654081264995,-1.3994618167166406e-16,-4.297475705327876,12.0
25,4,13,Si1,4.05541372505621,2.890112000000001,-0.35768459633700334,13.0
26,4,12,Si1,4.0554137250562095,-2.890111999999999,-0.35768459633700145,14.0
27,4,26,Si1,1.6724297728119133,-4.159051800000001,-2.037602353845089,15.0
28,4,10,Si1,-2.9930095660978195,-4.524831599999999,-2.10996381815493,16.0
29,4,26,Si1,-1.3571356353145854,-4.159051799999999,2.259873351482786,17.0
30,4,1,Si1,-3.0295654081265013,3.619907865966955e-16,4.297475705327877,18.0
31,4,13,Si1,1.0258483169297095,2.890112,3.9397911089908715,19.0
32,4,12,Si1,1.0258483169297103,-2.890111999999999,3.9397911089908746,20.0
