,neighbor_num,isite,atom,x,y,z,front_index
0,0,0,Si1,0.0,0.0,0.0,
1,1,32,O1,0.0,0.0,1.6094443337307431,0.0
2,1,56,O1,-0.7558950556432751,1.3153152688957466,-0.5382697407547306,0.0
3,1,24,O1,-0.7630659130577448,-1.3090051030055887,-0.5411776987900075,0.0
4,1,48,O1,1.5186182426422867,3.2064711060773173e-17,-0.5380409580400125,0.0
5,2,20,Si1,0.2141715685797279,-0.7679599618368628,3.008079898326934,1.0
6,2,7,Si1,-1.1886677387494142,2.8500282120852436,-0.3179747287545596,2.0
7,2,6,Si1,-0.9964786258201869,-2.8978945420513478,-0.6390863554180191,3.0
8,2,15,Si1,2.6341230782304246,0.9665313067071707,-1.18391682409244,4.0
9,3,66,O1,-0.6359226869759671,-2.135014869342658,3.006063870556554,5.0
10,3,69,O1,1.7759898614984262,-1.107381573865337,3.200485763687001,5.0
11,3,47,O1,-0.2841192031468706,0.1723267997189848,4.216128125501913,5.0
12,3,27,O1,-2.605870059591001,3.1094237276557593,-1.034137278275338,6.0
13,3,39,O1,-1.3149175420575816,3.1527330718781483,1.257697133785482,6.0
14,3,55,O1,-0.07316290316127769,3.816559518792415,-0.9638505948069884,6.0
15,3,38,O1,-1.2056696962232056,-3.5062504520116056,0.8361943793094644,7.0
16,3,54,O1,0.2843041259904529,-3.5895522986036728,-1.329661861702402,7.0
17,3,57,O1,-2.3044297842697667,-3.1880330438391,-1.5314143906377846,7.0
18,3,60,O1,2.201350395124285,2.501244249896666,-0.9636218120922693,8.0
19,3,31,O1,4.0513253990720095,0.7071357911366538,-0.46775427457166335,8.0
20,3,47,O1,2.7603728815385913,0.6638264469142666,-2.7595886866324837,8.0
21,4,18,Si1,-0.7640787896949671,-3.6128442378750756,2.38068414697144,9.0
22,4,16,Si1,2.8565567611036045,-1.9131151827179922,4.080640269938812,10.0
23,4,15,Si1,-0.41036900645503793,0.47503165951188864,5.791799988041956,11.0
24,4,3,Si1,-3.880289922438332,4.016521729007637,-1.4105206973529945,12.0
25,4,17,Si1,-1.8132083137841808,4.0930198334339964,2.465745360960462,13.0
26,4,8,Si1,1.4454553394810097,3.816559518792414,-1.5018915528470003,14.0
27,4,18,Si1,-0.7640787896949671,-3.6128442378750756,2.38068414697144,15.0
28,4,9,Si1,0.6880385145641702,-4.692945664790323,-2.4320279816248433,16.0
29,4,1,Si1,-3.582646876390594,-4.111986724306407,-1.8533407289661423,17.0
30,4,8,Si1,1.4454553394810097,3.816559518792414,-1.5018915528470003,18.0
31,4,11,Si1,5.325745261919342,-0.19996221021522187,-0.09137085549400527,19.0
32,4,20,Si1,3.2586636532651894,-0.2764603146415814,-3.967636913807461,20.0
