,neighbor_num,isite,atom,x,y,z,front_index
0,0,3,Si1,0.0,0.0,0.0,
1,1,27,O1,1.518913991016915,0.0,-0.5365426039493486,0.0
2,1,33,O1,0.0,0.0,1.6087408310720532,0.0
3,1,31,O1,-0.7531164274309973,1.3142500000000004,-0.5424879069728735,0.0
4,1,29,O1,-0.7531164274309973,-1.3142499999999995,-0.5424879069728735,0.0
5,2,6,Si1,3.0785330161511544,0.0,-0.1336193536841307,1.0
6,2,2,Si1,-0.8584246089403254,0.0,2.9693121273752103,2.0
7,2,1,Si1,-1.679526408796285,2.6285000000000003,-0.48554908976523276,3.0
8,2,1,Si1,-1.679526408796285,-2.628499999999999,-0.48554908976523276,4.0
9,3,36,O1,3.404491200581095,-1.3142499999999995,0.7362087313937988,5.0
10,3,39,O1,3.404491200581095,1.3142500000000004,0.7362087313937988,5.0
11,3,68,O1,3.976844920206056,0.0,-1.4689562068311022,5.0
12,3,26,O1,0.13987752384361585,0.0,4.233578922651711,6.0
13,3,28,O1,-1.7848345903056129,-1.3142499999999995,3.0262509445828516,6.0
14,3,30,O1,-1.7848345903056129,1.3142500000000004,3.0262509445828516,6.0
15,3,32,O1,-2.53795101773661,2.6285000000000003,0.8750222065379234,7.0
16,3,29,O1,-0.7531164274309973,3.94275,-0.5424879069728735,7.0
17,3,25,O1,-2.6778285415802263,2.6285000000000003,-1.749815885041734,7.0
18,3,32,O1,-2.53795101773661,-2.628499999999999,0.8750222065379234,8.0
19,3,25,O1,-2.6778285415802263,-2.628499999999999,-1.749815885041734,8.0
20,3,31,O1,-0.7531164274309973,-3.9427499999999993,-0.5424879069728735,8.0
21,4,11,Si1,4.189185069977801,-2.628499999999999,1.231643037903984,9.0
22,4,11,Si1,4.189185069977801,2.6285000000000003,1.231643037903984,10.0
23,4,20,Si1,5.468301955420136,0.0,-2.073730107569837,11.0
24,4,7,Si1,1.673904673924268,0.0,4.725025106867639,12.0
25,4,0,Si1,-2.53795101773661,-2.628499999999999,2.4837630376099775,13.0
26,4,0,Si1,-2.53795101773661,2.6285000000000003,2.4837630376099775,14.0
27,4,0,Si1,-2.53795101773661,2.6285000000000003,2.4837630376099775,15.0
28,4,3,Si1,0.0,5.257,0.0,16.0
29,4,4,Si1,-4.211855691660879,2.6285000000000003,-2.2412620692576626,17.0
30,4,0,Si1,-2.53795101773661,-2.628499999999999,2.4837630376099775,18.0
31,4,4,Si1,-4.211855691660879,-2.628499999999999,-2.2412620692576626,19.0
32,4,3,Si1,0.0,-5.257,0.0,20.0
