,neighbor_num,isite,atom,x,y,z,front_index
0,0,12,Si1,0.0,0.0,0.0,
1,1,56,O1,-0.756432222951527,-1.312113533376627,-0.542416287706144,0.0
2,1,54,O1,-0.7481522253829401,1.3188815823277444,-0.5380986567809467,0.0
3,1,52,O1,0.0,1.0317232180332882e-16,1.608953245118775,0.0
4,1,48,O1,1.521186329711887,2.3885203516138283e-17,-0.5300658716210244,0.0
5,2,13,Si1,-2.1133041023839354,-2.174496621932938,-0.5993475878497462,1.0
6,2,14,Si1,-1.9229254663237962,2.198788974367494,-1.1971899697121402,2.0
7,2,14,Si1,-0.4266210155579153,-0.4389741902879949,3.096913834087304,3.0
8,2,17,Si1,2.634639533026772,-0.7779701389804616,-1.3959429275865354,4.0
9,3,49,O1,-1.8737809080190346,-3.49327140457029,-1.4929019454580106,5.0
10,3,53,O1,-2.5399251179418507,-2.613470812220933,0.8886130011187822,5.0
11,3,55,O1,-3.288077343324791,-1.294589229893189,-1.2584389007809405,5.0
12,3,57,O1,-3.279797345756204,1.3364058858111834,-1.2541212698557427,6.0
13,3,50,O1,-2.162448660688696,3.517563757004846,-0.3036356121038768,6.0
14,3,52,O1,-1.4963044507658803,2.637763164655488,-2.685150558680668,6.0
15,3,54,O1,0.74815222538294,-1.3188815823277442,3.7560051470184965,7.0
16,3,57,O1,-1.7834928949903237,-1.3013572788443057,3.039982533943701,7.0
17,3,50,O1,-0.666144209922815,0.8798005923493564,3.9904681916955678,7.0
18,3,43,O1,4.012968053117372,0.05233947684131585,-1.3661902652191786,8.0
19,3,59,O1,2.123875020773524,-0.9218857732031922,-2.915321287751036,8.0
20,3,64,O1,2.8720272461564638,-2.2407673555309375,-0.7682693858513132,8.0
21,4,16,Si1,-0.823330808267556,-4.3360689556185985,-2.376647115200984,9.0
22,4,15,Si1,-2.5399251179418503,-2.6134708122209327,2.4975662462375574,10.0
23,4,15,Si1,-4.036229568707731,0.024292352434555915,-1.7965375575618872,11.0
24,4,15,Si1,-4.036229568707731,0.024292352434555915,-1.7965375575618872,12.0
25,4,19,Si1,-3.212898760440177,4.360361308053155,0.580109557639096,13.0
26,4,12,Si1,-1.4963044507658805,2.637763164655488,-4.294103803799443,14.0
27,4,12,Si1,1.4963044507658805,-2.637763164655488,4.294103803799443,15.0
28,4,15,Si1,-2.539925117941851,-2.613470812220932,2.4975662462375574,16.0
29,4,19,Si1,-1.7165943096742957,1.7225981433976671,4.87421336143854,17.0
30,4,11,Si1,5.5432992496161475,0.11590054972309058,-1.8603987009434741,18.0
31,4,20,Si1,2.1723795372509054,-0.8926058752273369,-4.5231902757882505,19.0
32,4,20,Si1,3.668683988016784,-3.530369039882826,-0.22908647198880538,20.0
