,neighbor_num,isite,atom,x,y,z,front_index
0,0,6,Si1,0.0,0.0,0.0,
1,1,16,O1,1.232595164407831e-32,0.0,1.6069831199408653,0.0
2,1,18,O1,1.5131565361284145,-6.162975822039155e-33,-0.5410656567799651,0.0
3,1,22,O1,-0.7550257818780305,-1.3160111382873323,-0.5318651090122285,0.0
4,1,13,O1,-0.7550257818780305,1.3160111382873323,-0.5318651090122285,0.0
5,2,4,Si1,1.1102230246251565e-15,0.0,3.2139662398817315,1.0
6,2,4,Si1,3.0263130722568303,0.0,-1.0821313135599295,2.0
7,2,3,Si1,-1.830898708899569,-2.2395610424533827,-1.2897455487904481,3.0
8,2,5,Si1,-1.830898708899569,2.2395610424533827,-1.2897455487904481,4.0
