,neighbor_num,isite,atom,x,y,z,front_index
0,0,5,Si1,0.0,0.0,0.0,
1,1,20,O1,-0.7550257818780299,1.3160111382873334,-0.5318651090122289,0.0
2,1,17,O1,1.5131565361284156,9.325547147119941e-33,-0.5410656567799639,0.0
3,1,13,O1,-0.7550257818780302,-1.3160111382873316,-0.5318651090122289,0.0
4,1,19,O1,-1.1102230246251565e-16,-1.5465831104775223e-32,1.6069831199408657,0.0
5,2,0,Si1,-1.8308987088995683,2.239561042453385,-1.28974554879045,1.0
6,2,7,Si1,3.026313072256832,-3.330669073875468e-16,-1.0821313135599269,2.0
7,2,6,Si1,-1.8308987088995687,-2.2395610424533805,-1.2897455487904494,3.0
8,2,7,Si1,8.881784197001252e-16,-1.3322676295501875e-15,3.2139662398817315,4.0
