,neighbor_num,isite,atom,x,y,z,front_index
0,0,28,Si1,0.0,0.0,0.0,
1,1,90,O1,-0.7548938254446034,-1.321667450860311,-0.529944734391974,0.0
2,1,33,O1,-0.7629049959593962,1.3076506994259047,-0.5600068855092899,0.0
3,1,86,O1,-1.1102230246251565e-16,5.551115123125783e-17,1.6097155887083685,0.0
4,1,56,O1,1.5180240109011032,0.0,-0.5367785997316059,0.0
5,2,17,Si1,-1.9391478786568095,-2.3795481971508043,-0.7982113014125667,1.0
6,2,5,Si1,-1.7160542351227601,1.6326238429757147,-1.8191798701683695,2.0
7,2,29,Si1,0.6415963010488576,0.046865597996404995,3.085297537976431,3.0
8,2,31,Si1,3.108060763284988,0.22702929475245592,-0.6497785474962281,4.0
