,neighbor_num,isite,atom,x,y,z,front_index
0,0,3,Si1,0.0,0.0,0.0,
1,1,60,O1,1.5220103476214344,2.465190328815662e-32,-0.5263276296214907,0.0
2,1,63,O1,-0.7613083566657352,-1.3269331714065282,-0.5082910027315042,0.0
3,1,40,O1,-0.7596205654174811,1.3203678989627237,-0.5309214643078296,0.0
4,1,48,O1,-5.551115123125783e-17,0.0,1.6126813840081207,0.0
5,2,14,Si1,3.1076170543843697,0.2859528427925398,-0.5662443395025022,1.0
6,2,2,Si1,-1.9931661446465616,-2.336044012592648,-0.2574454343881635,2.0
7,2,4,Si1,-2.052546521931047,1.7093282780978165,-1.4111011607912323,3.0
8,2,8,Si1,0.5643161226382511,-0.8990093536827832,2.8231624933805914,4.0
