,neighbor_num,isite,atom,x,y,z,front_index
0,0,20,Si1,0.0,0.0,0.0,
1,1,72,O1,1.4885060437329087,0.0,-0.6180726182542415,0.0
2,1,64,O1,1.1102230246251565e-16,3.0814879110195774e-33,1.6123329747423756,0.0
3,1,36,O1,-0.7671381394870356,1.3178680306177084,-0.5169943317888003,0.0
4,1,76,O1,-0.7621871213123721,-1.3234761095849876,-0.5108821833761619,0.0
5,2,19,Si1,2.2098185084875173,-0.10772798686338819,-2.0569525306566527,1.0
6,2,13,Si1,-1.1072829746516513,-0.2293784857728395,2.7642409548352536,2.0
7,2,11,Si1,-2.2024376860287553,1.9376440375103432,-0.9052608174797289,3.0
8,2,25,Si1,-1.4336208154377053,-2.2621579669101775,-1.6330295223555515,4.0
