,neighbor_num,isite,atom,x,y,z,front_index
0,0,20,Si1,0.0,0.0,0.0,
1,1,72,O1,-0.731250302638836,1.3433019807383764,-0.5084061241763462,0.0
2,1,64,O1,-0.7398053381775653,-1.338167149923746,-0.5114825137876509,0.0
3,1,36,O1,1.5111149767951972,-1.232595164407831e-32,-0.5559601938869595,0.0
4,1,76,O1,0.0,3.0814879110195774e-33,1.610440568859294,0.0
5,2,19,Si1,-0.6241948576088725,2.939972059125972,-0.3047982025466556,1.0
6,2,13,Si1,-0.6441056517800804,-2.911672508551514,-0.16434489455915482,2.0
7,2,11,Si1,3.0209640382905962,-0.4789459943594371,-0.26283138786144655,3.0
8,2,25,Si1,0.43783987862144835,0.5576118402618336,3.0556141783420254,4.0
