,neighbor_num,isite,atom,x,y,z,front_index
0,0,24,Si1,0.0,0.0,0.0,
1,1,77,O1,-0.7783760744277766,-1.2991406198102253,-0.5454592761831945,0.0
2,1,84,O1,1.513791584540142,-1.232595164407831e-32,-0.5462826901314008,0.0
3,1,80,O1,0.0,1.232595164407831e-32,1.6099487632922398,0.0
4,1,71,O1,-0.7724503450836513,1.3125479307213865,-0.5248774570055225,0.0
5,2,21,Si1,-1.9827249627435806,-2.3682801997784404,-0.5472324461886325,1.0
6,2,27,Si1,2.9521389682143906,-0.6918041573505922,-0.7525678100786058,2.0
7,2,19,Si1,-1.0629920345267179,-0.02337427881642953,2.8224844633641615,3.0
8,2,7,Si1,-2.190904668413962,2.0730254504738777,-0.5720100875095071,4.0
