,neighbor_num,isite,atom,x,y,z,front_index
0,0,21,Si1,0.0,0.0,0.0,
1,1,37,O1,-0.7671381520989915,1.3178680283274,-0.5169943341494118,0.0
2,1,77,O1,-0.7621871308195196,-1.3234761078274186,-0.5108821781948263,0.0
3,1,65,O1,0.0,0.0,1.6123329747423765,0.0
4,1,73,O1,1.4885060352592656,-6.162975822039156e-33,-0.6180726130729054,0.0
5,2,10,Si1,-2.2024376929892924,1.9376440403926067,-0.9052608122983937,1.0
6,2,24,Si1,-1.433620825677871,-2.262157964628286,-1.6330295171742164,2.0
7,2,12,Si1,-1.1072829884718538,-0.22937848779752895,2.764240952474644,3.0
8,2,18,Si1,2.2098184999297503,-0.10772798742666215,-2.056952525475318,4.0
