,neighbor_num,isite,atom,x,y,z,front_index
0,0,13,Si1,0.0,0.0,0.0,
1,1,54,O1,-0.7499836079812852,-1.3193661199914761,-0.5366394655435633,0.0
2,1,89,O1,0.0,5.551115123125783e-17,1.6101329658184995,0.0
3,1,64,O1,-0.7502182509961862,1.3263196922899625,-0.5325699202983464,0.0
4,1,59,O1,1.5202776914469638,5.551115123125783e-17,-0.5350390092779675,0.0
5,2,12,Si1,-1.5839174539884309,-2.691581937558725,-0.42366881876883283,1.0
6,2,14,Si1,-0.4066769415054295,-0.25601783429377256,3.1468817746310496,2.0
7,2,20,Si1,-0.28904548725409185,2.795211610847226,-1.011416278769659,3.0
8,2,0,Si1,2.7600473931970466,0.04031827672392707,-1.5621133956561968,4.0
