,neighbor_num,isite,atom,x,y,z,front_index
0,0,25,Si1,0.0,0.0,0.0,
1,1,70,O1,-0.7382298278497483,1.3225769226063675,-0.5484204047330603,0.0
2,1,76,O1,1.5139167153534208,1.1102230246251565e-16,-0.5470079197144138,0.0
3,1,81,O1,-0.7775161148435085,-1.299520986398773,-0.5464878017797189,0.0
4,1,85,O1,-5.551115123125783e-17,-5.551115123125783e-17,1.6093445059904838,0.0
5,2,6,Si1,-1.1208487296686878,2.1642513575921685,-1.8666567824355544,1.0
6,2,20,Si1,2.6421305939742696,-0.1966834585428317,-1.6792481270250286,2.0
7,2,18,Si1,-1.1577867627956049,-1.9806216728804036,-1.9579541795254631,3.0
8,2,26,Si1,0.442607843515445,-0.6076560073137672,3.032314011143652,4.0
