,neighbor_num,isite,atom,x,y,z,front_index
0,0,0,Si1,0.0,0.0,0.0,
1,1,62,O1,-0.7613083566657359,1.3269331714065278,-0.5082910027315033,0.0
2,1,51,O1,5.551115123125783e-17,1.232595164407831e-32,1.6126813840081209,0.0
3,1,43,O1,-0.7596205654174814,-1.3203678989627234,-0.5309214643078289,0.0
4,1,59,O1,1.522010347621434,0.0,-0.5263276296214902,0.0
5,2,1,Si1,-1.993166144646562,2.336044012592648,-0.2574454343881638,1.0
6,2,11,Si1,0.564316122638251,0.8990093536827833,2.8231624933805906,2.0
7,2,7,Si1,-2.052546521931048,-1.7093282780978165,-1.4111011607912318,3.0
8,2,13,Si1,3.107617054384371,-0.28595284279253996,-0.566244339502502,4.0
