,neighbor_num,isite,atom,x,y,z,front_index
0,0,12,Si1,0.0,0.0,0.0,
1,1,58,O1,1.1102230246251565e-16,3.0814879110195774e-33,1.6116795462708329,0.0
2,1,65,O1,-0.7514212200910294,-1.3263196909804846,-0.5308712873202127,0.0
3,1,54,O1,-0.7551820623303364,1.319366114917808,-0.5292989552907845,0.0
4,1,88,O1,1.518818803055584,0.0,-0.5345255899270833,0.0
5,2,1,Si1,-0.5572529019164679,-0.040318265720154726,3.122103303915579,1.0
6,2,21,Si1,-1.0500128481590854,-2.795211607902628,0.06311288544035659,2.0
7,2,13,Si1,-0.9254642848979553,2.6915819401628704,-1.3534421348568795,3.0
8,2,15,Si1,2.8334082288300952,0.256017822023362,-1.4283027876952692,4.0
