,neighbor_num,isite,atom,x,y,z,front_index
0,0,10,Si1,0.0,0.0,0.0,
1,1,50,O1,-0.7340333277555381,1.324958660601368,-0.5455406876372958,0.0
2,1,37,O1,1.5287116850036495,0.0,-0.5079355465006097,0.0
3,1,47,O1,-2.7755575615628914e-17,-5.551115123125783e-17,1.6097085094068388,0.0
4,1,53,O1,-0.7590569957072655,-1.309480760905913,-0.5468842245340626,0.0
5,2,1,Si1,-0.5927611536918426,2.9268011323110974,-0.4235402163737436,1.0
6,2,21,Si1,2.943852413988861,0.7630029114813911,-0.4198248191507806,2.0
7,2,7,Si1,0.17159702091141216,0.6882197789649434,3.0555393515469653,3.0
8,2,9,Si1,-2.0313560862546485,-2.292698904027697,-0.6141660808367715,4.0
