,neighbor_num,isite,atom,x,y,z,front_index
0,0,1,Si1,0.0,0.0,0.0,
1,1,42,O1,-0.7845397286639247,1.2932084430609934,-0.5606975389841418,0.0
2,1,50,O1,-0.7470048302882667,-1.3357254684331987,-0.5084904156729559,0.0
3,1,58,O1,1.512585041003419,0.0,-0.5528316024209938,0.0
4,1,62,O1,0.0,-1.8488927466117464e-32,1.6120489442835981,0.0
5,2,6,Si1,-1.571667639940094,2.579876917443462,0.00726184367833016,1.0
6,2,10,Si1,-0.5668163690410292,-2.9329214133703445,-0.416663119426668,2.0
7,2,12,Si1,2.7668491155893573,-0.28337621096281523,-1.524443929499647,3.0
8,2,0,Si1,-0.8395146274505443,-0.3409251551833854,2.945348245875563,4.0
