,neighbor_num,isite,atom,x,y,z,front_index
0,0,26,Si1,0.0,0.0,0.0,
1,1,85,O1,1.5135743733373075,9.328122267735891e-33,-0.5468842248029545,0.0
2,1,82,O1,-0.7781809458394628,-1.299520986398772,-0.5455406876372947,0.0
3,1,69,O1,-0.7666483546292715,1.3225769226063668,-0.5079355465006087,0.0
4,1,79,O1,1.1102230246251565e-16,-3.170580778399289e-33,1.609708509406838,0.0
5,2,25,Si1,3.0022708056517966,-0.6076560073137673,-0.6141660808367729,1.0
6,2,17,Si1,-2.234875486988042,-1.980621672880402,-0.42354021637374173,2.0
7,2,5,Si1,-2.1364588784803664,2.1642513575921685,-0.4198248191507792,3.0
8,2,23,Si1,-0.6814745915145001,-0.19668345854283173,3.0555393515469635,4.0
