,neighbor_num,isite,atom,x,y,z,front_index
0,0,2,Si1,0.0,0.0,0.0,
1,1,49,O1,9.244463733058732e-33,6.162975822039155e-33,1.6126813840081196,0.0
2,1,63,O1,-0.7705288807064552,1.3216002797008344,-0.5082910027315042,0.0
3,1,61,O1,-0.7589853304273658,-1.3192637293917049,-0.5263276236435179,0.0
4,1,41,O1,1.523284212488401,-1.268630605046413e-16,-0.5309214643078282,0.0
5,2,9,Si1,-1.0606617008019068,-0.040832104165862054,2.82316249338059,1.0
6,2,3,Si1,-1.0309222127751552,2.892578832139578,-0.2574454343881636,2.0
7,2,15,Si1,-1.3018232978564255,-2.836249080939367,-0.5662443391279033,3.0
8,2,5,Si1,2.5051784131418184,0.9267316025576028,-1.4111011548132575,4.0
