,neighbor_num,isite,atom,x,y,z,front_index
0,0,18,Si1,0.0,0.0,0.0,
1,1,73,O1,1.5081673182217454,0.0,-0.558473239698571,0.0
2,1,78,O1,-0.7543420114964327,-1.3244836128842625,-0.5237345222151755,0.0
3,1,94,O1,2.7755575615628914e-17,5.551115123125783e-17,1.6079576080706899,0.0
4,1,86,O1,-0.7799812370206415,1.2970209070013514,-0.5481015041033513,0.0
5,2,19,Si1,3.1117171427058343,0.09769615419879085,-0.4840122360563994,1.0
6,2,27,Si1,-0.27337401519338544,-2.7584736251525634,-1.0780488345731318,2.0
7,2,23,Si1,0.4630850832575205,0.4743179171309677,3.072915760546497,3.0
8,2,27,Si1,-1.8890966311167123,1.891315696894184,-1.55227639490038,4.0
9,3,95,O1,3.5748022259633556,0.5720140713297592,0.9809459164194071,5.0
10,3,79,O1,3.6236090435935413,1.1738486598421132,-1.5691154695188023,5.0
11,3,87,O1,3.7576527335577437,-1.3366218802418204,-0.8254038157012853,5.0
12,3,86,O1,0.8357413789026853,-3.3527684150453965,-0.07387394377610335,6.0
13,3,64,O1,-1.5231412088884644,-3.7692148715559455,-1.1772322875214214,6.0
14,3,35,O1,0.36979222787176846,-2.565071939538276,-2.5400900907734387,6.0
15,3,75,O1,2.0666349077416104,0.572014071329759,3.147376764188669,7.0
16,3,83,O1,-0.04880681763018646,-0.6018345885123534,4.158018994008904,7.0
17,3,91,O1,-0.1828505075943878,1.9086359515715796,3.414307340191383,7.0
18,3,64,O1,-3.138863824811792,0.8805744504908013,-1.6514598478486697,8.0
19,3,78,O1,-2.370064627419759,3.3253057091624845,-0.9979620825424234,8.0
20,3,35,O1,-1.2459303880515584,2.084717382508471,-3.0143176511006873,8.0
21,4,22,Si1,3.5748022259633547,0.5720140713297586,2.5889035244900978,9.0
22,4,26,Si1,2.9401294215648885,2.40041481852116,-2.3586172049778087,10.0
23,4,26,Si1,4.555852037488215,-2.2493745035255888,-1.88438964465056,11.0
24,4,18,Si1,1.6157226159233264,-4.649789322046747,0.47422756032724833,12.0
25,4,8,Si1,-2.188279255563996,-4.670692119617414,-2.334644949210282,13.0
26,4,3,Si1,0.5179040844701961,-2.08713839841502,-4.070501131219387,14.0
27,4,22,Si1,3.5748022259633547,0.5720140713297586,2.5889035244900978,15.0
28,4,30,Si1,0.6346728043984672,-1.8284007471913994,4.947520729467909,16.0
29,4,30,Si1,-0.98104981152486,2.821388574855347,4.473293169140658,17.0
30,4,8,Si1,-3.804001871487323,-0.020902797570665488,-2.8088725095375304,18.0
31,4,18,Si1,-1.6157226159233276,4.6497893220467486,-0.47422756032724833,19.0
32,4,3,Si1,-1.0978185314531312,2.5626509236317268,-4.544728691546634,20.0
