,neighbor_num,isite,atom,x,y,z,front_index
0,0,8,Si1,0.0,0.0,0.0,
1,1,56,O1,-1.3877787807814457e-17,1.1102230246251565e-16,1.610366108086485,0.0
2,1,48,O1,1.5222565052071584,-2.7755575615628914e-17,-0.527293111238045,0.0
3,1,59,O1,-0.7428354922704233,-1.3196734868292874,-0.5472763467206573,0.0
4,1,64,O1,-0.7797123787852795,1.30827081744618,-0.524547418193261,0.0
5,2,11,Si1,-0.7497645133213481,0.4689179014879008,2.956034438814717,1.0
6,2,0,Si1,2.822303732113355,-0.8904546839063792,-0.19552740468765517,2.0
7,2,11,Si1,-0.7366069784505188,-2.9274426216638796,-0.6384827980409202,3.0
8,2,27,Si1,-2.265955703555326,1.9068750443811255,-0.36297074280855246,4.0
9,3,59,O1,-0.7559930271412527,2.0766870363224936,3.0472408901349803,5.0
10,3,67,O1,0.027184520006323765,-0.12604928300665774,4.235502362731269,5.0
11,3,51,O1,-2.269960022245055,-0.0630880163528782,2.920282364256853,5.0
12,3,40,O1,3.738671629934133,-0.1441341679412177,0.8940615619939467,6.0
13,3,32,O1,2.357941148988286,-2.314642729988086,0.39487190536095396,6.0
14,3,44,O1,3.676962208589779,-1.1762544413965201,-1.532788794296425,6.0
15,3,56,O1,0.013157534870829338,-3.3963605231517806,-1.984151128769152,7.0
16,3,67,O1,0.040342054877153116,-3.5224098061584384,0.6409851258756327,7.0
17,3,51,O1,-2.2568024873742254,-3.4594485395046584,-0.6742348725987843,7.0
18,3,86,O1,-3.0052615690213695,1.9357534027457273,-1.792755112469776,8.0
19,3,78,O1,-2.2058108173695836,3.4088684943994636,0.2160976421043157,8.0
20,3,35,O1,-3.1007405896184848,0.9856632166989328,0.6583688802296014,8.0
21,4,8,Si1,-0.013157534870829345,3.396360523151781,3.5945172368556375,9.0
22,4,24,Si1,1.510594238087873,0.0067866868300821,4.848040913660948,10.0
23,4,3,Si1,-3.568017829878782,0.31383695645294907,2.0450256514938934,11.0
24,4,1,Si1,4.61437809262728,0.9987842880486602,1.6087671987259007,12.0
25,4,24,Si1,1.5237517729587025,-3.3895738363216985,1.2535236768053097,13.0
26,4,1,Si1,4.627535627498109,-2.397576235103121,-1.985750038129737,14.0
27,4,8,Si1,0.013157534870829341,-3.39636052315178,-3.594517236855637,15.0
28,4,24,Si1,1.5237517729587025,-3.389573836321698,1.2535236768053102,16.0
29,4,3,Si1,-3.5548602950079524,-3.0825235666988315,-1.5494915853617437,17.0
30,4,18,Si1,-3.2636914187974355,1.2040180695488378,-3.203012761624416,18.0
31,4,18,Si1,-3.2768489536682646,4.600378592700618,0.39150447523122134,19.0
32,4,3,Si1,-3.568017829878782,0.31383695645294907,2.0450256514938934,20.0
