,neighbor_num,isite,atom,x,y,z,front_index
0,0,16,Si1,0.0,0.0,0.0,
1,1,76,O1,1.5243599206123064,-2.220446049250313e-16,-0.5233673597944728,0.0
2,1,84,O1,-5.551115123125783e-17,5.551115123125783e-17,1.6096736383823944,0.0
3,1,72,O1,-0.7400691536409114,-1.3215426449536438,-0.5406326891797608,0.0
4,1,92,O1,-0.7404389995330785,1.3181436517136835,-0.5475171876478256,0.0
5,2,25,Si1,2.310837049543816,-0.7327510056179601,-1.7231388443161724,1.0
6,2,25,Si1,0.8438216872703228,-0.18679534767371575,2.967894137492019,2.0
7,2,17,Si1,-1.8925223509233986,-2.1786577533810894,-1.2642806271926934,3.0
8,2,21,Si1,-2.002137568691919,2.254810371912252,-0.8885448187972763,4.0
9,3,84,O1,1.4670153622734934,-0.5459556579442444,-3.0813593434257966,5.0
10,3,66,O1,3.7814775501417466,-0.1003566815296717,-1.8982022608778983,5.0
11,3,33,O1,2.4442682877360937,-2.2992286693289343,-1.3811220365159629,5.0
12,3,66,O1,2.314462187868253,0.4455989764145727,2.7928307209302923,6.0
13,3,76,O1,0.057344558338813245,0.5459556579442439,4.167665622013718,6.0
14,3,33,O1,0.9772529254626008,-1.75327301138469,3.309910945292228,6.0
15,3,93,O1,-3.1542209200822393,-1.2419910331825208,-1.605308258342144,7.0
16,3,77,O1,-2.368654866825065,-3.35917304924481,-0.27571195259272707,7.0
17,3,85,O1,-1.312979122654995,-2.8313402176159856,-2.6167540907222797,7.0
18,3,89,O1,-2.581680796960322,2.9074928361471484,0.4639286447323103,8.0
19,3,74,O1,-3.1545907659744064,1.3976952634848065,-1.6121927568102086,8.0
20,3,81,O1,-1.5260050527902522,3.435325667775973,-1.8771134933972426,8.0
21,4,16,Si1,1.4670153622734934,-0.5459556579442444,-4.691032981808191,9.0
22,4,10,Si1,5.2881352724405515,-0.6700556220675482,-1.9081794515104669,10.0
23,4,1,Si1,2.768016512177395,-3.637661449708643,-0.5466759183689391,11.0
24,4,10,Si1,3.8211199101670585,-0.12409996412330404,2.7828535302977233,12.0
25,4,16,Si1,-1.4670153622734932,0.5459556579442443,4.691032981808191,13.0
26,4,1,Si1,1.301001149903902,-3.091705791764398,4.1443570634392515,14.0
27,4,20,Si1,-3.894659919615318,0.07615261853116229,-2.15282544598997,15.0
28,4,24,Si1,-2.279577699967175,-3.6124726218636396,1.3126288516723945,16.0
29,4,24,Si1,-0.8125623376936818,-4.158428279807884,-3.378404130135797,17.0
30,4,28,Si1,-3.082097581921636,4.234580898339047,1.225578684145827,18.0
31,4,20,Si1,-3.894659919615318,0.07615261853116273,-2.15282544598997,19.0
32,4,28,Si1,-1.6150822196481425,3.6886252403948023,-3.4654542976623643,20.0
