,neighbor_num,isite,atom,x,y,z,front_index
0,0,1,Si1,0.0,0.0,0.0,
1,1,33,O1,1.5218718869708596,0.0,-0.5257580281481623,0.0
2,1,40,O1,0.0,6.591949208711867e-17,1.6074602803868154,0.0
3,1,49,O1,-0.7562249828120586,-1.3099173701098006,-0.5525767631521474,0.0
4,1,44,O1,-0.702773287669021,1.3423449145194426,-0.5519152774977951,0.0
5,2,25,Si1,2.979816432866665,-0.5557823914604731,-0.9183587126660486,1.0
6,2,0,Si1,-0.5363496177662519,-0.05596713780040674,3.1217671581463016,2.0
7,2,9,Si1,-0.26350511955712697,-2.756307060335584,-1.0629559292308746,3.0
8,2,0,Si1,-0.14036883259602426,2.8167088978040464,-0.8840940104714836,4.0
9,3,84,O1,3.9746525280575367,0.6805352938168321,-1.189486340911166,5.0
10,3,66,O1,2.862233718356734,-1.467079060997574,-2.2408812827174414,5.0
11,3,76,O1,3.5581743653150917,-1.422293957808571,0.31029165786123436,5.0
12,3,48,O1,-1.679900892593686,1.055711926399779,3.3443900688714354,6.0
13,3,32,O1,0.6900678680826801,0.23081201696918685,4.12484911457265,6.0
14,3,44,O1,-1.0987540728392486,-1.5303311210850112,3.45394589111999,6.0
15,3,65,O1,-1.5199360388311387,-3.7457243329827796,-1.2555921797787821,7.0
16,3,58,O1,0.49968871926891023,-2.582078164781859,-2.470092573778526,7.0
17,3,57,O1,0.7383234613148276,-3.3872731852881635,0.02860270216920935,7.0
18,3,48,O1,-1.2839201074234583,3.9283879620042317,-0.6614710997463498,8.0
19,3,40,O1,0.3959807851702276,2.8726760356044534,-2.3984008882309693,8.0
20,3,32,O1,1.0860486532529077,3.10348805257364,0.11898794595486586,8.0
21,4,16,Si1,4.50115872367519,1.7992177112334162,-2.220209435171902,9.0
22,4,10,Si1,1.6889666831037373,-1.8531769161324645,-3.2748284910382535,10.0
23,4,16,Si1,4.105177938504963,-1.0734583243710378,1.7856517334458832,11.0
24,4,8,Si1,-1.686288747391854,2.55284950500368,3.939235560446964,12.0
25,4,24,Si1,1.7906137190330162,1.0535683743992064,4.961809370088554,13.0
26,4,1,Si1,-0.3959807851702277,-2.872676035604454,4.005861168617786,14.0
27,4,26,Si1,-1.722797174594756,-5.275680508900536,-1.715412495036922,15.0
28,4,10,Si1,1.6889666831037373,-1.8531769161324645,-3.2748284910382535,16.0
29,4,10,Si1,1.2929858979335096,-4.725852951736918,0.7310326775795315,17.0
30,4,8,Si1,-1.2903079622216262,5.425525540608133,-0.06662560817082037,18.0
31,4,1,Si1,0.3959807851702276,2.872676035604453,-4.005861168617784,19.0
32,4,24,Si1,2.186594504203244,3.926244410003659,0.9559482014707696,20.0
