,neighbor_num,isite,atom,x,y,z,front_index
0,0,21,Si1,0.0,0.0,0.0,
1,1,89,O1,-0.7848463500749119,1.297020907001351,-0.5411119992004394,0.0
2,1,92,O1,1.5078951751742737,1.0216001480037732e-33,-0.5583724653298755,0.0
3,1,74,O1,-1.1102230246251565e-16,1.232595164407831e-32,1.608247810261711,0.0
4,1,81,O1,-0.7530923462805577,-1.3244836128842628,-0.5255298640820417,0.0
5,2,28,Si1,-2.1116785744397104,1.8913156968941842,-1.232502205317993,1.0
6,2,16,Si1,3.042498623151491,0.47431791713096794,-0.6328200327675865,2.0
7,2,20,Si1,0.6266691682973984,0.0976961541987903,3.086152487218855,3.0
8,2,28,Si1,-1.1058930597115344,-2.7584736251525643,0.11799653549705541,4.0
9,3,71,O1,-2.6386786862190954,0.8805744504908016,-2.3700549636372417,5.0
10,3,81,O1,-1.7588778610087328,3.3253057091624836,-1.876028604897089,5.0
11,3,36,O1,-3.259394550352303,2.0847173825084706,-0.12165771139216885,5.0
12,3,76,O1,3.8823190144634068,-0.601834588512353,-1.4896654422795341,6.0
13,3,84,O1,3.138340744056822,1.9086359515715794,-1.3571095370695627,6.0
14,3,72,O1,3.669167791448889,0.5720140713297596,0.845084644189559,6.0
15,3,80,O1,-0.2131512230145174,1.1738486598421114,3.942997896730802,7.0
16,3,88,O1,0.530827047392068,-1.3366218802418215,3.8104419915208303,7.0
17,3,93,O1,2.161272616274615,0.5720140713297587,3.0117049197811445,7.0
18,3,71,O1,-1.6328931714909198,-3.7692148715559464,-1.019556222822194,8.0
19,3,36,O1,-2.2536090356241276,-2.565071939538276,1.2288410294228789,8.0
20,3,89,O1,0.22093916465326396,-3.3527684150453974,0.8093867416146086,8.0
21,4,15,Si1,-3.9550390980416625,-0.020902797570666237,-2.5918836289610923,9.0
22,4,21,Si1,-1.0057855147281756,4.649789322046747,-1.3504987408150482,10.0
23,4,4,Si1,-4.643136155380126,2.5626509236317263,0.5486811919238366,11.0
24,4,25,Si1,4.86003263785397,-1.8284007471913994,-1.1228774181324739,12.0
25,4,25,Si1,3.8542471231257975,2.8213885748553498,-2.4733761589475214,13.0
26,4,17,Si1,3.6691677914488885,0.5720140713297593,2.4533324544512687,14.0
27,4,29,Si1,-1.1908648464050822,2.4004148185211585,3.576209872583741,15.0
28,4,29,Si1,-0.18507933167690638,-2.2493745035255888,4.926708613398789,16.0
29,4,17,Si1,3.6691677914488894,0.5720140713297591,2.453332454451269,17.0
30,4,15,Si1,-2.949253583313488,-4.670692119617414,-1.2413848881460452,18.0
31,4,4,Si1,-3.63735064065195,-2.0871383984150214,1.899179932738884,19.0
32,4,21,Si1,1.0057855147281756,-4.6497893220467486,1.350498740815048,20.0
