,neighbor_num,isite,atom,x,y,z,front_index
0,0,7,Si1,0.0,0.0,0.0,
1,1,55,O1,1.4998143071126986,0.0,-0.5792895760105025,0.0
2,1,91,O1,-0.8021311366507273,-1.3316167960006533,-0.42484294642341225,0.0
3,1,34,O1,0.0,0.0,1.6110388806874214,0.0
4,1,51,O1,-0.8481148527922959,1.2605720172141552,-0.5359588560050461,0.0
5,2,11,Si1,2.993210772960567,-0.13739839435340095,-1.1667535412665022,1.0
6,2,28,Si1,-0.4160736339449596,-2.805492578229196,-0.9309220445660225,2.0
7,2,2,Si1,-0.9307614047774009,-0.8080715960064903,2.6472804897602558,3.0
8,2,15,Si1,-2.3556009798427278,1.782942421958739,-0.2934575187152908,4.0
