,neighbor_num,isite,atom,x,y,z,front_index
0,0,22,Si1,0.0,0.0,0.0,
1,1,58,O1,-0.6853166121067946,1.3316167960006522,-0.5951865511591976,0.0
2,1,86,O1,0.0,0.0,1.6077995424474933,0.0
3,1,82,O1,-0.8055375185458964,-1.2605720172141561,-0.5980468251500518,0.0
4,1,67,O1,1.5028360804803058,-5.551115123125783e-17,-0.5804567083712361,0.0
5,2,13,Si1,-1.0183093582372496,2.805492578229196,-0.05271786082145169,1.0
6,2,26,Si1,-0.009937715533359648,0.13739839435340018,3.2125575168757825,2.0
7,2,31,Si1,-1.1224700780886931,-1.7829424219587413,-2.0916582453455717,3.0
8,2,19,Si1,2.1341272237949744,0.8080715960064895,-1.8220625062674578,4.0
