,neighbor_num,isite,atom,x,y,z,front_index
0,0,30,Si1,0.0,0.0,0.0,
1,1,81,O1,1.530515271435083,-1.8488927466117464e-32,-0.5115810448930301,0.0
2,1,80,O1,0.0,1.232595164407831e-32,1.6137509602134557,0.0
3,1,93,O1,-0.7702240365879763,-1.3089303498921048,-0.5382004793925373,0.0
4,1,92,O1,-0.754612142930835,1.3089303498921017,-0.5598797516409858,0.0
5,2,21,Si1,2.5364790924055622,-1.1447423118009077,-1.0342610042483573,1.0
6,2,20,Si1,-0.17681640119488698,1.1447423118009084,2.7335248254566564,2.0
7,2,9,Si1,-0.8647723008365602,-2.9163536043618863,-0.6075032763336188,3.0
8,2,8,Si1,-0.8503134578773371,2.9163536043618827,-0.6275813783111635,4.0
