,neighbor_num,isite,atom,x,y,z,front_index
0,0,20,Si1,0.0,0.0,0.0,
1,1,84,O1,-1.3877787807814457e-16,1.3877787807814457e-17,1.6077995424474936,0.0
2,1,65,O1,1.5028360804803076,0.0,-0.5804567083712344,0.0
3,1,56,O1,-0.6853166121067913,1.331616796000655,-0.5951865511591968,0.0
4,1,80,O1,-0.8055375185458965,-1.2605720172141528,-0.5980468251500527,0.0
5,2,24,Si1,-0.009937715533361827,0.13739839435339884,3.212557516875782,1.0
6,2,17,Si1,2.134127223794978,0.8080715960064895,-1.8220625062674556,2.0
7,2,13,Si1,-1.018309358237245,2.8054925782291966,-0.05271786082144944,3.0
8,2,30,Si1,-1.1224700780886923,-1.782942421958735,-2.091658245345574,4.0
