,neighbor_num,isite,atom,x,y,z,front_index
0,0,0,Si1,0.0,0.0,0.0,
1,1,40,O1,-0.7119506888698658,-1.3582440538334952,-0.48241079436286205,0.0
2,1,76,O1,-0.8188921963935946,1.25717632131908,-0.5869392540737007,0.0
3,1,36,O1,1.4945802694301435,0.0,-0.6040719005110319,0.0
4,1,32,O1,5.551115123125783e-17,0.0,1.6103084081223482,0.0
5,2,12,Si1,-1.2246558932223948,-2.79261268181339,-0.9816533267898968,1.0
6,2,25,Si1,-0.6053866615753685,2.8555475780248374,-0.5571927887460293,2.0
7,2,27,Si1,1.849697001668462,0.020854982115081494,-2.1776120291463363,3.0
8,2,5,Si1,0.6016608543853428,1.076419714054984,2.6470200799871253,4.0
