,neighbor_num,isite,atom,x,y,z,front_index
0,0,29,Si1,0.0,0.0,0.0,
1,1,90,O1,1.5270735545142358,-7.223283242206082e-18,-0.4954923102484126,0.0
2,1,88,O1,-0.7810256558642383,-1.2958682355418496,-0.5368339700573517,0.0
3,1,73,O1,-0.7478608947584999,1.2990173685565336,-0.5681382331499302,0.0
4,1,75,O1,0.0,2.2258958294706322e-18,1.6029732042948348,0.0
5,2,6,Si1,2.4733354612142433,0.9864240180491091,-1.3491112190394938,1.0
6,2,4,Si1,-1.5876868622093263,-2.5247754957215136,0.12361574412001436,2.0
7,2,17,Si1,-1.3730663970697448,2.7141902384468652,-1.0049730942590658,3.0
8,2,19,Si1,-0.2105857037097708,0.03657744987830181,3.196314542247125,4.0
