,neighbor_num,isite,atom,x,y,z,front_index
0,0,23,Si1,0.0,0.0,0.0,
1,1,59,O1,0.0,0.0,1.6115548954042367,0.0
2,1,83,O1,1.538487435516902,0.0,-0.4781724795480483,0.0
3,1,87,O1,-0.8095471005082983,1.2558084593948424,-0.5937996076668699,0.0
4,1,66,O1,-0.6932352442771781,-1.3908613191713308,-0.4247069130724451,0.0
5,2,12,Si1,-0.8838905346436776,0.6728019141653007,2.7706672184665324,1.0
6,2,31,Si1,2.7922261118949123,-0.9835764449826141,-0.22340028754286656,2.0
7,2,27,Si1,-1.6883381100491937,2.519297136224006,-1.068718504455242,3.0
8,2,18,Si1,-0.9366207792838681,-2.731768829680636,0.43309475332764613,4.0
