,neighbor_num,isite,atom,x,y,z,front_index
0,0,28,Si1,0.0,0.0,0.0,
1,1,89,O1,-1.1102230246251565e-16,5.551115123125783e-17,1.6054489311130542,0.0
2,1,91,O1,1.498095806154765,0.0,-0.577213327976369,0.0
3,1,74,O1,-0.7367024018658457,1.318897301885799,-0.5360061304226889,0.0
4,1,72,O1,-0.7650339773293933,-1.3188973018857986,-0.49472822266086747,0.0
5,2,5,Si1,-0.5924047477650057,0.9446614571059333,2.7689696774623997,1.0
6,2,7,Si1,2.3708246780362146,-0.9446614571059321,-1.5483303284167838,2.0
7,2,18,Si1,-1.655540339423501,2.555296826151951,-0.9958690758459526,3.0
8,2,16,Si1,-1.5245002114299315,-2.5552968261519493,-1.1867890027443169,4.0
