,neighbor_num,isite,atom,x,y,z,front_index
0,0,15,Si1,0.0,0.0,0.0,
1,1,63,O1,1.5108733061138284,0.0,-0.5598797516409842,0.0
2,1,51,O1,-1.1102230246251565e-16,0.0,1.6137509602134557,0.0
3,1,62,O1,-0.7492873462660034,1.3210269490559963,-0.5382004793925381,0.0
4,1,50,O1,-0.7644224066256569,-1.3259469749370243,-0.51158104489303,0.0
5,2,27,Si1,2.951247193483943,-0.7199245274853593,-0.6275813783111602,1.0
6,2,7,Si1,1.0800480434260253,-0.418563285597788,2.733524825456658,2.0
7,2,26,Si1,-2.0946402665787516,2.205772343555792,-0.6075032763336194,3.0
8,2,6,Si1,-2.2585916796151193,-1.6257074679693129,-1.0342610042483593,4.0
