,neighbor_num,isite,atom,x,y,z,front_index
0,0,30,Si1,0.0,0.0,0.0,
1,1,81,O1,-1.1102230246251565e-16,-3.0814879110195774e-33,1.6137509602134557,0.0
2,1,80,O1,-0.7644224066256555,-1.3259469749370247,-0.5115810448930302,0.0
3,1,93,O1,1.510873306113829,0.0,-0.5598797516409832,0.0
4,1,92,O1,-0.7492873462660024,1.3210269490559958,-0.5382004793925383,0.0
5,2,21,Si1,1.0800480434260242,-0.4185632855977867,2.733524825456658,1.0
6,2,20,Si1,-2.258591679615115,-1.6257074679693138,-1.0342610042483584,2.0
7,2,9,Si1,2.951247193483944,-0.7199245274853593,-0.6275813783111595,3.0
8,2,8,Si1,-2.0946402665787525,2.205772343555791,-0.6075032763336226,4.0
