,neighbor_num,isite,atom,x,y,z,front_index
0,0,22,Si1,0.0,0.0,0.0,
1,1,58,O1,-5.551115123125783e-17,0.0,1.611554895404236,0.0
2,1,86,O1,-0.7628127124998382,-1.2847327193925124,-0.5937996076668708,0.0
3,1,82,O1,-0.6862932040356807,1.3769332690213478,-0.4781724795480477,0.0
4,1,67,O1,1.554049649488411,1.232595164407831e-32,-0.424706913072446,0.0
5,2,13,Si1,-0.20786342784176248,-1.09120011377522,2.770667218466533,1.0
6,2,26,Si1,-1.5016106190036247,-2.634864167908189,-1.0687185044552443,2.0
7,2,31,Si1,-0.36527219009320894,2.9377756058312103,-0.22340028754286534,3.0
8,2,19,Si1,2.8627207208644867,0.38032814428352907,0.4330947533276449,4.0
