,neighbor_num,isite,atom,x,y,z,front_index
0,0,5,Si1,0.0,0.0,0.0,
1,1,59,O1,-0.7797026721799508,1.3092003822635856,-0.511731070424186,0.0
2,1,45,O1,-0.7675160076982221,-1.3023376803083981,-0.5528421652505201,0.0
3,1,43,O1,0.0,2.3088424550598897e-32,1.6095958235852124,0.0
4,1,61,O1,1.5124822860851517,4.66069588020265e-33,-0.5368266613533575,0.0
5,2,7,Si1,-1.1831949614485846,2.7012390839471356,-1.2068805592948144,1.0
6,2,13,Si1,-2.032735370432174,-2.24374915361438,-0.8692481633168548,2.0
7,2,11,Si1,-0.6298614368346545,0.13667752950552642,3.0832790245610027,3.0
8,2,1,Si1,3.024964572170302,4.440892098500628e-16,-1.073653322706716,4.0
