,neighbor_num,isite,atom,x,y,z,front_index
0,0,11,Si1,0.0,0.0,0.0,
1,1,49,O1,1.5279863252353005,-3.598925048338223e-33,-0.5153764355605743,0.0
2,1,36,O1,-0.7274607004759824,1.31924508662746,-0.5635083710058768,0.0
3,1,43,O1,-0.7664508123420994,-1.3192450866274599,-0.5092090996740368,0.0
4,1,54,O1,-5.551115123125783e-17,-1.5622908214004568e-32,1.612561651670162,0.0
5,2,13,Si1,2.8118206908443883,0.9514646417505537,-0.2989522280032777,1.0
6,2,2,Si1,-1.7561735816208617,2.1631174384120513,-1.4692831649602587,2.0
7,2,5,Si1,-1.9534974439063912,-2.1631174384120495,-1.1944816466860808,3.0
8,2,15,Si1,0.6153880738559175,-0.9514646417505551,2.759892307798374,4.0
