,neighbor_num,isite,atom,x,y,z,front_index
0,0,0,Si1,0.0,0.0,0.0,
1,1,60,O1,1.512482286085152,-3.0471893615046383e-33,-0.536826661353359,0.0
2,1,34,O1,0.0,-2.465190328815662e-32,1.6095958235852135,0.0
3,1,38,O1,-0.7675160076982235,1.302337680308398,-0.5528421652505182,0.0
4,1,56,O1,-0.7797026721799527,-1.3092003822635854,-0.511731070424186,0.0
5,2,20,Si1,3.024964572170304,-6.0943787230092766e-33,-1.073653322706718,1.0
6,2,13,Si1,-0.6298614368346538,-0.13667752950552692,3.083279024561004,2.0
7,2,9,Si1,-2.032735370432176,2.2437491536143797,-0.8692481633168506,3.0
8,2,2,Si1,-1.1831949614485862,-2.7012390839471347,-1.2068805592948149,4.0
