,neighbor_num,isite,atom,x,y,z,front_index
0,0,30,Si1,0.0,0.0,0.0,
1,1,87,O1,-0.7675838799358488,-1.321195366843491,-0.5153764355605741,0.0
2,1,80,O1,-5.551115123125783e-17,6.162975822039155e-33,1.6125616516701617,0.0
3,1,65,O1,1.5257307909099025,0.0,-0.5092090996740358,0.0
4,1,78,O1,-0.775264391864642,1.291732089883366,-0.563508371005877,0.0
5,2,24,Si1,-2.235215626967423,-1.9533129966604823,-0.29895222800327637,1.0
6,2,26,Si1,0.5135574173929989,-1.0100723860131198,2.759892307798373,2.0
7,2,19,Si1,2.8517100009620715,0.602477705914511,-1.19448164668608,3.0
8,2,20,Si1,-0.9881568840051431,2.605142735770653,-1.4692831649602591,4.0
