,neighbor_num,isite,atom,x,y,z,front_index
0,0,2,Si1,0.0,0.0,0.0,
1,1,36,O1,1.5116759757382128,-4.84129278615764e-34,-0.5528421652505183,0.0
2,1,62,O1,-0.767925391791363,-1.3030323320483825,-0.5368266613533593,0.0
3,1,56,O1,-0.7320263895921484,1.3364427645299153,-0.511731070424186,0.0
4,1,32,O1,0.0,-1.763142789071777e-33,1.6095958235852132,0.0
5,2,11,Si1,2.965103683641117,0.6120322669673209,-0.8692481633168514,1.0
6,2,22,Si1,-1.5358507835827255,-2.606064664096766,-1.0736533227067184,2.0
7,2,0,Si1,-1.7264310680944353,2.3908322133849507,-1.2068805592948146,3.0
8,2,15,Si1,0.20204623449594594,0.6120322669673207,3.0832790245610036,4.0
