,neighbor_num,isite,atom,x,y,z,front_index
0,0,24,Si1,0.0,0.0,0.0,
1,1,72,O1,-0.7851496628089185,1.3082027569614731,-0.509209099674037,0.0
2,1,82,O1,-0.7378255742016164,-1.3380417154035713,-0.515376435560574,0.0
3,1,87,O1,0.0,0.0,1.612561651670162,0.0
4,1,71,O1,1.5065213803088555,0.0,-0.5635083710058769,0.0
5,2,22,Si1,-0.9509253915848124,2.755171540095169,-1.194481646686081,1.0
6,2,28,Si1,-0.5245687223392257,-2.921720078567677,-0.29895222800327603,2.0
7,2,30,Si1,-1.1303428648665168,-0.07945095210864311,2.759892307798373,3.0
8,2,19,Si1,2.7422307909228927,0.493348751351177,-1.469283164960259,4.0
