,neighbor_num,isite,atom,x,y,z,front_index
0,0,3,Si1,0.0,0.0,0.0,
1,1,20,O1,-0.7619536075224671,1.3124147860246544,-0.5331856364699433,0.0
2,1,19,O1,1.1102230246251565e-16,1.232595164407831e-32,1.6085063859153612,0.0
3,1,27,O1,-0.7556121638998593,-1.3124147860246542,-0.5421351129754762,0.0
4,1,16,O1,1.5175657714223254,0.0,-0.5331856364699427,0.0
5,2,5,Si1,-1.027988837688981,2.706391999482018,-1.290381501621353,1.0
6,2,4,Si1,-0.2705006093499871,-0.46982965111007796,3.122898116218181,2.0
7,2,6,Si1,-1.5581832335828758,-2.7063919994820176,-0.5421351129754759,3.0
8,2,7,Si1,2.8566726806218448,0.4698296511100776,-1.2903815016213522,4.0
