,neighbor_num,isite,atom,x,y,z,front_index
0,0,10,Si1,0.0,0.0,0.0,
1,1,31,O1,-0.7571958651514104,-1.3151655000000002,-0.5331856364699434,0.0
2,1,17,O1,-0.757195865151409,1.3151655,-0.5331856364699428,0.0
3,1,33,O1,1.1102230246251565e-16,-2.4752198025264224e-17,1.6085063859153617,0.0
4,1,30,O1,1.5143917303028192,-2.277568957773953e-17,-0.5421351129754759,0.0
5,2,9,Si1,-1.83251661459683,-2.241249999999999,-1.2903815016213538,1.0
6,2,2,Si1,-1.8325166145968281,2.241250000000001,-1.2903815016213525,2.0
7,2,5,Si1,0.5421351129754762,-9.129306177253895e-16,3.1228981162181815,3.0
8,2,7,Si1,3.122898116218181,-9.121300875340816e-16,-0.5421351129754755,4.0
