,neighbor_num,isite,atom,x,y,z,front_index
0,0,6,Si1,0.0,0.0,0.0,
1,1,13,O1,-0.7556121638998599,1.3124147860246544,-0.5421351129754765,0.0
2,1,27,O1,-0.7619536075224671,-1.3124147860246551,-0.533185636469943,0.0
3,1,24,O1,1.5175657714223265,-2.645814048939408e-33,-0.5331856364699429,0.0
4,1,35,O1,0.0,1.5501140147227394e-33,1.608506385915362,0.0
5,2,1,Si1,-1.558183233582877,2.7063919994820185,-0.5421351129754761,1.0
6,2,3,Si1,-1.0279888376889814,-2.70639199948202,-1.2903815016213527,2.0
7,2,8,Si1,2.8566726806218465,-0.4698296511100789,-1.2903815016213531,3.0
8,2,11,Si1,-0.27050060934998743,0.46982965111007857,3.1228981162181824,4.0
