,neighbor_num,isite,atom,x,y,z,front_index
0,0,6,Si1,0.0,0.0,0.0,
1,1,13,O1,1.5143917303028192,3.013299474437721e-17,-0.542135112975476,0.0
2,1,27,O1,-0.7571958651514099,1.3151655,-0.5331856364699429,0.0
3,1,24,O1,-0.7571958651514095,-1.3151654999999995,-0.533185636469943,0.0
4,1,35,O1,0.0,-1.0156101743255345e-17,1.6085063859153619,0.0
5,2,1,Si1,3.1228981162181806,-2.4680844154579276e-16,-0.5421351129754753,1.0
6,2,3,Si1,-1.832516614596829,2.24125,-1.2903815016213525,2.0
7,2,8,Si1,-1.8325166145968286,-2.241249999999999,-1.2903815016213531,3.0
8,2,11,Si1,0.5421351129754762,-4.54245311593318e-16,3.1228981162181815,4.0
