,neighbor_num,isite,atom,x,y,z,front_index
0,0,4,Si1,0.0,0.0,0.0,
1,1,48,O1,-0.7543970230276069,-1.319796808203042,-0.5296769471113045,0.0
2,1,42,O1,1.516485140101561,0.0,-0.5423984472183789,0.0
3,1,33,O1,5.551115123125783e-17,0.0,1.6085990496719793,0.0
4,1,38,O1,-0.7637423542768997,1.3059019629873332,-0.5466610471522274,0.0
5,2,12,Si1,-1.1520874360351467,-2.2973630177452673,-1.7459156567665852,1.0
6,2,2,Si1,2.454332457982475,-0.44100572652338754,-1.7752324235553851,2.0
7,2,17,Si1,-0.25648770015631617,0.4901387168941098,3.1190853953486033,3.0
8,2,5,Si1,-1.4457303595767508,2.7627384197602707,-0.553026576868242,4.0
