,neighbor_num,isite,atom,x,y,z,front_index
0,0,4,Si1,0.0,0.0,0.0,
1,1,48,O1,-0.7521405467737754,1.3196376330739659,-0.5332703506391403,0.0
2,1,42,O1,1.5188684628301923,-2.0345592698965886e-17,-0.5356882006481084,0.0
3,1,33,O1,-0.7672458181596804,-1.303870522594032,-0.5466684712258825,0.0
4,1,38,O1,0.0,-7.251423921259969e-17,1.6085772039675812,0.0
5,2,12,Si1,-0.7824107804767807,2.9182154388960493,-0.7247453338234265,1.0
6,2,2,Si1,2.759944985684808,0.9518059491683988,-0.9200288766641906,2.0
7,2,17,Si1,-1.5604911046087055,-2.7032676417360038,-0.5403028550611237,3.0
8,2,5,Si1,-0.14654979796633427,-0.5384496047655458,3.117257355944141,4.0
