,neighbor_num,isite,atom,x,y,z,front_index
0,0,31,Si1,0.0,0.0,0.0,
1,1,95,O1,-0.7558110756386172,1.3169236723840496,-0.5281983261879447,0.0
2,1,87,O1,1.515667512913986,-6.071092316172799e-34,-0.5354349299318212,0.0
3,1,83,O1,-0.762882689128974,-1.3117476690652987,-0.5388487847531065,0.0
4,1,89,O1,-1.1102230246251565e-16,-2.3095125016673226e-32,1.6085621179087992,0.0
5,2,27,Si1,-1.511622151277235,2.633847344768101,-1.056396652375889,1.0
6,2,30,Si1,2.994145924634943,-0.14617227336970998,-1.14917251755944,2.0
7,2,23,Si1,-1.4824113852875702,-2.7201198278689565,-0.23834509208354715,3.0
8,2,25,Si1,-0.10875632150078518,-0.7473342489186477,3.02882113305289,4.0
