,neighbor_num,isite,atom,x,y,z,front_index
0,0,25,Si1,0.0,0.0,0.0,
1,1,89,O1,-5.551115123125783e-17,-4.930380657631324e-32,1.6085621179087985,0.0
2,1,93,O1,1.5183999278660074,2.465190328815662e-32,-0.5281983261879433,0.0
3,1,77,O1,-0.7579533893600118,1.3146020706771195,-0.5388487847531052,0.0
4,1,84,O1,-0.7544509665882433,-1.314553821156414,-0.5354349299318217,0.0
5,2,31,Si1,-0.5940351515400702,0.4663246249212528,3.028821133052888,1.0
6,2,29,Si1,3.0367998557320157,-1.7763568394002503e-15,-1.0563966523758865,2.0
7,2,17,Si1,-1.6212904151336092,2.6396993736014607,-0.23834509208354615,3.0
8,2,24,Si1,-1.61716708088567,-2.5240932597687062,-1.1491725175594412,4.0
