,neighbor_num,isite,atom,x,y,z,front_index
0,0,4,Si1,0.0,0.0,0.0,
1,1,48,O1,-0.752798020173066,1.319796808203042,-0.5319470626646784,0.0
2,1,42,O1,-1.1102230246251565e-16,0.0,1.6105661289415467,0.0
3,1,33,O1,1.5146329674846801,0.0,-0.5417359840495614,0.0
4,1,38,O1,-0.7719372706108444,-1.3059019629873332,-0.5350266670287295,0.0
5,2,12,Si1,-2.031922518992216,2.2973630177452673,-0.4968076263757034,1.0
6,2,2,Si1,-0.8449746036042782,0.44100572652338754,2.9088169229452054,2.0
7,2,17,Si1,2.850505819016377,-0.4901387168941098,-1.2919350678583665,3.0
8,2,5,Si1,-1.0076074858840636,-2.7627384197602707,-1.1750326896367276,4.0
