,neighbor_num,isite,atom,x,y,z,front_index
0,0,31,Si1,0.0,0.0,0.0,
1,1,95,O1,1.514971927988128,2.612096055733354e-49,-0.537951549992354,0.0
2,1,87,O1,-0.7608297221805082,1.3094583941995481,-0.5388834953874856,0.0
3,1,83,O1,0.0,0.0,1.6102887807784039,0.0
4,1,89,O1,-0.7519634606205621,-1.3161638872986865,-0.5382709938623849,0.0
5,2,27,Si1,3.029943855976257,-1.0541229245457255e-15,-1.0759030999847092,1.0
6,2,30,Si1,-1.5450273516028354,2.6613474691808445,-0.914873629365198,2.0
7,2,23,Si1,-0.4773427241614394,-0.6620250203941036,2.9978776779879945,3.0
8,2,25,Si1,-1.7768112332596755,-2.542099090973146,-0.3532250361125472,4.0
