,neighbor_num,isite,atom,x,y,z,front_index
0,0,9,Si1,0.0,0.0,0.0,
1,1,61,O1,0.0,-6.162975822039155e-33,1.6076479131735406,0.0
2,1,45,O1,-0.7635257876728578,1.3113790129440708,-0.538835237776053,0.0
3,1,57,O1,-0.755589874588846,-1.318045963478232,-0.5284986913406604,0.0
4,1,52,O1,1.5152381161141784,2.465190328815662e-32,-0.5366488846244963,0.0
5,2,13,Si1,0.0,-1.232595164407831e-32,3.215295826347081,1.0
6,2,1,Si1,-1.9132058436903305,1.9702558296233166,-1.4529759604414885,2.0
7,2,15,Si1,-1.7302239022804375,-2.0805528990625146,-1.5561872494275788,3.0
8,2,8,Si1,2.9938423021175686,0.14724827038556254,-1.1498260057694976,4.0
