,neighbor_num,isite,atom,x,y,z,front_index
0,0,8,Si1,0.0,0.0,0.0,
1,1,52,O1,0.0,0.0,1.6074633973730044,0.0
2,1,56,O1,-0.7619856203825401,1.3113990203156833,-0.5358009061363553,0.0
3,1,60,O1,-0.7619702105497693,-1.3099141446512554,-0.5367104849064775,0.0
4,1,44,O1,1.5171067208885427,1.6653345369377348e-16,-0.5398306724664788,0.0
5,2,9,Si1,0.16970189707108335,-0.001111444102629311,3.205943489434348,1.0
6,2,14,Si1,-0.7703977696045102,2.8134170598437387,-1.1114250298916108,2.0
7,2,12,Si1,-1.5239404210995389,-2.6198282893025113,-1.073420969812956,3.0
8,2,0,Si1,2.7128972084531586,0.745321800297956,-1.3183656270109676,4.0
