,neighbor_num,isite,atom,x,y,z,front_index
0,0,28,Si1,0.0,0.0,0.0,
1,1,92,O1,-5.551115123125783e-17,0.0,1.6076479131735422,0.0
2,1,86,O1,-0.7535879509442207,1.3145538211564172,-0.5366488846244952,0.0
3,1,80,O1,-0.7579630200762135,-1.314602070677118,-0.5388352377760525,0.0
4,1,90,O1,1.5192633808600968,0.0,-0.5284986913406593,0.0
5,2,24,Si1,-6.661338147750939e-16,-8.881784197001252e-16,3.215295826347082,1.0
6,2,29,Si1,-1.6167025079062425,2.5240932597687102,-1.149826005769497,2.0
7,2,20,Si1,-0.7577940693246165,-2.6396993736014567,-1.4529759604414885,3.0
8,2,26,Si1,2.6655049168988674,-0.466324624921255,-1.5561872494275781,4.0
