,neighbor_num,isite,atom,x,y,z,front_index
0,0,18,Si1,0.0,0.0,0.0,
1,1,66,O1,2.7369110631344083e-48,0.0,1.608599049671981,0.0
2,1,69,O1,-0.7637423542768976,1.3059019629873356,-0.5466610471522234,0.0
3,1,74,O1,1.5164851401015618,2.8850138721659567e-33,-0.542398447218377,0.0
4,1,78,O1,-0.7543970230276076,-1.3197968082030398,-0.5296769471113032,0.0
5,2,7,Si1,-0.25648770015631567,0.4901387168941084,3.119085395348604,1.0
6,2,19,Si1,-1.4457303595767497,2.7627384197602725,-0.55302657686824,2.0
7,2,20,Si1,2.4543324579824746,-0.4410057265233881,-1.7752324235553854,3.0
8,2,26,Si1,-1.1520874360351452,-2.297363017745263,-1.7459156567665828,4.0
