,neighbor_num,isite,atom,x,y,z,front_index
0,0,21,Si1,0.0,0.0,0.0,
1,1,64,O1,-0.767245818159678,1.3038705225940366,-0.5466684712258796,0.0
2,1,75,O1,1.5188684628301936,0.0,-0.5356882006481085,0.0
3,1,70,O1,5.551115123125783e-17,-5.551115123125783e-17,1.6085772039675799,0.0
4,1,81,O1,-0.752140546773777,-1.3196376330739614,-0.5332703506391423,0.0
5,2,0,Si1,-1.5604911046087007,2.703267641736008,-0.5403028550611193,1.0
6,2,19,Si1,2.7599449856848066,-0.9518059491684019,-0.9200288766641908,2.0
7,2,20,Si1,-0.14654979796633572,0.5384496047655394,3.1172573559441403,3.0
8,2,29,Si1,-0.7824107804767837,-2.9182154388960404,-0.7247453338234304,4.0
