,neighbor_num,isite,atom,x,y,z,front_index
0,0,20,Si1,0.0,0.0,0.0,
1,1,80,O1,-0.7584152468641407,1.3174918582745967,-0.5296769471113049,0.0
2,1,70,O1,1.5128391588832544,0.0,-0.5466610471522241,0.0
3,1,65,O1,0.0,-6.162975822039155e-33,1.6085990496719804,0.0
4,1,74,O1,-0.7655829929614316,-1.309049220249977,-0.5423984472183768,0.0
5,2,28,Si1,-1.4014926116817614,2.1542982047467536,-1.7459156567665841,1.0
6,2,21,Si1,3.114693988709625,-0.14676922469483378,-0.5530265768682397,2.0
7,2,1,Si1,0.5525793192090903,-0.02603839688800837,3.119085395348604,3.0
8,2,18,Si1,-1.6197279659273955,-1.8959734126631151,-1.7752324235553834,4.0
