,neighbor_num,isite,atom,x,y,z,front_index
0,0,4,Si1,0.0,0.0,0.0,
1,1,13,O1,-1.1102230246251565e-16,-6.162975822039155e-33,1.609228008678661,0.0
2,1,17,O1,-0.7610760774589311,-1.3114626236435076,-0.5338418410616254,0.0
3,1,16,O1,1.516301753904607,0.0,-0.5338418410616256,0.0
4,1,12,O1,-0.7565564705891918,1.3137735709979446,-0.539662945617749,0.0
5,2,1,Si1,-0.3200318638032277,0.5557409405466538,3.08646617379819,1.0
6,2,5,Si1,-1.5221521549178623,-2.6229252472870153,-1.0676836821232507,2.0
7,2,5,Si1,3.032603507809214,4.440892098500626e-16,-1.067683682123251,3.0
8,2,0,Si1,-1.5583840697704656,2.7061612502424395,-0.43089698028811446,4.0
