,neighbor_num,isite,atom,x,y,z,front_index
0,0,0,Si1,0.0,0.0,0.0,
1,1,6,O1,1.5145166864581971,0.0,-0.543076720750874,0.0
2,1,7,O1,-0.7655453497518692,1.3067903852698048,-0.5430767207508739,0.0
3,1,12,O1,-0.7560861451462526,-1.319204162415425,-0.530598814848334,0.0
4,1,10,O1,0.0,-5.551115123125783e-17,1.6083892936518478,0.0
5,2,3,Si1,3.106801273536049,0.13568789596047015,-0.3562299738539185,1.0
6,2,3,Si1,-1.4533227988840838,2.74926866650008,-0.3562299738539179,2.0
7,2,4,Si1,-1.3441293849615226,-2.3452103848869394,-1.6219883710899092,3.0
8,2,1,Si1,0.32768071498621,0.571730835074955,3.0755857089911536,4.0
