,neighbor_num,isite,atom,x,y,z,front_index
0,0,26,Si1,0.0,0.0,0.0,
1,1,89,O1,2.220446049250313e-16,1.6653345369377348e-16,1.626948332284335,0.0
2,1,86,O1,1.5373719003885813,0.0,-0.5323988315336365,0.0
3,1,77,O1,-0.7676975057184978,-1.3287026652537783,-0.5399160562470349,0.0
4,1,74,O1,-0.761408954345412,1.3287026652537783,-0.5487487697684437,0.0
5,2,19,Si1,-0.6051035880395744,0.46607936426503815,3.0629102408265014,1.0
6,2,22,Si1,2.696259990181032,-0.46607936426503926,-1.574087532816143,2.0
7,2,28,Si1,-1.4404558826170388,-2.122297602686167,-1.790485055673606,3.0
8,2,30,Si1,-2.1632760989389888,2.122297602686166,-0.7752331288817935,4.0
9,3,67,O1,-1.5423858844464102,1.7813197593242176,2.8696511949146735,5.0
10,3,83,O1,-1.4778477114623705,-0.7481557954315409,3.7026895784294975,5.0
11,3,70,O1,0.6156822301187717,0.8447829273131656,4.068558125346149,5.0
12,3,64,O1,2.206927286549862,-1.7813197593242176,-2.3965233462030806,6.0
13,3,92,O1,3.0152196118509518,0.7481557954315412,-2.608140077678799,6.0
14,3,68,O1,4.046026112994991,-0.844782927313165,-0.7496015746827409,6.0
15,3,95,O1,-2.29812181639544,-3.385940854193801,-1.229614522593097,7.0
16,3,80,O1,-0.2744308657288138,-2.6694220305346192,-2.7844676492662184,7.0
17,3,72,O1,-2.419915498092553,-1.1148601708665329,-2.6102705540531916,7.0
18,3,93,O1,-2.7209647079315182,2.669422030534619,0.6518615252229227,8.0
19,3,79,O1,-3.2584420049555916,1.1148601708665329,-1.4325009890421276,8.0
20,3,82,O1,-1.9139465730562826,3.3859408541938003,-1.7692157224744063,8.0
21,4,23,Si1,-2.8021188554941254,2.621477021305025,2.2755863200263677,9.0
22,4,29,Si1,-2.8932022542333016,-1.4646746190907225,4.063706433330387,10.0
23,4,4,Si1,1.9654483529327322,0.4660793642650384,4.893044083479552,11.0
24,4,16,Si1,1.2333382818718006,-2.6214770213050267,-3.392497584770897,12.0
25,4,29,Si1,2.8932022542333016,1.4646746190907225,-4.063706433330387,13.0
26,4,1,Si1,5.266811931153336,-0.46607936426503904,0.2560463098369059,14.0
27,4,21,Si1,-3.694815380295204,-4.086151640395748,-0.7775980712513801,15.0
28,4,16,Si1,1.2333382818718006,-2.6214770213050267,-3.392497584770897,16.0
29,4,24,Si1,-3.6037319815560274,-8.881784197001252e-16,-2.5657181845554,17.0
30,4,23,Si1,-2.8021188554941254,2.621477021305025,2.2755863200263677,18.0
31,4,24,Si1,-3.6037319815560274,-8.881784197001252e-16,-2.5657181845554,19.0
32,4,18,Si1,-1.9438680091945257,4.086151640395747,-3.2369270331148896,20.0
