,neighbor_num,isite,atom,x,y,z,front_index
0,0,1,Si1,0.0,0.0,0.0,
1,1,6,O1,-8.326672684688674e-17,5.551115123125783e-17,1.6101828637581388,0.0
2,1,10,O1,-0.7503730313474387,1.3223252236217595,-0.5328893421144777,0.0
3,1,9,O1,1.520395896863669,2.220446049250313e-16,-0.5328893421144777,0.0
4,1,14,O1,-0.761819168184602,-1.3082373875400373,-0.54063133771092,0.0
5,2,4,Si1,0.4659428695117577,0.8001424850014571,2.9272253348842154,1.0
6,2,2,Si1,-0.46737372296442303,2.884600691320455,-0.8063513844908138,2.0
7,2,0,Si1,2.739473909443357,1.01717355685409,-0.806351384490814,3.0
8,2,3,Si1,-1.5238550592746791,-2.6168469434627033,-1.0800551797169957,4.0
