,neighbor_num,isite,atom,x,y,z,front_index
0,0,4,Si1,0.0,0.0,0.0,
1,1,5,O1,-0.7588817749192115,1.314497794066047,-0.5367733467619289,0.0
2,1,8,O1,-0.7590134197270775,-1.314497794066047,-0.5365871809619948,0.0
3,1,6,O1,1.517895194646289,-3.0814879110195774e-33,-0.536587180961994,0.0
4,1,7,O1,1.1102230246251565e-16,-9.244463733058732e-33,1.609947708685918,0.0
5,2,0,Si1,-1.5341591573581066,2.6573952554179385,-0.10288367954951594,1.0
6,2,3,Si1,-0.6083283170662392,-2.6573952554179385,-1.4121494362420486,2.0
7,2,1,Si1,2.605495801957075,-0.8020003184827746,-1.4121494362420486,3.0
8,2,2,Si1,-0.46300832753272836,0.8020003184827746,2.927182552033614,4.0
