,neighbor_num,isite,atom,x,y,z,front_index
0,0,5,Si1,0.0,0.0,0.0,
1,1,49,O1,-0.7558929078291139,1.3174918582745998,-0.5332703506391401,0.0
2,1,43,O1,-0.7702931561055754,-1.309049220249973,-0.5356882006481081,0.0
3,1,32,O1,1.5128597043920338,5.551115123125783e-17,-0.5466684712258824,0.0
4,1,38,O1,0.0,0.0,1.6085772039675812,0.0
5,2,13,Si1,-2.1182887485521,2.1542982047467607,-0.7247453338234267,1.0
6,2,3,Si1,-2.220026060061833,-1.8959734126631103,-0.9200288766641895,2.0
7,2,16,Si1,3.121235401617016,-0.026038396888010018,-0.5403028550611231,3.0
8,2,4,Si1,0.5383898353782522,-0.146769224694841,3.117257355944142,4.0
9,3,61,O1,-1.9381780183992203,3.6253020616536737,-0.1016565836601615,5.0
10,3,59,O1,-3.322268849032751,1.4032523843051892,0.03277310186978519,5.0
11,3,54,O1,-2.4621846756031824,2.2731248035693334,-2.2904893756974154,5.0
12,3,47,O1,-3.3339513383178088,-1.226177194330731,0.029749861762288887,6.0
13,3,37,O1,-2.548874898021567,-1.5464648991900791,-2.45535387870987,6.0
14,3,35,O1,-2.2326828011995543,-3.4904254741268463,-0.7075357398258224,6.0
15,3,68,O1,3.6596252369952675,-0.17280762158285023,0.9683772969154366,7.0
16,3,76,O1,3.634185458110158,-1.277302158730063,-1.4136626832199182,7.0
17,3,72,O1,3.6883345978139928,1.3384030651889418,-1.1811002129924841,7.0
18,3,48,O1,0.025439778885110176,1.104494537147212,3.9906171841029363,8.0
19,3,42,O1,-0.028709360818726562,-1.5112106867717916,3.7580547138755027,8.0
20,3,33,O1,2.146765532603233,-0.17280762158284957,3.123622972108901,8.0
21,4,9,Si1,-1.7580672882463408,5.096305918560587,0.5214321665031039,9.0
22,4,11,Si1,-3.99900370518127,0.09183754226223373,0.6728458584485442,10.0
23,4,12,Si1,-2.6640944218832203,2.3030890441068173,-3.884940118912803,11.0
24,4,11,Si1,-3.99900370518127,0.09183754226223373,0.6728458584485442,12.0
25,4,2,Si1,-2.758415895440087,-1.7492041879682714,-4.037286232608332,13.0
26,4,22,Si1,-2.3408555351702223,-5.058839138702575,-1.0480766903780963,14.0
27,4,17,Si1,3.659625236995268,-0.17280762158285023,2.576954500883017,15.0
28,4,24,Si1,4.840552068304788,-2.071573732646032,-2.1255912092513998,16.0
29,4,22,Si1,4.934873541861654,1.9807194994290551,-1.9732450955558725,17.0
30,4,12,Si1,-1.1809268313095236,1.8987661110631824,4.702545710134417,18.0
31,4,2,Si1,-1.275248304866388,-2.1535271210119062,4.55019959643889,19.0
32,4,17,Si1,3.659625236995268,-0.17280762158285023,2.576954500883017,20.0
