,neighbor_num,isite,atom,x,y,z,front_index
0,0,27,Si1,0.0,0.0,0.0,
1,1,91,O1,-0.7619856203825428,1.3113990203156825,-0.535800906136356,0.0
2,1,85,O1,0.0,0.0,1.6074633973730041,0.0
3,1,95,O1,-0.7619702105497704,-1.309914144651259,-0.5367104849064778,0.0
4,1,79,O1,1.517106720888542,-5.551115123125783e-17,-0.5398306724664809,0.0
5,2,29,Si1,-0.7703977696045131,2.8134170598437382,-1.1114250298916106,1.0
6,2,26,Si1,0.1697018970710849,-0.0011114441026280897,3.2059434894343486,2.0
7,2,31,Si1,-1.5239404210995395,-2.619828289302517,-1.0734209698129542,3.0
8,2,19,Si1,2.7128972084531564,0.7453218002979576,-1.3183656270109707,4.0
9,3,81,O1,0.6102574140728468,3.5464159687737853,-0.7247289983720342,5.0
10,3,93,O1,-2.0050088176966705,3.6182890608086073,-0.4692035457268111,5.0
11,3,86,O1,-0.9296581423755641,2.773131597020504,-2.7104721802420646,5.0
12,3,90,O1,-0.5314123906663955,1.3098889060458068,3.8201005740733587,6.0
13,3,78,O1,1.7353212254919046,-0.0014291721450105932,3.5825944884039926,6.0
14,3,94,O1,-0.5313969808336225,-1.311424258921135,3.819190995303236,6.0
15,3,87,O1,-1.5239404210995415,-2.619828289302518,-2.68088436718596,7.0
16,3,83,O1,-3.0410471419880825,-2.6198282893025175,-0.5335902973464746,7.0
17,3,89,O1,-0.7619548007169987,-3.931227309618199,-0.5376200636766,7.0
18,3,67,O1,4.076789342821874,-0.08158918037864193,-1.1095418293986967,8.0
19,3,75,O1,2.8854653560080528,2.234034376194122,-0.7285534903845359,8.0
20,3,69,O1,2.358393454359674,0.8283566021242984,-2.885194568262519,8.0
21,4,21,Si1,2.08693366959314,3.477103886094963,-0.08742277435230283,9.0
22,4,25,Si1,-3.2396198657888258,4.423161061773478,0.17301793843798863,10.0
23,4,28,Si1,-0.9400996666755983,2.8145285039463657,-4.317368519325961,11.0
24,4,28,Si1,-0.47895320724330226,2.8115082754066165,4.394434441093467,12.0
25,4,18,Si1,3.0066475031115294,0.7433979147181362,4.231052858776204,13.0
26,4,30,Si1,-1.232495858738328,-2.6217370737396397,4.432438501172122,14.0
27,4,30,Si1,-1.6936423181706237,-2.618716845199889,-4.279364459247304,15.0
28,4,23,Si1,-4.236837629552701,-3.365150089600476,0.24494465719801517,16.0
29,4,25,Si1,-0.7535426514950265,-5.433245349146258,0.03800406007865553,17.0
30,4,6,Si1,5.41098364520315,-0.9083056583372822,-1.4617581424374335,18.0
31,4,21,Si1,2.08693366959314,3.477103886094963,-0.08742277435230283,19.0
32,4,18,Si1,2.5455010436792342,0.7464181432578884,-4.480750101643222,20.0
