,neighbor_num,isite,atom,x,y,z,front_index
0,0,12,Si1,0.0,0.0,0.0,
1,1,60,O1,-0.7558110756386185,1.3169236723840492,-0.5281983261879439,0.0
2,1,48,O1,-0.7628826891289757,-1.311747669065299,-0.538848784753106,0.0
3,1,54,O1,1.5156675129139847,0.0,-0.5354349299318225,0.0
4,1,58,O1,0.0,0.0,1.6085621179087997,0.0
5,2,8,Si1,-1.5116221512772359,2.6338473447680983,-1.0563966523758874,1.0
6,2,4,Si1,-1.482411385287572,-2.720119827868956,-0.23834509208354654,2.0
7,2,13,Si1,2.9941459246349416,-0.14617227336971061,-1.1491725175594423,3.0
8,2,10,Si1,-0.10875632150078385,-0.7473342489186475,3.0288211330528902,4.0
9,3,52,O1,-3.0272896641912213,2.633847344768097,-0.5209617224440647,5.0
10,3,56,O1,-1.5116221512772374,2.633847344768098,-2.6649587702846875,5.0
11,3,44,O1,-0.7487394621482607,3.9455950138333957,-0.5175478676227824,5.0
12,3,42,O1,-0.5264030200476086,-3.6172518543021197,0.6971362751455924,6.0
13,3,33,O1,-1.7519070292584185,-3.4839556995211285,-1.6281356380521481,6.0
14,3,38,O1,-2.8765262030089223,-2.4553188608253502,0.5191804480711734,6.0
15,3,49,O1,3.0871984291787813,-1.499706146670046,-2.0165347502670414,7.0
16,3,61,O1,3.3123219741371184,1.1183200400882476,-2.089574029393708,7.0
17,3,59,O1,4.068133049775738,-0.1986036322958014,0.04718641470303475,7.0
18,3,62,O1,0.9352029461553757,-0.0842073855079262,4.05592561811228,8.0
19,3,53,O1,-1.6014392510048088,-0.5893924746626445,3.6040520795483872,8.0
20,3,46,O1,0.2359190694860025,-2.3093564236333095,2.8435765432571656,8.0
21,4,9,Si1,-4.505768075912178,2.780019618137809,0.0927758651835544,9.0
22,4,14,Si1,-1.4028658297764547,3.3811815936867484,-4.085217785428779,10.0
23,4,0,Si1,-0.029210765989665072,5.353967172637053,-0.8180515602923428,11.0
24,4,2,Si1,0.5697552440335701,-3.551324281613315,1.8752762799581197,12.0
25,4,17,Si1,-2.5453782100403815,-4.222211423333602,-2.816820993447847,13.0
26,4,5,Si1,-4.435875979424757,-2.575933590822204,0.895213668443839,14.0
27,4,5,Si1,3.7003901201267166,-2.9731408554138072,-2.2275377379676904,15.0
28,4,9,Si1,3.6304980236392947,2.3828123535462047,-3.029975541227973,16.0
29,4,11,Si1,5.033363853415749,-0.9983692401405415,1.0552422442008036,17.0
30,4,14,Si1,1.9791622138115341,0.578919477902796,5.083030103171671,18.0
31,4,11,Si1,-3.102902246135725,-0.6011619755489379,4.177993650612331,19.0
32,4,2,Si1,0.5697552440335701,-3.551324281613315,1.8752762799581197,20.0
