,neighbor_num,isite,atom,x,y,z,front_index
0,0,28,Si1,0.0,0.0,0.0,
1,1,92,O1,0.0,2.0029671421627253e-32,1.6076479131735415,0.0
2,1,86,O1,1.5152381161141786,3.0814879110195774e-33,-0.5366488846244949,0.0
3,1,80,O1,-0.7635257876728574,1.3113790129440688,-0.5388352377760524,0.0
4,1,90,O1,-0.7555898745888447,-1.3180459634782336,-0.5284986913406592,0.0
5,2,24,Si1,-6.661338147750939e-16,1.1102230246251563e-15,3.215295826347081,1.0
6,2,29,Si1,2.993842302117568,0.1472482703855636,-1.1498260057694965,2.0
7,2,20,Si1,-1.9132058436903288,1.9702558296233132,-1.4529759604414882,3.0
8,2,26,Si1,-1.7302239022804362,-2.080552899062517,-1.5561872494275777,4.0
9,3,84,O1,-1.5152381161141786,2.3765711620882257e-16,3.751944710971578,5.0
10,3,88,O1,0.7555898745888445,1.318045963478233,3.7437945176877414,5.0
11,3,76,O1,0.7635257876728577,-1.3113790129440683,3.754131064123136,5.0
12,3,81,O1,3.0861649116804943,1.5007210823637664,-2.0173615038905246,6.0
13,3,91,O1,3.312130644592634,-1.1179803787152394,-2.0907622861361705,6.0
14,3,93,O1,4.067720519181479,0.200065584762994,0.04538431837802981,6.0
15,3,70,O1,-3.3545944814155493,1.6220736116175145,-0.8295270377338184,7.0
16,3,65,O1,-1.7066834755607858,3.564979284254634,-1.4953613036217441,7.0
17,3,74,O1,-1.8158087393490439,1.3708774756579365,-2.944680572138271,7.0
18,3,85,O1,-3.1991691819141366,-2.197960631761755,-0.914039475439181,8.0
19,3,78,O1,-1.8090019198377258,-1.2556838975277993,-2.9369171693458993,8.0
20,3,94,O1,-1.149869805915427,-3.5524449626578254,-1.8412393300878338,8.0
21,4,25,Si1,-2.993842302117569,-0.14724827038556262,4.365121832116579,9.0
22,4,30,Si1,1.7302239022804358,2.080552899062518,4.771483075774659,10.0
23,4,16,Si1,1.9132058436903296,-1.9702558296233137,4.668271786788573,11.0
24,4,21,Si1,3.2690700977468756,2.2251393846113676,-3.44329978021097,12.0
25,4,27,Si1,3.4113748339649534,-1.827669999922092,-3.530888433249104,13.0
26,4,25,Si1,5.141598736245388,0.2528828991404256,1.2405946425255547,14.0
27,4,21,Si1,-4.866370940616082,1.8250082150853797,-0.3187725906199468,15.0
28,4,1,Si1,-2.024083510301817,5.133934291568482,-1.336527095792337,16.0
29,4,18,Si1,-1.4361382418341166,0.055598312550875294,-3.7930992730795645,17.0
30,4,27,Si1,-4.724066204398004,-2.2278011694480804,-0.406361243658081,18.0
31,4,18,Si1,-1.4361382418341166,0.055598312550875294,-3.7930992730795645,19.0
32,4,30,Si1,-0.5695157095504189,-5.024337026253133,-2.1262914107480917,20.0
