,neighbor_num,isite,atom,x,y,z,front_index
0,0,7,Si1,0.0,0.0,0.0,
1,1,39,O1,-0.7719372706108413,-1.3059019629873343,-0.5350266670287303,0.0
2,1,41,O1,0.0,-6.162975822039155e-33,1.6105661289415467,0.0
3,1,51,O1,-0.7527980201730656,1.3197968082030398,-0.5319470626646805,0.0
4,1,66,O1,1.5146329674846828,4.930380657631324e-32,-0.5417359840495592,0.0
5,2,6,Si1,-1.0076074858840598,-2.7627384197602716,-1.1750326896367287,1.0
6,2,1,Si1,-0.844974603604282,0.44100572652338826,2.9088169229452028,2.0
7,2,15,Si1,-2.031922518992217,2.2973630177452646,-0.49680762637570797,3.0
8,2,18,Si1,2.8505058190163806,-0.4901387168941086,-1.2919350678583625,4.0
9,3,67,O1,0.328265365647639,-3.252877136654381,-1.925231773445532,5.0
10,3,50,O1,-2.215077974894065,-2.6895987827879,-2.2372011147325277,5.0
11,3,40,O1,-1.3878890990138555,-3.8054248206064347,-0.007936198381770398,5.0
12,3,45,O1,-2.4175466925501987,0.3348566777127112,2.5812721838608086,6.0
13,3,65,O1,-0.4939036463307107,-0.5327349176402524,4.140145166537625,6.0
14,3,36,O1,-0.4820050411379124,1.9603544611480423,3.2926829678639935,6.0
15,3,63,O1,-2.609479301948319,2.4813024745929666,-1.985809389775338,7.0
16,3,55,O1,-1.599749492116836,3.7293636343766643,0.09186824598753884,7.0
17,3,57,O1,-3.1737246111376827,1.6564175088218451,0.4375097309148305,7.0
18,3,69,O1,2.6148356037431615,-1.946975173667045,-1.9319410904663616,8.0
19,3,74,O1,3.2307874321461774,0.5525476839520548,-2.4590315591133205,8.0
20,3,78,O1,4.057976308026386,-0.5632783538664803,-0.2297666427625631,8.0
21,4,19,Si1,1.8428983331323212,-3.2528771366543814,-2.4669677574950906,9.0
22,4,14,Si1,-3.7862143401457313,-2.5126939555012706,-2.5425945681123805,10.0
23,4,0,Si1,-2.6131453157479343,-4.40710549492921,0.8468449579352963,11.0
24,4,9,Si1,-3.6598264108862253,0.673251556116277,1.6141837881171712,12.0
25,4,20,Si1,0.03592742689584649,-1.016336844909784,5.579936509889288,13.0
26,4,0,Si1,0.1626328822797778,3.203744146283661,4.083849612581931,14.0
27,4,11,Si1,-3.187036084904423,2.665241931440668,-3.474811153174969,15.0
28,4,14,Si1,-1.010436142118018,5.0981556857116,0.694410086534254,16.0
29,4,9,Si1,-3.6598264108862253,0.673251556116277,1.6141837881171712,17.0
30,4,19,Si1,1.8428983331323212,-3.2528771366543814,-2.4669677574950906,18.0
31,4,20,Si1,4.4560436488802555,1.154228358274828,-3.313812715430388,19.0
32,4,26,Si1,5.629112673278051,-0.7401831811531095,0.07562681061728838,20.0
