,neighbor_num,isite,atom,x,y,z,front_index
0,0,22,Si1,0.0,0.0,0.0,
1,1,79,O1,0.0,0.0,1.6111907586127228,0.0
2,1,67,O1,1.5201351008001291,0.0,-0.5311210838204243,0.0
3,1,90,O1,-0.7483535669237551,-1.3238329049781472,-0.529142459591605,0.0
4,1,38,O1,-0.7656214170373521,1.3121113016784662,-0.531370132721589,0.0
5,2,11,Si1,0.8214124625179475,0.4350123324288107,2.9254642514408356,1.0
6,2,15,Si1,2.7408882587834706,-1.0260886136935157,-0.2982714395686493,2.0
7,2,27,Si1,-2.114872163238851,-2.163259224394749,-0.3942591212724593,3.0
8,2,6,Si1,-0.7368162153454326,2.9123900321366247,-0.3493040644213359,4.0
