,neighbor_num,isite,atom,x,y,z,front_index
0,0,22,Si1,0.0,0.0,0.0,
1,1,79,O1,1.5208394193926609,-1.9870818227699857e-17,-0.5319615785566052,0.0
2,1,67,O1,-0.7542840925647903,1.312963427297738,-0.5477982079611912,0.0
3,1,90,O1,-0.7524626318639682,-1.3135503031647573,-0.548583587684836,0.0
4,1,38,O1,-1.1102230246251565e-16,-1.360960587838818e-16,1.6093994035562469,0.0
5,2,11,Si1,2.7487832641885372,0.9287040182828658,-1.001995340480938,1.0
6,2,15,Si1,-1.0302321085182045,1.8502174130793243,-2.0419621614680126,2.0
7,2,27,Si1,-0.6371368909506027,-2.916887456959657,-0.6274066776017856,3.0
8,2,6,Si1,0.6234145557319646,0.8313889552682929,2.8402594706585207,4.0
