,neighbor_num,isite,atom,x,y,z,front_index
0,0,3,Si1,0.0,0.0,0.0,
1,1,59,O1,-0.7703682160727587,1.3058263338612037,-0.5368560852265738,0.0
2,1,35,O1,-2.220446049250313e-16,1.5501911220075575e-32,1.6108599591608206,0.0
3,1,51,O1,1.5146617345646818,-9.334823648690022e-33,-0.547975169313743,0.0
4,1,43,O1,-0.7577314833202644,-1.3176938621675807,-0.5304564416779156,0.0
5,2,4,Si1,-0.9901770018712592,2.8474553111730403,-0.9392591826097418,1.0
6,2,19,Si1,-0.5477665962767251,-0.8819567766689965,2.840604013937361,2.0
7,2,11,Si1,2.8334418486441306,-0.9154793484392656,-0.6574894044361961,3.0
8,2,30,Si1,-1.0001428733018538,-2.8848222697041255,-0.8016439970404925,4.0
