,neighbor_num,isite,atom,x,y,z,front_index
0,0,26,Si1,0.0,0.0,0.0,
1,1,91,O1,0.0,0.0,1.609410803604972,0.0
2,1,70,O1,-0.7503254917497664,-1.3146916396620099,-0.5499068859240173,0.0
3,1,47,O1,-0.7593260681896211,1.3155651734235336,-0.5300090702310265,0.0
4,1,94,O1,1.5197042589971486,0.0,-0.532120603131928,0.0
5,2,23,Si1,0.9747870009132685,-0.00017743702105177395,2.890952311063727,1.0
6,2,10,Si1,-1.4048714938048343,-2.0136187130648793,-1.8449633428560315,2.0
7,2,7,Si1,-1.333682810771328,2.3710374740909255,-1.6014336856385936,3.0
8,2,31,Si1,2.3847326076187674,0.04365650574873292,-1.8894980144211853,4.0
