,neighbor_num,isite,atom,x,y,z,front_index
0,0,29,Si1,0.0,0.0,0.0,
1,1,73,O1,1.517384308085163,-5.384096350315656e-17,-0.5397637406590714,0.0
2,1,92,O1,-0.7514209814151372,1.3169218648384728,-0.5419747980220395,0.0
3,1,40,O1,-1.1102230246251565e-16,1.290474462667414e-16,1.608787561452524,0.0
4,1,84,O1,-0.7718654939019902,-1.3089306663759896,-0.5302143950368997,0.0
5,2,13,Si1,2.974302476653147,0.666766704943349,-0.3757138681855454,1.0
6,2,24,Si1,-0.6985337231120488,2.924494892266329,-0.46737405749502975,2.0
7,2,0,Si1,0.28683243086298316,0.5458275211819958,3.095951851452788,3.0
8,2,16,Si1,-2.0320648678465387,-1.7840856844627195,-1.4126449082614858,4.0
