,neighbor_num,isite,atom,x,y,z,front_index
0,0,3,Si1,0.0,0.0,0.0,
1,1,59,O1,1.5161298105836845,2.1351240947732618e-32,-0.5368560852265742,0.0
2,1,35,O1,0.0,-3.0899297435933546e-32,1.6108599591608206,0.0
3,1,51,O1,-0.7696222647063772,-1.3045618957422906,-0.5479751693137436,0.0
4,1,43,O1,-0.7499008898719559,1.322165939123411,-0.5304564416779148,0.0
5,2,4,Si1,2.9556064322918365,-0.5940057756936657,-0.939259182609743,1.0
6,2,19,Si1,-0.48129151185468133,0.919920909929538,2.8406040139373614,2.0
7,2,11,Si1,-2.2282066878451534,-1.9752443148402645,-0.6574894044361962,3.0
8,2,30,Si1,-1.9764789177331878,2.3272336329972534,-0.8016439970404907,4.0
