,neighbor_num,isite,atom,x,y,z,front_index
0,0,23,Si1,0.0,0.0,0.0,
1,1,39,O1,-0.7656214170373514,-1.3121113016784665,-0.5313701327215878,0.0
2,1,91,O1,-0.7483535669237562,1.3238329049781457,-0.5291424595916057,0.0
3,1,78,O1,1.1102230246251565e-16,-8.847548982869031e-33,1.6111907586127232,0.0
4,1,66,O1,1.5201351008001283,1.7863262875560347e-33,-0.531121083820424,0.0
5,2,7,Si1,-0.7368162153454302,-2.9123900321366256,-0.3493040644213332,1.0
6,2,26,Si1,-2.1148721632388527,2.163259224394748,-0.3942591212724612,2.0
7,2,10,Si1,0.8214124625179486,-0.43501233242881004,2.925464251440836,3.0
8,2,14,Si1,2.7408882587834684,1.0260886136935168,-0.2982714395686501,4.0
