,neighbor_num,isite,atom,x,y,z,front_index
0,0,12,Si1,0.0,0.0,0.0,
1,1,64,O1,1.1102230246251565e-16,-4.6352101180810244e-33,1.6116187739989754,0.0
2,1,72,O1,1.523003304959122,-3.6820939874662695e-33,-0.5239863380534542,0.0
3,1,80,O1,-0.7490232443628528,1.320560556946474,-0.5351195863888014,0.0
4,1,52,O1,-0.7683442104017033,-1.3040876876449816,-0.5461494957240055,0.0
5,2,21,Si1,1.0349671278238597,0.6055749683584044,2.6863384269247725,1.0
6,2,28,Si1,2.482220227985727,0.28474832370454295,-1.7859773526332672,2.0
7,2,17,Si1,-0.6097423788406313,2.908750199130186,-0.7679073901904457,3.0
8,2,4,Si1,-1.254499162333675,-2.0282930978207596,-1.900275355060232,4.0
