,neighbor_num,isite,atom,x,y,z,front_index
0,0,23,Si1,0.0,0.0,0.0,
1,1,39,O1,0.0,5.551115123125783e-17,1.6093994035562458,0.0
2,1,91,O1,-0.7524626318639679,1.3135503031647562,-0.5485835876848348,0.0
3,1,78,O1,1.5208394193926607,1.1102230246251565e-16,-0.5319615785566043,0.0
4,1,66,O1,-0.7542840925647885,-1.3129634272977373,-0.5477982079611896,0.0
5,2,7,Si1,0.623414555731965,-0.8313889552682929,2.840259470658519,1.0
6,2,26,Si1,-0.6371368909506043,2.9168874569596555,-0.6274066776017857,2.0
7,2,10,Si1,2.7487832641885364,-0.9287040182828648,-1.0019953404809372,3.0
8,2,14,Si1,-1.0302321085182027,-1.8502174130793227,-2.041962161468011,4.0
