,neighbor_num,isite,atom,x,y,z,front_index
0,0,7,Si1,0.0,0.0,0.0,
1,1,32,O1,-0.7535897529006844,1.3167358318323505,-0.5306149183306459,0.0
2,1,51,O1,-0.7542006527057572,-1.313106024040875,-0.5452883040375801,0.0
3,1,59,O1,1.5131013830823805,1.5407439555097887e-33,-0.5518229453274738,0.0
4,1,55,O1,0.0,0.0,1.6111110528562085,0.0
5,2,0,Si1,-1.5672028205008495,2.379221653337736,-1.4246136434511252,1.0
6,2,22,Si1,-2.1683049973538946,-1.8523112875198129,-1.0970335707091028,2.0
7,2,19,Si1,2.268932110904373,-0.3056054195376274,-1.9408221683734945,3.0
8,2,11,Si1,-0.6339583312044953,-0.6945956735125969,2.917810807735219,4.0
