,neighbor_num,isite,atom,x,y,z,front_index
0,0,16,Si1,0.0,0.0,0.0,
1,1,82,O1,-0.7804567754762242,1.3076301375707018,-0.5297624541733457,0.0
2,1,78,O1,1.5179155862343707,0.0,-0.5328823827287774,0.0
3,1,66,O1,0.0,0.0,1.6099746514916726,0.0
4,1,56,O1,-0.764093481640876,-1.3135874953519164,-0.5335191154608666,0.0
5,2,19,Si1,-2.3391671909753473,1.720007447142832,-0.524823308207345,1.0
6,2,25,Si1,3.0317916177582513,-0.18760901463931007,-0.01604772090883566,2.0
7,2,8,Si1,-0.9015268394356458,-0.4311893919653116,2.8733450048017732,3.0
8,2,4,Si1,-0.3714345371750656,-2.7207313798887003,-1.2115673438468892,4.0
