,neighbor_num,isite,atom,x,y,z,front_index
0,0,6,Si1,0.0,0.0,0.0,
1,1,33,O1,1.5186774266166678,-1.232595164407831e-32,-0.5261766166869813,0.0
2,1,50,O1,-0.7544961371593678,-1.322477214707156,-0.5217230922878602,0.0
3,1,58,O1,-5.551115123125783e-17,4.0059342843254506e-32,1.6105851001386835,0.0
4,1,54,O1,-0.7541632551950546,1.312329656466707,-0.5520031538922645,0.0
5,2,1,Si1,2.9972603023028013,-0.4405072970501698,-0.9842399934928903,1.0
6,2,23,Si1,-0.7223207044417518,-2.4606438410716254,-1.6611956567535973,2.0
7,2,18,Si1,0.25619233606141145,-1.059149695690423,2.796570349733056,3.0
8,2,10,Si1,-1.8598388802964232,1.8422865566227733,-1.5952948967909357,4.0
