,neighbor_num,isite,atom,x,y,z,front_index
0,0,9,Si1,0.0,0.0,0.0,
1,1,61,O1,1.1102230246251565e-16,0.0,1.6103962226063062,0.0
2,1,53,O1,1.5193589694927554,0.0,-0.5323334355352722,0.0
3,1,63,O1,-0.7768215057680882,-1.3011363668248004,-0.5443091867878938,0.0
4,1,67,O1,-0.7469633263585158,1.3238873253069434,-0.533055083979296,0.0
5,2,10,Si1,0.4656149035958083,0.873515421020023,2.88065193094787,1.0
6,2,5,Si1,2.5073335690456404,0.575816916478166,-1.6672430768597812,2.0
7,2,13,Si1,-1.072251383354133,-2.3882822082521145,-1.6924140717715703,3.0
8,2,17,Si1,-2.06481891405925,2.2155334700079505,-0.28761222394224806,4.0
