,neighbor_num,isite,atom,x,y,z,front_index
0,0,9,Si1,0.0,0.0,0.0,
1,1,61,O1,1.1102230246251565e-16,0.0,1.6103962226063064,0.0
2,1,53,O1,-0.7788559755456819,1.3045439998462571,-0.532333435535272,0.0
3,1,63,O1,1.5153902127497862,0.0,-0.544309186787894,0.0
4,1,67,O1,-0.753799753350082,-1.3200067397109405,-0.533055083979296,0.0
5,2,10,Si1,-0.9886973923845537,-0.047998911470005755,2.88065193094787,1.0
6,2,5,Si1,-1.7797178222087937,1.8576574552586278,-1.6672430768597812,2.0
7,2,13,Si1,2.6002733397798217,0.30363381529193817,-1.6924140717715705,3.0
8,2,17,Si1,-0.8438192493447814,-2.908613893079915,-0.28761222394224817,4.0
