,neighbor_num,isite,atom,x,y,z,front_index
0,0,21,Si1,0.0,0.0,0.0,
1,1,45,O1,-0.7583423940581046,1.3173534760938201,-0.530667661880764,0.0
2,1,85,O1,-0.7535087895922601,-1.3093629821507966,-0.5582993782985466,0.0
3,1,89,O1,5.551115123125783e-17,2.315577174616843e-16,1.608075903171867,0.0
4,1,48,O1,1.5221453547886714,-2.9118020676137943e-17,-0.5271904649978323,0.0
5,2,1,Si1,-2.1345186535008205,2.1519477938372935,-0.5446574870503667,1.0
6,2,27,Si1,-1.676741812351998,-2.559867834308112,-0.13832590663304933,2.0
7,2,25,Si1,-0.2030614151498874,0.022454193317113645,3.204179300769977,3.0
8,2,4,Si1,2.6032970476822386,-0.8700790462956202,-1.3423461921966793,4.0
