,neighbor_num,isite,atom,x,y,z,front_index
0,0,30,Si1,0.0,0.0,0.0,
1,1,71,O1,1.5205831593355192,-1.764876760787155e-17,-0.5345170415522965,0.0
2,1,77,O1,-0.7510140202208933,1.3182320974251804,-0.5385629223179463,0.0
3,1,42,O1,1.1102230246251565e-16,1.1687408426909744e-16,1.6115045639757628,0.0
4,1,94,O1,-0.7510863562512687,-1.3160131929382684,-0.5433511615464598,0.0
5,2,13,Si1,2.397066317652079,-0.15606764885889254,-1.8763302993948894,1.0
6,2,15,Si1,-0.34698533712540447,2.7821533230958595,-1.0795085258883301,2.0
7,2,2,Si1,0.4632949411995793,-1.0714733066110278,2.7220171306222953,3.0
8,2,26,Si1,-0.9968222478105324,-2.905640907084324,-0.5321061664887723,4.0
