,neighbor_num,isite,atom,x,y,z,front_index
0,0,30,Si1,0.0,0.0,0.0,
1,1,71,O1,-0.7555253733231502,1.3212111650947254,-0.5305318837342035,0.0
2,1,77,O1,-5.551115123125783e-17,5.551115123125783e-17,1.6099092963723103,0.0
3,1,42,O1,1.5186579040167323,-1.6653345369377348e-16,-0.5390965871550464,0.0
4,1,94,O1,-0.7701909835112074,-1.304053370563576,-0.5454379698261663,0.0
5,2,13,Si1,-2.210537313884644,2.0055180087210656,-0.6183217085699899,1.0
6,2,15,Si1,-0.15117020619456092,1.075717003198555,2.801088197941575,2.0
7,2,2,Si1,2.1770251001318544,-0.1278453891216214,-2.0040688058543688,3.0
8,2,26,Si1,-1.1809544460186587,-2.304458795585468,-1.7361903417957323,4.0
