,neighbor_num,isite,atom,x,y,z,front_index
0,0,25,Si1,0.0,0.0,0.0,
1,1,87,O1,0.0,1.232595164407831e-32,1.6101240025279682,0.0
2,1,93,O1,-0.7578038418873331,1.310031715854623,-0.5449578777954104,0.0
3,1,78,O1,1.516369577235269,7.86177534632639e-17,-0.5429172626563721,0.0
4,1,89,O1,-0.7571019963975074,-1.323077875708556,-0.5153112523571268,0.0
5,2,23,Si1,-0.41464681476837945,-0.8504394055188818,2.9134758066747777,1.0
6,2,29,Si1,-1.5127618808230219,2.7098469922167103,-0.29634678633329975,2.0
7,2,16,Si1,2.6855227393699383,-1.0048176081117521,-1.0027583173435899,3.0
8,2,21,Si1,-1.6791130347249128,-2.572027218541367,-0.9347505144701607,4.0
