,neighbor_num,isite,atom,x,y,z,front_index
0,0,2,Si1,0.0,0.0,0.0,
1,1,38,O1,-0.7782333938814927,-1.2976600059147032,-0.5475543393325799,0.0
2,1,46,O1,-2.7755575615628914e-17,-1.1102230246251565e-16,1.6095354881057193,0.0
3,1,42,O1,1.5237641260686643,5.551115123125783e-17,-0.5235248782122597,0.0
4,1,34,O1,-0.733113936905583,1.328013324523223,-0.5375877803681248,0.0
5,2,13,Si1,-1.6971108757675526,-2.0666795926969317,-1.6219951917495905,1.0
6,2,22,Si1,-0.8678856741801992,-0.23181002072093204,2.9456305842026955,2.0
7,2,30,Si1,2.662843688771032,1.1352717006081994,-0.6264951425931279,3.0
8,2,5,Si1,-1.6078551858581143,2.6716005100533295,-0.6509199484556816,4.0
