,neighbor_num,isite,atom,x,y,z,front_index
0,0,0,Si1,0.0,0.0,0.0,
1,1,44,O1,-0.769392619407977,-1.307509047878528,-0.5376426084194157,0.0
2,1,40,O1,-0.7747033788615498,1.3138335052160428,-0.519241354010868,0.0
3,1,32,O1,0.0,0.0,1.6093713260732474,0.0
4,1,36,O1,1.5181840830871385,0.0,-0.5333868557403814,0.0
5,2,20,Si1,-0.6933575335032977,-2.8973673476412687,-0.7798838399516257,1.0
6,2,28,Si1,-2.1329232996494913,2.0538337357689533,-0.06693032687230516,2.0
7,2,7,Si1,-0.11633439039983973,-0.42733946369878284,3.1543924425759045,3.0
8,2,15,Si1,3.084241254440871,0.3423368119366152,-0.3904864003205729,4.0
