,neighbor_num,isite,atom,x,y,z,front_index
0,0,26,Si1,0.0,0.0,0.0,
1,1,44,O1,-0.7590326241441413,-1.3118709245425484,-0.5464093348874711,0.0
2,1,86,O1,1.5186088520559664,3.1085973170692015e-34,-0.5292485824602731,0.0
3,1,69,O1,-1.1102230246251565e-16,-1.3096050656906314e-32,1.6083682287601444,0.0
4,1,92,O1,-0.7473358046753908,1.3181493895341108,-0.5482831477283163,0.0
5,2,4,Si1,-0.9229406883176043,-2.070687697041642,-1.9596345414506364,1.0
6,2,22,Si1,2.9750101529491126,-0.38401678556620245,-1.0959168179109056,2.0
7,2,28,Si1,0.5939747671565954,0.08645039809550369,3.1026232755310126,3.0
8,2,18,Si1,-0.7898340970996414,2.8617455801106075,-0.08730199008123121,4.0
