,neighbor_num,isite,atom,x,y,z,front_index
0,0,12,Si1,0.0,0.0,0.0,
1,1,37,O1,-0.764011142284593,1.3149119999656853,-0.5295009414165726,0.0
2,1,38,O1,1.5153616290948155,1.232595164407831e-32,-0.5410555593310088,0.0
3,1,34,O1,0.0,-1.5407439555097887e-32,1.6103036484308817,0.0
4,1,32,O1,-0.7464513597546562,-1.3187229987907738,-0.5438382295448964,0.0
5,2,10,Si1,-1.377390164714683,2.360648357735976,-1.5864068048524191,1.0
6,2,15,Si1,3.009507633714127,-0.08539779347497878,-1.127013167370998,2.0
7,2,9,Si1,0.29686448828068,-0.5208508932290479,3.1027627540365916,3.0
8,2,14,Si1,-0.5709304942153065,-2.6538151310485842,-1.4269228680705957,4.0
