,neighbor_num,isite,atom,x,y,z,front_index
0,0,23,Si1,0.0,0.0,0.0,
1,1,89,O1,-0.7507283780088012,-1.3070256255277304,-0.5640775611736466,0.0
2,1,83,O1,-3.3306690738754696e-16,5.551115123125783e-17,1.6073803505858424,0.0
3,1,87,O1,1.5178266647193963,5.551115123125783e-17,-0.5346856864689974,0.0
4,1,79,O1,-0.7497984384963913,1.3245586115010872,-0.5321851355677031,0.0
5,2,22,Si1,-0.8083171978867686,-2.913886529189286,-0.6331727307770492,1.0
6,2,19,Si1,-0.10264225834782825,-0.13522608026944793,3.2068390902567256,2.0
7,2,27,Si1,3.047616428331594,0.3467035284495391,-0.8893923669301185,3.0
8,2,9,Si1,-0.5249755316079071,2.917256580391424,-0.4401696539451064,4.0
