,neighbor_num,isite,atom,x,y,z,front_index
0,0,4,Si1,0.0,0.0,0.0,
1,1,56,O1,-0.7858195075109844,1.297186204201999,-0.5384126963554001,0.0
2,1,48,O1,1.517305384811161,0.0,-0.5305242319371649,0.0
3,1,44,O1,1.1102230246251565e-16,-3.0814879110195774e-33,1.612412550246535,0.0
4,1,52,O1,-0.7515100521485856,-1.3208784193310377,-0.5293386537115927,0.0
5,2,5,Si1,-1.303215120250678,2.1388779095809016,-1.808825791127161,1.0
6,2,0,Si1,3.0049811792987713,0.1559391081793503,-1.1217885644731682,2.0
7,2,26,Si1,0.507772498947491,-0.9802490651367386,2.7858595529009382,3.0
8,2,8,Si1,-1.23548887075963,-2.8229615147878806,-0.8388346377476044,4.0
