,neighbor_num,isite,atom,x,y,z,front_index
0,0,12,Si1,0.0,0.0,0.0,
1,1,37,O1,-0.7555720269350531,-1.3149119999656853,-0.541475008296136,0.0
2,1,38,O1,5.551115123125783e-17,5.551115123125783e-17,1.609056240538498,0.0
3,1,34,O1,1.5165364009942213,-1.1102230246251565e-16,-0.5414750082961374,0.0
4,1,32,O1,-0.7631698709559563,1.3187229987907738,-0.5201167181115901,0.0
5,2,10,Si1,-1.9571874039288117,-2.360648357735976,-0.7637458230571226,1.0
6,2,15,Si1,-0.04942131371484715,0.08539779347497889,3.21323083679992,2.0
7,2,9,Si1,3.021912895832981,0.5208508932290477,-0.7637458230571252,3.0
8,2,14,Si1,-1.535812868176605,2.6538151310485842,-0.05787343596934014,4.0
