,neighbor_num,isite,atom,x,y,z,front_index
0,0,13,Si1,0.0,0.0,0.0,
1,1,33,O1,-0.7464513579220596,1.3187230142193127,-0.543838224089273,0.0
2,1,35,O1,-0.7640111456707648,-1.3149119809137575,-0.5295009598155226,0.0
3,1,39,O1,1.5153616377210133,0.0,-0.5410555621544262,0.0
4,1,36,O1,0.0,6.162975822039155e-33,1.6103036405303368,0.0
5,2,15,Si1,-0.5709304766497287,2.6538151555492933,-1.4269228578652673,1.0
6,2,8,Si1,-1.3773901662470347,-2.360648335958734,-1.5864068287426885,2.0
7,2,14,Si1,3.0095076381302457,0.08539779811466652,-1.1270131702715487,3.0
8,2,11,Si1,0.29686449416878724,0.5208508732558814,3.1027627531525366,4.0
