,neighbor_num,isite,atom,x,y,z,front_index
0,0,28,Si1,0.0,0.0,0.0,
1,1,66,O1,-0.7578423195427443,1.3125804999999984,-0.5439533894366587,0.0
2,1,70,O1,1.5227754706304815,0.0,-0.5198238656141148,0.0
3,1,64,O1,0.0,0.0,1.6099627324673798,0.0
4,1,69,O1,-0.757842319542744,-1.3125805,-0.5439533894366582,0.0
5,2,25,Si1,-1.0661540059124772,2.876389999999998,-0.7591094050221976,1.0
6,2,31,Si1,3.0728066723157523,2.2105102639839896e-16,-0.9446940322206955,2.0
7,2,30,Si1,0.9357938678785765,-3.411336465748527e-17,2.920461451084571,3.0
8,2,26,Si1,-1.066154005912477,-2.8763899999999993,-0.7591094050221967,4.0
