,neighbor_num,isite,atom,x,y,z,front_index
0,0,12,Si1,0.0,0.0,0.0,
1,1,37,O1,1.5156492174214242,0.0,-0.5439533894366587,0.0
2,1,38,O1,-0.7614055294197553,1.3187519682347042,-0.5198238656141151,0.0
3,1,34,O1,-0.7577891866327351,-1.3126111758219472,-0.5439533894366593,0.0
4,1,32,O1,0.0,0.0,1.6099627324673806,0.0
5,2,10,Si1,3.024096866571383,0.5149193509826164,-0.7591094050221968,1.0
6,2,15,Si1,-1.536439242858592,2.661107908077448,-0.9446940322206963,2.0
7,2,9,Si1,-1.9579179439772592,-2.3615378720391256,-0.759109405022198,3.0
8,2,14,Si1,-0.4679078689813946,0.8104149488406774,2.9204614510845737,4.0
