,neighbor_num,isite,atom,x,y,z,front_index
0,0,25,Si1,0.0,0.0,0.0,
1,1,47,O1,-0.7668555995886449,-1.3073134041058414,-0.5464093348874713,0.0
2,1,91,O1,1.5152651972770192,-5.551115123125783e-17,-0.5482831477283159,0.0
3,1,66,O1,-1.1102230246251565e-16,0.0,1.6083682287601444,0.0
4,1,85,O1,-0.7489849106795889,1.3210580793882722,-0.5292485824602737,0.0
5,2,7,Si1,-1.3461202075156211,-1.8241511559489514,-1.9596345414506366,1.0
6,2,17,Si1,2.879020449872588,0.7243389506572487,-0.08730199008123007,2.0
7,2,28,Si1,-0.2177467493401195,0.5593443022874337,3.1026232755310095,3.0
8,2,21,Si1,-1.8013500890416183,2.398602125917647,-1.095916817910905,4.0
