,neighbor_num,isite,atom,x,y,z,front_index
0,0,26,Si1,0.0,0.0,0.0,
1,1,44,O1,-0.7657668292495136,1.3118709245425486,-0.5369309536508919,0.0
2,1,86,O1,-5.551115123125783e-17,0.0,1.6081905694223397,0.0
3,1,69,O1,1.5187766151607693,5.551115123125783e-17,-0.5293070493823419,0.0
4,1,92,O1,-0.7636868914489034,-1.318149389534111,-0.5252690233221406,0.0
5,2,4,Si1,-2.1542119934660326,2.0706876970416426,-0.2266224556519538,1.0
6,2,22,Si1,-0.05580748715340844,0.38401678556620256,3.169953407592593,2.0
7,2,28,Si1,3.12527107788999,-0.08645039809550359,-0.46017160232880416,3.0
8,2,18,Si1,-0.34236996639397543,-2.861745580110608,-0.717106926841972,4.0
