,neighbor_num,isite,atom,x,y,z,front_index
0,0,5,Si1,0.0,0.0,0.0,
1,1,53,O1,-0.7587235761207566,-1.317664931150573,-0.530532544331636,0.0
2,1,65,O1,1.5153058660738141,3.0226378642962526e-17,-0.541476242910242,0.0
3,1,29,O1,-0.7622237660080837,1.3097227554636155,-0.5375488514846694,0.0
4,1,41,O1,-1.1102230246251565e-16,-1.0166813547548794e-17,1.6084583556855738,0.0
5,2,18,Si1,-0.8684957639931403,-2.4905659013690524,-1.6285400566787849,1.0
6,2,19,Si1,3.0647414683356358,0.34812603295880756,-0.2818496306347257,2.0
7,2,14,Si1,-1.5235742158997303,2.6204695791486623,-1.0738377568599249,3.0
8,2,22,Si1,0.6240481156385145,0.2987365118934482,3.0605116345362515,4.0
