,neighbor_num,isite,atom,x,y,z,front_index
0,0,1,Si1,0.0,0.0,0.0,
1,1,49,O1,1.5184784831111053,-9.750355738222786e-18,-0.5362743848292436,0.0
2,1,37,O1,-0.7518807043676518,1.3163021680616025,-0.5377381137158068,0.0
3,1,25,O1,0.0,8.226912418539641e-17,1.6078922642365268,0.0
4,1,61,O1,-0.757713498600059,-1.3139709072585286,-0.5373072731424755,0.0
5,2,22,Si1,2.7853490720630703,-0.8371474390099322,-1.072548767539888,1.0
6,2,20,Si1,-2.0202295105239916,2.146391670736006,-1.0756795544491404,2.0
7,2,16,Si1,-0.0017655895454626869,0.0005306628913152568,3.2157834715270326,3.0
8,2,23,Si1,-2.1146138822904406,-1.9914692924406294,-1.0750485526355846,4.0
