,neighbor_num,isite,atom,x,y,z,front_index
0,0,21,Si1,0.0,0.0,0.0,
1,1,39,O1,-0.7622111865219832,1.3089026403333588,-0.5412451082863023,0.0
2,1,30,O1,1.5156080776930112,6.07155522867518e-34,-0.5368888974554545,0.0
3,1,50,O1,-0.7587839554306378,-1.3154343544771385,-0.5359538080682551,0.0
4,1,60,O1,0.0,-1.5606774480872328e-33,1.609145235643416,0.0
5,2,3,Si1,-1.2978231612098499,2.8223255699572904,-0.4422040690614841,1.0
6,2,6,Si1,3.0313561691622533,0.0017945811009107966,-1.0733793783265138,2.0
7,2,2,Si1,-1.2334455662843689,-2.831102511938816,-0.26984573231898507,3.0
8,2,0,Si1,-0.08456801542370229,0.8370167660536147,2.9808593393451286,4.0
