,neighbor_num,isite,atom,x,y,z,front_index
0,0,15,Si1,0.0,0.0,0.0,
1,1,24,O1,-0.7572931726034402,-1.3128499146541364,-0.5368888951138259,0.0
2,1,66,O1,1.6653345369377348e-16,0.0,1.609145238374011,0.0
3,1,56,O1,1.5185916642090813,-5.551115123125783e-17,-0.5359538177294405,0.0
4,1,45,O1,-0.7529488711403155,1.314252642196939,-0.5412451096482449,0.0
5,2,0,Si1,-1.5162108035020327,-2.62492442712039,-1.0733793765050712,1.0
6,2,6,Si1,-0.682785095501905,0.49148074921203266,2.9808593397480334,2.0
7,2,8,Si1,3.0686644324411736,-0.34616184650563464,-0.2698457406169774,3.0
8,2,9,Si1,-1.7962805196914688,2.534411740860536,-0.4422040724227013,4.0
