,neighbor_num,isite,atom,x,y,z,front_index
0,0,18,Si1,0.0,0.0,0.0,
1,1,53,O1,1.5184784802930127,3.467728631694027e-17,-0.5362743898672925,0.0
2,1,63,O1,-0.7577135026428183,-1.3139709012214795,-0.5373072752623682,0.0
3,1,33,O1,0.0,-2.6553927392360457e-16,1.6078922642326627,0.0
4,1,36,O1,-0.7518807106767946,1.3163021718489416,-0.5377381065841048,0.0
5,2,5,Si1,2.785349065599262,-0.8371474273978132,-1.0725487797345843,1.0
6,2,3,Si1,-2.1146138839953466,-1.9914692937460368,-1.0750485526381688,2.0
7,2,9,Si1,-0.0017655788765982283,0.0005306515555500118,3.2157834715347597,3.0
8,2,0,Si1,-2.0202295236254435,2.146391673949543,-1.0756795401857355,4.0
