,neighbor_num,isite,atom,x,y,z,front_index
0,0,14,Si1,0.0,0.0,0.0,
1,1,57,O1,-0.754903809219164,-1.3176649311505735,-0.5359538080682551,0.0
2,1,43,O1,1.5146590424022452,0.0,-0.5412451082863036,0.0
3,1,70,O1,-1.1102230246251565e-16,1.232595164407831e-32,1.6091452356434157,0.0
4,1,29,O1,-0.7626887628574981,1.309722755463616,-0.5368888974554544,0.0
5,2,9,Si1,-1.8258178685264856,-2.4905659013690524,-0.2698457323189848,1.0
6,2,7,Si1,3.0920257238692583,0.2987365118934485,-0.44220406906148557,2.0
7,2,10,Si1,0.765870146345918,0.3481260329588087,2.9808593393451295,3.0
8,2,5,Si1,-1.523897184719436,2.6204695791486623,-1.0733793783265133,4.0
