,neighbor_num,isite,atom,x,y,z,front_index
0,0,20,Si1,0.0,0.0,0.0,
1,1,64,O1,-0.7621894251363226,-1.309663754641508,-0.5414762396463999,0.0
2,1,37,O1,1.1102230246251565e-16,0.0,1.6084583611856436,0.0
3,1,35,O1,1.5153741352553063,-1.232595164407831e-32,-0.5375488476175282,0.0
4,1,51,O1,-0.7572114212922338,1.3185344906688339,-0.5305325436546362,0.0
5,2,4,Si1,-1.2406640383934533,-2.8239307242444847,-0.2818496282391857,1.0
6,2,1,Si1,-0.055697334470707016,-0.6896211673333199,3.060511639369812,2.0
7,2,11,Si1,3.031194088448478,-0.0012698973203645325,-1.0738377531879746,3.0
8,2,3,Si1,-1.7157233067028614,2.003371387265805,-1.6285400565510257,4.0
