,neighbor_num,isite,atom,x,y,z,front_index
0,0,0,Si1,0.0,0.0,0.0,
1,1,60,O1,1.5153058680392448,3.1955109046612315e-17,-0.5414762455247527,0.0
2,1,24,O1,-0.7622237643334926,1.3097227565451124,-0.5375488512208452,0.0
3,1,36,O1,-1.1102230246251565e-16,-1.0748281812791421e-17,1.6084583546959643,0.0
4,1,48,O1,-0.7587235857394211,-1.317664935314863,-0.5305325400279047,0.0
5,2,21,Si1,3.064741468141769,0.34812603119488394,-0.28184963492149206,1.0
6,2,15,Si1,-1.523574216012463,2.6204695788123775,-1.0738377575206062,2.0
7,2,18,Si1,0.6240481157090936,0.29873651273186086,3.0605116344400223,3.0
8,2,23,Si1,-0.8684957736689041,-2.4905659062648025,-1.6285400530246281,4.0
