,neighbor_num,isite,atom,x,y,z,front_index
0,0,3,Si1,0.0,0.0,0.0,
1,1,63,O1,-0.765134067058324,1.309663754975598,-0.5373072738310518,0.0
2,1,39,O1,1.5159076515928829,-1.1102230246251565e-16,-0.5377381059897097,0.0
3,1,51,O1,-0.7531558183919831,-1.3185344885886325,-0.5362743919072915,0.0
4,1,27,O1,0.0,0.0,1.6078922642315616,0.0
5,2,18,Si1,-0.6804095022884852,2.8239307255968136,-1.0750485491708908,1.0
6,2,21,Si1,2.8657891039713173,0.6896211728643837,-1.07567953815178,2.0
7,2,20,Si1,-2.108432659372097,-2.003371389632465,-1.0725487832099379,3.0
8,2,12,Si1,0.0013364934091943947,0.001269894109791947,3.215783471536961,4.0
