,neighbor_num,isite,atom,x,y,z,front_index
0,0,4,Si1,0.0,0.0,0.0,
1,1,28,O1,-5.551115123125783e-17,0.0,1.6078922642315616,0.0
2,1,52,O1,-0.7531558229510281,-1.3185344906688337,-0.5362743913026455,0.0
3,1,64,O1,-0.7651340596204136,1.3096637546415075,-0.5373072758673815,0.0
4,1,40,O1,1.5159076589878007,1.6653345369377348e-16,-0.537738104554746,0.0
5,2,13,Si1,0.0013364903586017274,0.0012698973203646435,3.2157834715369624,1.0
6,2,19,Si1,-2.1084326616208298,-2.0033713872658057,-1.072548783209939,2.0
7,2,20,Si1,-0.6804094932982002,2.8239307242444833,-1.0750485526389038,3.0
8,2,23,Si1,2.8657891100626154,0.6896211673333195,-1.0756795361220544,4.0
