,neighbor_num,isite,atom,x,y,z,front_index
0,0,4,Si1,0.0,0.0,0.0,
1,1,28,O1,-1.0842021724855044e-19,1.0842021724855044e-19,1.6078922642315618,0.0
2,1,52,O1,1.518478480824921,-1.191267137018448e-16,-0.5362743913026453,0.0
3,1,64,O1,-0.7577135098466097,-1.3139708963325016,-0.5373072758673816,0.0
4,1,40,O1,-0.7518807114095423,1.31630217898025,-0.537738104554746,0.0
5,2,13,Si1,-0.0017655758354579432,0.0005306483319029433,3.215783471536962,1.0
6,2,19,Si1,2.785349059297305,-0.8371474313264248,-1.0725487832099385,2.0
7,2,20,Si1,-2.1146138900583447,-1.9914692841905952,-1.0750485526389038,3.0
8,2,23,Si1,-2.02022951853164,2.14639168611907,-1.0756795361220544,4.0
