,neighbor_num,isite,atom,x,y,z,front_index
0,0,10,Si1,0.0,0.0,0.0,
1,1,34,O1,5.551115123125783e-17,0.0,1.607892264231562,0.0
2,1,46,O1,-0.7518807052044482,-1.316302174008352,-0.5377381059897096,0.0
3,1,58,O1,1.5184784767573705,0.0,-0.5362743919072924,0.0
4,1,70,O1,-0.7577135089803202,1.3139709014961953,-0.5373072738310508,0.0
5,2,19,Si1,-0.0017655745596859562,-0.0005306525766387571,3.2157834715369624,1.0
6,2,17,Si1,-2.0202295161758466,-2.146391681980594,-1.0756795381517787,2.0
7,2,13,Si1,2.7853490586233223,0.8371474335688932,-1.0725487832099379,3.0
8,2,14,Si1,-2.1146138906121754,1.9914692885917784,-1.0750485491708885,4.0
