,neighbor_num,isite,atom,x,y,z,front_index
0,0,14,Si1,0.0,0.0,0.0,
1,1,57,O1,-0.7587235761207561,1.3176649311505735,-0.5305325443316361,0.0
2,1,43,O1,2.7755575615628914e-17,1.6653345369377348e-16,1.6084583556855736,0.0
3,1,70,O1,1.5153058660738143,0.0,-0.5414762429102419,0.0
4,1,29,O1,-0.7622237660080846,-1.309722755463616,-0.5375488514846691,0.0
5,2,9,Si1,-0.8684957639931401,2.4905659013690524,-1.6285400566787855,1.0
6,2,7,Si1,0.6240481156385151,-0.2987365118934482,3.0605116345362524,2.0
7,2,10,Si1,3.0647414683356358,-0.3481260329588086,-0.2818496306347261,3.0
8,2,5,Si1,-1.523574215899731,-2.6204695791486623,-1.0738377568599247,4.0
