,neighbor_num,isite,atom,x,y,z,front_index
0,0,2,Si1,0.0,0.0,0.0,
1,1,18,O1,-3.0814879110195774e-33,-6.162975822039155e-33,1.6100114374573389,0.0
2,1,26,O1,-0.7782464884546616,1.3087748360657514,-0.5257028458568801,0.0
3,1,29,O1,-0.7437416666963269,-1.328027474403464,-0.5169783527347404,0.0
4,1,22,O1,1.5221178934922734,-1.2681296728096137e-16,-0.5249128013879055,0.0
5,2,15,Si1,0.3938394828693043,0.44528738413887187,3.1044733602304153,1.0
6,2,9,Si1,-1.4245022584832048,2.6675987505863086,0.046186329548589006,2.0
7,2,3,Si1,-1.5945263897423607,-2.310812664869814,-1.462691793915026,3.0
8,2,5,Si1,2.9816373631400523,0.6474890349932556,-0.31992552987560197,4.0
