,neighbor_num,isite,atom,x,y,z,front_index
0,0,12,Si1,0.0,0.0,0.0,
1,1,17,O1,-1.1102230246251565e-16,5.551115123125783e-17,1.6083553262376218,0.0
2,1,44,O1,1.523662907334893,-2.220446049250313e-16,-0.5194758476648127,0.0
3,1,41,O1,-0.7849923119774969,-1.2962192139622926,-0.5421731417494414,0.0
4,1,46,O1,-0.746806863134402,1.318304840486109,-0.5468340185919807,0.0
5,2,1,Si1,-0.5937730991067692,0.03939618487221863,3.104356082107042,1.0
6,2,10,Si1,2.6108826199311355,0.8082555587346397,-1.3900562376026857,2.0
7,2,7,Si1,-2.1068426096720003,-2.1925752762242636,-0.33243936938012936,3.0
8,2,13,Si1,-2.1526392555701186,2.1016763257512894,-0.4787164402293078,4.0
