,neighbor_num,isite,atom,x,y,z,front_index
0,0,0,Si1,0.0,0.0,0.0,
1,1,28,O1,1.5160199756667407,0.0,-0.5345640187352801,0.0
2,1,24,O1,-0.7844046404788653,-1.2888572938095777,-0.5643393219981913,0.0
3,1,16,O1,-0.7341114284571499,1.333307631818632,-0.5248885438935873,0.0
4,1,20,O1,1.1102230246251565e-16,6.162975822039155e-33,1.610085814716175,0.0
5,2,1,Si1,2.94192975436363,-0.5521376616222976,-1.030548488282865,1.0
6,2,11,Si1,-2.1338720183703814,-1.6552042612252371,-1.3617312428163328,2.0
7,2,13,Si1,-1.8675347085055785,2.4686302584033935,-0.6397843362747381,3.0
8,2,7,Si1,-0.8901646950824011,0.2742829684706478,2.923034626755425,4.0
