,neighbor_num,isite,atom,x,y,z,front_index
0,0,1,Si1,0.0,0.0,0.0,
1,1,25,O1,-1.1102230246251565e-16,1.5407439555097887e-33,1.6108763610075627,0.0
2,1,28,O1,-0.7768046210807682,-1.2950343761005854,-0.5509408623281499,0.0
3,1,17,O1,-0.7569290262508761,1.320275908212055,-0.5254205835147254,0.0
4,1,21,O1,1.5080483956415158,0.0,-0.5640623787785356,0.0
5,2,10,Si1,-0.39144042887411334,0.9622993998243433,2.8404536938921576,1.0
6,2,0,Si1,-1.3358276094814197,-2.8001446262808645,-0.6297551376141746,2.0
7,2,12,Si1,-0.9978702707645575,2.8787267303028683,-0.8416249592807661,3.0
8,2,6,Si1,2.817836300807569,0.9030051498220572,-0.8100222476089144,4.0
