,neighbor_num,isite,atom,x,y,z,front_index
0,0,22,Si1,0.0,0.0,0.0,
1,1,69,O1,-0.7602430569493821,-1.3050893935356687,-0.5489189614875483,0.0
2,1,70,O1,2.7755575615628914e-17,0.0,1.6069998610711107,0.0
3,1,48,O1,-0.753768222048869,1.3292189944720396,-0.5093939660406089,0.0
4,1,49,O1,1.5280672982025292,-5.551115123125783e-17,-0.5093939660406093,0.0
5,2,21,Si1,-1.5236017484194992,-2.6155273154531167,-1.0804975709117008,1.0
6,2,20,Si1,7.216449660063518e-16,1.3322676295501878e-15,3.2139997221422214,2.0
7,2,12,Si1,-1.7820034114686119,2.215507835130631,0.3612230590309685,3.0
8,2,13,Si1,2.8062328439651214,-0.4572399276773822,0.3612230590309685,4.0
