,neighbor_num,isite,atom,x,y,z,front_index
0,0,0,Si1,0.0,0.0,0.0,
1,1,36,O1,1.5153040144118723,1.1102230246251565e-16,-0.5376858810615198,0.0
2,1,32,O1,-0.760630739104257,-1.3100232414950423,-0.5412384692978988,0.0
3,1,24,O1,-0.7552642711342319,1.3197303771296653,-0.537249598055464,0.0
4,1,64,O1,5.551115123125783e-17,-5.551115123125783e-17,1.6069397742019953,0.0
5,2,7,Si1,3.0291323002316566,0.011210016803073208,-1.079396707389412,1.0
6,2,5,Si1,-1.5349434034507516,-2.5954876139031247,-1.1206177408269433,2.0
7,2,10,Si1,-1.7839513766274582,1.3707771176694465,-1.775663482726817,3.0
8,2,16,Si1,3.3306690738754696e-16,0.0,3.21387954840399,4.0
