,neighbor_num,isite,atom,x,y,z,front_index
0,0,21,Si1,0.0,0.0,0.0,
1,1,69,O1,0.0,0.0,1.6070282688987176,0.0
2,1,71,O1,1.51034670848751,0.0,-0.548909258114231,0.0
3,1,54,O1,-0.741477747330765,1.3203784,-0.5488929872946957,0.0
4,1,55,O1,-0.741477747330765,-1.3203783999999992,-0.5488929872946957,0.0
5,2,22,Si1,0.018411697886980383,0.0,3.2139510630679116,1.0
6,2,23,Si1,3.02069341697502,0.0,-1.0978185162284597,2.0
7,2,18,Si1,-0.008025965150519121,2.6549714,-1.079609037314961,3.0
8,2,19,Si1,-0.008025965150519121,-2.654971399999999,-1.079609037314961,4.0
