,neighbor_num,isite,atom,x,y,z,front_index
0,0,14,Si1,0.0,0.0,0.0,
1,1,66,O1,0.0,0.0,1.606939774201996,0.0
2,1,62,O1,-0.7526520411995189,1.3151658302172144,-0.5376858810615207,0.0
3,1,50,O1,1.520563181051919,-1.1102230246251565e-16,-0.5372495980554644,0.0
4,1,58,O1,-0.7591925545483758,-1.3108572308401019,-0.5412384692978978,0.0
5,2,6,Si1,0.0,0.0,3.213879548403992,1.0
6,2,17,Si1,-1.4948416662489623,2.6346188623080726,-1.079396707389414,2.0
7,2,23,Si1,2.0758170249042003,-0.8674653304974428,-1.7756634827268165,3.0
8,2,19,Si1,-1.4902741069427758,-2.621390907876471,-1.120617740826943,4.0
